material_id,position_id,rack,bay,level,needs_rt,zwm92_picks
03811061N0,B-05-02-L6,B,5,6,1,21
03812736N0,H-04-02-L2,H,4,2,0,84
03814388N0-N,F-11-03-L6,F,11,6,1,6
03814399N0-N,G-09-01-L6,G,9,6,1,9
03814402N0-N,C-09-03-L3,C,9,3,1,30
03815808N0-N,D-05-01-L7,D,5,7,1,4
03815811N0-N,C-06-01-L4,C,6,4,1,6
03815813N0-N,C-06-02-L4,C,6,4,1,4
03816489N0,U-02-01-L6,U,2,6,1,6
03816490N0-N,U-06-01-L3,U,6,3,1,11
03816491N0-N,E-08-01-L4,E,8,4,1,12
03816492N0-N,E-08-02-L4,E,8,4,1,6
03816493N0-N,G-05-01-L7,G,5,7,1,24
03816494N0-N,E-06-03-L3,E,6,3,1,17
03816495N0-N,E-08-03-L4,E,8,4,1,23
03816496N0,C-05-02-L5,C,5,5,1,0
03816496N0-N,F-07-03-L4,F,7,4,1,16
03817244N0,E-07-01-L4,E,7,4,1,3
1022025N,H-07-02-L5,H,7,5,1,0
11845604,J-05-01-L5,J,5,5,1,0
11845606Z,J-08-01-L5,J,8,5,1,0
1277066SNRYC,C-06-02-L6,C,6,6,1,27
1277504,C-01-03-L5,C,1,5,1,13
1350150120,U-09-01-L5,U,9,5,1,0
17422411Z,U-05-02-L5,U,5,5,1,0
17426018,H-02-03-L5,H,2,5,1,0
17426022,J-01-02-L5,J,1,5,1,0
1781757,J-03-01-L5,J,3,5,1,0
1946501,J-01-03-L3,J,1,3,1,48
1949754,I-09-01-L2,I,9,2,0,160
1949764,D-04-03-L2,D,4,2,0,160
1949765,I-09-02-L2,I,9,2,0,160
1949771,J-09-02-L0,J,9,0,0,25
1949773,J-09-03-L0,J,9,0,0,25
1949775,J-09-01-L1,J,9,1,0,25
1949777,F-04-03-L5,F,4,5,1,32
1949779SN,J-03-03-L0,J,3,0,0,72
1949785SN,C-07-03-L3,C,7,3,1,26
1949801,G-05-02-L7,G,5,7,1,16
1949869,G-07-02-L5,G,7,5,1,2
1949870,G-07-03-L5,G,7,5,1,2
1949871,E-05-01-L5,E,5,5,1,2
1MRK002136-B,C-06-03-L4,C,6,4,1,0
1MRK002136-E,D-08-01-L3,D,8,3,1,0
1SNA166875R2300,C-11-01-L3,C,11,3,1,2
21167100,J-03-03-L5,J,3,5,1,0
21186059,J-05-03-L3,J,5,3,1,0
21213320,J-05-01-L3,J,5,3,1,0
21231324,D-05-01-L0,D,5,0,0,0
21285212,B-05-01-L0,B,5,0,0,0
21431228Z,F-02-02-L3,F,2,3,1,0
21528185,J-05-02-L3,J,5,3,1,0
21528195,J-04-01-L3,J,4,3,1,0
23STFILM,A-09-03-L0,A,9,0,0,0
25222143,J-18-02-L5,J,18,5,1,0
25222348,U-01-01-L5,U,1,5,1,0
25222770,J-06-02-L5,J,6,5,1,0
25262316,D-01-02-L0,D,1,0,0,0
25262336,I-04-01-L5,I,4,5,1,0
25266303,H-09-02-L5,H,9,5,1,0
25266304,H-09-03-L5,H,9,5,1,0
25266305,D-07-03-L1,D,7,1,0,0
25268014,E-10-02-L3,E,10,3,1,118
26326007,J-01-03-L5,J,1,5,1,14
26326007-120V,J-14-02-L7,J,14,7,1,0
3052076,B-10-03-L5,B,10,5,1,9
3052077,U-09-02-L5,U,9,5,1,90
3116725,A-04-03-L0,A,4,0,0,0
3401405F0,C-04-02-L1,C,4,1,0,522
3402403F0,C-06-03-L0,C,6,0,0,0
3403899F0,C-01-02-L1,C,1,1,0,0
3403900F0,C-01-03-L1,C,1,1,0,0
3403904F0,G-05-03-L7,G,5,7,1,16
3403910F0,C-11-01-L2,C,11,2,0,173
3403913F0,G-05-03-L2,G,5,2,0,351
3403914F0,J-07-03-L1,J,7,1,0,70
3403915F0,A-12-01-L0,A,12,0,0,60
3403917F0,G-11-02-L3,G,11,3,1,31
3403918F0,U-13-01-L3,U,13,3,1,18
3403925F0,E-03-01-L2,E,3,2,0,0
3403929F0,E-01-03-L5,E,1,5,1,51
3403933F0,C-06-02-L2,C,6,2,0,299
340393501,F-05-01-L1,F,5,1,0,0
3403939F0,C-04-02-L2,C,4,2,0,176
3403940F0,E-07-02-L4,E,7,4,1,5
3403941T0,F-02-02-L2,F,2,2,0,0
3403941T0AG,C-06-03-L6,C,6,6,1,12
3403941T0SN,G-12-01-L1,G,12,1,0,198
3403949F0,G-07-01-L2,G,7,2,0,136
3403950F0,E-11-01-L4,E,11,4,1,3
3403963F0,G-11-03-L3,G,11,3,1,13
3403966F0,C-01-02-L2,C,1,2,0,177
3403978F0,C-04-03-L1,C,4,1,0,502
3403979F0,C-04-01-L1,C,4,1,0,502
3403981F0,E-09-02-L0,E,9,0,0,1326
3403982F0,G-09-02-L2,G,9,2,0,171
3403984F0,C-05-01-L2,C,5,2,0,185
3403985F0,C-05-02-L2,C,5,2,0,185
3403986F0,F-07-01-L2,F,7,2,0,160
3403987F0,J-09-02-L1,J,9,1,0,25
3403988F0,A-07-01-L1,A,7,1,0,320
3403989F0,E-01-01-L7,E,1,7,1,48
3403991F0,J-15-01-L7,J,15,7,1,21
3403992F0,D-09-03-L0,D,9,0,0,6
3404000F0,F-03-02-L1,F,3,1,0,632
3404001F0,J-06-02-L1,J,6,1,0,76
3404004F0,G-11-01-L0,G,11,0,0,1642
3404005F0,H-03-01-L1,H,3,1,0,82
3404006F0,F-08-03-L0,F,8,0,0,2337
3404012F0,A-09-02-L1,A,9,1,0,299
3404013F0,H-05-03-L7,H,5,7,1,42
3404042F0,H-05-02-L2,H,5,2,0,43
3404043F0,H-07-02-L0,H,7,0,0,15
3404044F0,J-03-03-L2,J,3,2,0,136
3404045F0,B-10-01-L8,B,10,8,1,6
3404046F0,J-07-01-L2,J,7,2,0,39
3404047F0,D-07-01-L4,D,7,4,1,6
3404075F0,J-08-03-L7,J,8,7,1,38
3404076F0,F-11-02-L2,F,11,2,0,116
3404079F0,I-04-01-L2,I,4,2,0,314
3404080F0,B-02-01-L7,B,2,7,1,18
3404082F0,E-04-01-L2,E,4,2,0,196
3404083F0,B-02-03-L1,B,2,1,0,598
3404097F0,E-06-03-L1,E,6,1,0,407
3404098F0,G-05-01-L4,G,5,4,1,39
3404102F0SN,F-09-01-L1,F,9,1,0,324
3404106F0SN,D-05-02-L7,D,5,7,1,6
3404142F0,G-05-01-L8,G,5,8,1,17
3404143F0,G-05-02-L8,G,5,8,1,17
3404186FPR12,D-05-03-L7,D,5,7,1,8
3404190F0AG,J-11-01-L6,J,11,6,1,10
3404190F0SN,F-08-01-L7,F,8,7,1,4
3404190T0SN,I-08-01-L1,I,8,1,0,364
3404249F0,A-06-02-L0,A,6,0,0,1268
3404251F0,G-07-03-L1,G,7,1,0,451
3404258F0,A-04-01-L1,A,4,1,0,358
3404270FBR07,B-08-02-L2,B,8,2,0,202
3404270FPR12,C-12-01-L8,C,12,8,1,4
3404272F0,J-03-01-L4,J,3,4,1,90
3404273F0,E-05-02-L5,E,5,5,1,10
3404308F0,C-10-01-L2,C,10,2,0,179
3404312F0,D-02-01-L2,D,2,2,0,215
3404313FPR12,C-12-02-L8,C,12,8,1,4
3404314FBR14,E-04-01-L8,E,4,8,1,2
3404314FPR12,D-03-01-L8,D,3,8,1,4
3404315FBR14,D-03-02-L8,D,3,8,1,2
3404315FPR12,D-03-03-L8,D,3,8,1,4
3404316FPR12,F-06-01-L8,F,6,8,1,4
3404317FPR12,F-06-02-L8,F,6,8,1,2
3404318FPR12,G-07-01-L8,G,7,8,1,2
3404352F0,A-04-01-L3,A,4,3,1,15
3404354F0,D-06-01-L1,D,6,1,0,309
3404355F0,C-01-01-L3,C,1,3,1,89
3404356F0,F-04-03-L1,F,4,1,0,514
3404357F0,I-04-01-L4,I,4,4,1,54
3404438FPR12,F-08-02-L7,F,8,7,1,8
3404440FBR07,A-04-02-L1,A,4,1,0,348
3404440FPR12,F-08-03-L7,F,8,7,1,8
3404462F0,D-05-01-L1,D,5,1,0,398
3404463F0,D-05-02-L1,D,5,1,0,398
3404464F0,I-02-01-L1,I,2,1,0,788
3404467F0,A-03-03-L1,A,3,1,0,385
3404468F0,I-09-01-L1,I,9,1,0,411
3404470F0,D-05-03-L1,D,5,1,0,398
3404473F0,F-08-01-L1,F,8,1,0,398
3404474F0,E-06-02-L1,E,6,1,0,398
3404708F0,C-02-01-L1,C,2,1,0,451
3404709F0,C-03-03-L1,C,3,1,0,451
3404717FBR07,C-02-03-L2,C,2,2,0,172
3404717FBR14,G-07-02-L8,G,7,8,1,2
3404718FBR07,C-03-01-L2,C,3,2,0,170
3404718FBR14,G-07-03-L8,G,7,8,1,2
3404719F0,J-01-01-L1,J,1,1,0,80
3404720F0,J-01-02-L1,J,1,1,0,89
3404721F0,I-02-03-L7,I,2,7,1,78
3404722F0,E-05-03-L5,E,5,5,1,11
3404725F0,H-02-01-L0,H,2,0,0,53
3404726F0,J-01-03-L1,J,1,1,0,53
3404729F0,H-02-02-L0,H,2,0,0,53
3404730F0,J-05-02-L2,J,5,2,0,34
3404731F0,I-08-01-L2,I,8,2,0,106
3404732F0,H-02-01-L4,H,2,4,1,39
3404733F0,H-02-03-L0,H,2,0,0,39
3404734F0,J-01-01-L2,J,1,2,0,67
3404735F0,J-01-02-L2,J,1,2,0,67
3404752F0,J-09-03-L1,J,9,1,0,53
3404756F0,G-08-01-L4,G,8,4,1,19
3404790F0,I-10-02-L2,I,10,2,0,306
3404791F0,J-01-03-L2,J,1,2,0,89
3405054F0,G-05-03-L3,G,5,3,1,378
3405054T0,B-06-03-L2,B,6,2,0,118
3405064F0-K,D-03-02-L2,D,3,2,0,201
3405075F0,F-08-03-L2,F,8,2,0,214
3405103F0,C-12-02-L0,C,12,0,0,0
3405107F0,B-02-02-L0,B,2,0,0,0
3405190F0,B-02-02-L7,B,2,7,1,40
3405192F0,E-07-03-L4,E,7,4,1,46
3405193F0,H-06-01-L7,H,6,7,1,48
3405195F0,C-05-03-L5,C,5,5,1,27
3405205F0,D-02-02-L1,D,2,1,0,0
3405209F0,F-02-03-L4,F,2,4,1,0
3405210F0,A-02-02-L2,A,2,2,0,0
3405211F0,A-02-03-L2,A,2,2,0,0
3405212F0,F-02-01-L5,F,2,5,1,0
3405214F0,F-02-02-L5,F,2,5,1,0
3405216F0,F-02-03-L5,F,2,5,1,0
3405220F0,F-02-01-L7,F,2,7,1,0
3405243F0,E-06-01-L2,E,6,2,0,0
3405261F0,C-03-02-L2,C,3,2,0,0
3405264F0,J-02-01-L1,J,2,1,0,0
3405265F0,J-02-02-L1,J,2,1,0,0
3405266F0,J-02-03-L1,J,2,1,0,0
3405267F0,J-02-01-L2,J,2,2,0,0
3405269F0,J-02-02-L2,J,2,2,0,0
3405270F0,H-01-03-L2,H,1,2,0,0
3405271F0,J-01-01-L4,J,1,4,1,0
3405273F0-K,I-08-01-L3,I,8,3,1,32
3405294F0,H-08-03-L6,H,8,6,1,15
3405296F0,J-02-03-L2,J,2,2,0,0
3405309F0-K,H-04-03-L3,H,4,3,1,0
3405310F0,F-02-03-L3,F,2,3,1,84
3405310F0-K,C-07-01-L4,C,7,4,1,0
3405311F0,G-02-02-L3,G,2,3,1,12
3405338F0,D-03-01-L6,D,3,6,1,15
3405341F0,C-08-03-L0,C,8,0,0,0
3405355F0-K,U-13-02-L5,U,13,5,1,0
3405356F0,I-10-01-L7,I,10,7,1,12
3405364F0,E-06-02-L2,E,6,2,0,0
3405366F0,J-01-02-L4,J,1,4,1,0
3405374F0,F-04-03-L3,F,4,3,1,0
3405375F0,G-04-03-L3,G,4,3,1,108
3405376F0,E-05-01-L8,E,5,8,1,0
3405383F0,E-05-02-L8,E,5,8,1,0
3405384F0,E-05-03-L8,E,5,8,1,0
3405387F0,I-06-01-L3,I,6,3,1,12
3405387F0-K,U-14-01-L5,U,14,5,1,0
3405388F0-K,U-14-02-L5,U,14,5,1,0
3405389F0,U-02-02-L6,U,2,6,1,12
3405390F0,J-14-02-L6,J,14,6,1,12
3405392F0,C-12-02-L2,C,12,2,0,405
3405397F0,H-11-01-L4,H,11,4,1,48
3405398F0,H-06-02-L7,H,6,7,1,48
3405412F0,A-05-02-L2,A,5,2,0,0
3405434T0S07,H-02-01-L1,H,2,1,0,0
3405435F0,A-11-01-L2,A,11,2,0,0
3405444T0R14,C-01-01-L8,C,1,8,1,0
3405445F0,B-07-01-L5,B,7,5,1,0
3405453T0R14,D-07-02-L4,D,7,4,1,0
3405454F0,B-07-02-L5,B,7,5,1,0
3405472F0,B-02-02-L1,B,2,1,0,0
3405473F0,F-12-03-L2,F,12,2,0,0
3405474F0,A-08-02-L2,A,8,2,0,0
3405544F0,G-03-01-L3,G,3,3,1,0
3405544F0-K,E-01-03-L3,E,1,3,1,186
3405583F0,B-04-02-L3,B,4,3,1,0
3405583F0-K,J-06-01-L6,J,6,6,1,51
3405584F0,B-08-01-L3,B,8,3,1,0
3405584F0-K,J-06-02-L6,J,6,6,1,51
3405585F0-K,U-03-02-L5,U,3,5,1,102
3405610F0,B-05-01-L2,B,5,2,0,0
3405611F0,B-05-02-L2,B,5,2,0,0
3405612F0,J-01-03-L4,J,1,4,1,0
3405613F0,J-01-01-L7,J,1,7,1,0
3405618F0,G-02-03-L7,G,2,7,1,0
3405619F0,G-02-01-L8,G,2,8,1,0
3405636F0,A-09-03-L2,A,9,2,0,0
3405638F0,F-01-03-L4,F,1,4,1,0
3405639F0,F-01-01-L5,F,1,5,1,0
3405640F0,A-12-01-L1,A,12,1,0,0
3405641F0,F-10-03-L2,F,10,2,0,0
3405701F0,F-04-02-L1,F,4,1,0,0
3405718F0,E-01-01-L1,E,1,1,0,0
3405719F0,C-07-01-L2,C,7,2,0,0
3405720F0,J-01-02-L7,J,1,7,1,0
3405735F0,E-03-01-L1,E,3,1,0,1
3405736F0,A-11-02-L1,A,11,1,0,1
3405740F0,A-12-02-L1,A,12,1,0,0
3405743F0,A-09-01-L0,A,9,0,0,0
3405753F0,J-01-03-L7,J,1,7,1,0
3405772F0,F-01-02-L5,F,1,5,1,0
3405803F0,B-04-03-L1,B,4,1,0,0
3405811F0,J-10-02-L0,J,10,0,0,36
3405812F0,C-11-02-L2,C,11,2,0,30
3405813F0,F-02-02-L7,F,2,7,1,48
3405966F0,B-10-02-L8,B,10,8,1,14
3405966F0-H,C-07-02-L4,C,7,4,1,8
3405966F0-KH,E-10-03-L3,E,10,3,1,46
3405967F0,C-06-01-L5,C,6,5,1,7
3405967F0-H,H-11-02-L4,H,11,4,1,4
3405967F0-KH,C-07-03-L4,C,7,4,1,23
3405968F0,G-09-02-L6,G,9,6,1,0
3405968F0-G,G-09-03-L6,G,9,6,1,9
3405968F0-KH,H-11-03-L4,H,11,4,1,6
3405969F0-KH,D-06-01-L4,D,6,4,1,6
3406000F0,G-01-02-L1,G,1,1,0,0
3406001F0,G-01-03-L1,G,1,1,0,0
3406002F0,F-01-01-L1,F,1,1,0,0
3406003F0,F-01-03-L1,F,1,1,0,0
3406018F0,C-09-01-L1,C,9,1,0,0
3406036F0,J-04-01-L7,J,4,7,1,12
3406038F0,H-03-02-L0,H,3,0,0,17
3406039F0,J-05-02-L1,J,5,1,0,10
3406040F0,J-04-01-L1,J,4,1,0,0
3406041F0,J-04-02-L7,J,4,7,1,0
3406042F0,I-03-01-L4,I,3,4,1,1
3406043F0,J-04-02-L1,J,4,1,0,1
3406103F0,G-10-02-L1,G,10,1,0,0
3406104F0,G-09-01-L1,G,9,1,0,0
3406107F0,A-03-03-L0,A,3,0,0,0
3406107F0CD,C-12-02-L1,C,12,1,0,0
3406111F0,A-12-03-L1,A,12,1,0,0
3406210F0,C-05-01-L0,C,5,0,0,10
3406222F0,E-02-02-L3,E,2,3,1,0
3406399F0,D-07-03-L0,D,7,0,0,1538
3407354F0,D-10-02-L1,D,10,1,0,0
3407450T0,I-02-02-L5,I,2,5,1,0
3407699F0,D-09-01-L3,D,9,3,1,0
3407700F0,D-09-02-L3,D,9,3,1,0
3407819F0,J-11-01-L4,J,11,4,1,21
3407837F0,F-02-03-L7,F,2,7,1,62
3407838F0,F-02-01-L8,F,2,8,1,62
3407839F0,F-02-02-L8,F,2,8,1,62
3408476T0-1,A-11-02-L2,A,11,2,0,0
3408479T0-1,B-07-03-L5,B,7,5,1,0
3408547T0-1,I-02-03-L2,I,2,2,0,0
3408548T0-1,B-07-01-L8,B,7,8,1,0
3408863F0,A-03-02-L0,A,3,0,0,0
3408948F0,I-09-02-L1,I,9,1,0,0
3408949F0,G-07-02-L1,G,7,1,0,0
3408950F0,E-12-03-L2,E,12,2,0,0
3408953F0,G-07-03-L0,G,7,0,0,0
3408972F0,E-10-02-L0,E,10,0,0,0
3408986F0,I-01-03-L1,I,1,1,0,0
3409073F0,D-04-01-L8,D,4,8,1,4
3409117F0,I-02-01-L5,I,2,5,1,6
3409198F0,G-09-03-L1,G,9,1,0,420
3409199F0,C-07-02-L2,C,7,2,0,124
35190062,H-01-03-L3,H,1,3,1,0
35190063,J-03-03-L3,J,3,3,1,0
35190280,C-01-02-L7,C,1,7,1,0
35190321,H-10-02-L5,H,10,5,1,0
35190322,E-02-01-L3,E,2,3,1,0
35190365,J-10-01-L3,J,10,3,1,0
35190504,H-04-02-L5,H,4,5,1,0
35190523,A-10-02-L0,A,10,0,0,14
35190598,H-03-01-L3,H,3,3,1,0
35190599,C-12-01-L3,C,12,3,1,0
35190932,D-04-02-L8,D,4,8,1,0
35190939,H-04-01-L6,H,4,6,1,0
35190940,J-11-02-L6,J,11,6,1,0
35190964,D-09-03-L3,D,9,3,1,0
3630000,H-01-01-L3,H,1,3,1,0
3720088,F-01-02-L3,F,1,3,1,0
3727779,J-15-02-L7,J,15,7,1,3
3727786,U-07-02-L5,U,7,5,1,0
3727801,I-02-03-L0,I,2,0,0,0
3727810,I-02-02-L0,I,2,0,0,0
3727846,C-03-03-L0,C,3,0,0,0
3727869,E-02-03-L0,E,2,0,0,0
3727875,F-02-02-L0,F,2,0,0,0
3727876,C-04-03-L0,C,4,0,0,0
3727877,D-01-01-L0,D,1,0,0,0
3727881,C-04-01-L0,C,4,0,0,0
3727891,I-03-01-L0,I,3,0,0,0
3728010,G-03-01-L0,G,3,0,0,0
3729559,F-02-01-L0,F,2,0,0,0
3730092J,C-11-01-L1,C,11,1,0,42
3730092L,I-03-01-L1,I,3,1,0,21
3730092M,D-10-02-L0,D,10,0,0,0
3730092N,D-04-02-L0,D,4,0,0,1
3730092P,I-10-01-L0,I,10,0,0,0
3730161C,H-05-02-L5,H,5,5,1,0
3730353B,D-04-03-L8,D,4,8,1,2
3730404,J-02-01-L5,J,2,5,1,0
3730504,U-01-02-L5,U,1,5,1,0
3730555A,U-13-02-L3,U,13,3,1,2
3730555B,C-04-02-L0,C,4,0,0,0
3730712,H-01-01-L6,H,1,6,1,74
3735507,C-03-01-L0,C,3,0,0,0
3735524,J-09-02-L5,J,9,5,1,203
3735525,I-05-02-L5,I,5,5,1,0
3735528,C-03-02-L0,C,3,0,0,0
3735555,I-07-01-L5,I,7,5,1,0
3735555SN,F-07-01-L8,F,7,8,1,4
3735561SN,F-07-02-L8,F,7,8,1,4
3735578,I-08-01-L5,I,8,5,1,61
3735603,H-01-02-L6,H,1,6,1,81
3735762,C-01-03-L7,C,1,7,1,11
3735766,H-05-01-L5,H,5,5,1,0
3735853,C-08-01-L2,C,8,2,0,0
3736001,G-03-03-L2,G,3,2,0,0
3736002,I-05-01-L2,I,5,2,0,0
3736006,D-06-01-L0,D,6,0,0,0
3736344,J-10-02-L6,J,10,6,1,0
3736354,J-04-01-L6,J,4,6,1,36
3736450,J-06-01-L5,J,6,5,1,12
3736450SN,I-11-01-L7,I,11,7,1,3
3736502,F-07-03-L8,F,7,8,1,0
3736522,A-06-01-L6,A,6,6,1,0
3736525,F-03-03-L3,F,3,3,1,3
3736526,F-01-02-L6,F,1,6,1,0
3736825,H-08-02-L5,H,8,5,1,0
3816992N0,J-03-02-L4,J,3,4,1,0
3930818AG,A-06-02-L6,A,6,6,1,6
3931256S07,B-10-02-L4,B,10,4,1,7
3931273,C-08-01-L4,C,8,4,1,7
3931275,F-12-01-L3,F,12,3,1,14
3931467S07,I-11-02-L7,I,11,7,1,4
3931519,F-12-02-L3,F,12,3,1,14
3932230,H-09-01-L0,H,9,0,0,1
4690212,H-09-02-L0,H,9,0,0,43
4690416,H-09-03-L0,H,9,0,0,43
4690488,H-09-01-L1,H,9,1,0,43
4690492,H-09-02-L1,H,9,1,0,43
4690494,H-09-03-L1,H,9,1,0,43
4690516,H-09-01-L2,H,9,2,0,43
47078,G-11-01-L6,G,11,6,1,0
5009001,G-12-02-L1,G,12,1,0,0
51000029A,J-08-03-L5,J,8,5,1,0
51000029BCD,F-08-01-L2,F,8,2,0,1
51000029BCE,G-08-01-L8,G,8,8,1,2
51000107E,G-07-01-L6,G,7,6,1,0
51000107F,G-07-02-L6,G,7,6,1,0
51000426,U-12-02-L5,U,12,5,1,32
51000504,J-01-01-L6,J,1,6,1,72
51000505,J-01-02-L6,J,1,6,1,70
51000596,C-07-01-L6,C,7,6,1,9
51000602,H-09-02-L2,H,9,2,0,4
51000619,D-10-03-L1,D,10,1,0,0
51000623,E-08-02-L1,E,8,1,0,0
51000646,G-04-01-L6,G,4,6,1,16
51000683,D-02-02-L6,D,2,6,1,10
51000689,J-13-01-L6,J,13,6,1,10
51000691-21S07,J-04-01-L2,J,4,2,0,0
51000691-22S07,A-08-03-L2,A,8,2,0,0
51000691S07,J-07-02-L2,J,7,2,0,87
51000692,A-06-03-L6,A,6,6,1,0
51000703,G-03-02-L6,G,3,6,1,40
5100070301,H-09-03-L2,H,9,2,0,2
51000704,G-03-03-L6,G,3,6,1,40
51000736,J-13-02-L5,J,13,5,1,62
51000753,I-05-01-L6,I,5,6,1,42
51000782,G-08-02-L8,G,8,8,1,2
51000810,F-02-01-L3,F,2,3,1,0
51000821,G-08-03-L8,G,8,8,1,3
51000824,D-04-01-L5,D,4,5,1,1
51000861,J-07-02-L5,J,7,5,1,9
51000862,I-09-01-L5,I,9,5,1,0
51000862SN,I-10-02-L7,I,10,7,1,4
51000961,A-02-01-L8,A,2,8,1,2
5100096101,D-04-02-L5,D,4,5,1,2
51000975,H-07-03-L5,H,7,5,1,0
51000987SN,A-02-02-L8,A,2,8,1,4
51002502U33,A-04-02-L3,A,4,3,1,15
51004136U48,D-04-03-L5,D,4,5,1,0
51004137U41,E-11-02-L4,E,11,4,1,2
51004391U4,J-11-02-L3,J,11,3,1,5
51004391U8,B-05-01-L7,B,5,7,1,9
51004743UA,B-01-01-L6,B,1,6,1,0
51004743UE,B-01-02-L6,B,1,6,1,0
51006522M0,G-10-03-L1,G,10,1,0,32
51007512U13,E-11-03-L4,E,11,4,1,2
51108708M0,J-09-01-L5,J,9,5,1,543
51164028F0,E-05-01-L1,E,5,1,0,463
51164031F0,J-07-03-L2,J,7,2,0,0
51164072F0,H-08-01-L5,H,8,5,1,0
51164089F0,I-05-02-L7,I,5,7,1,30
51164090F0,I-10-03-L1,I,10,1,0,439
51164098F0,B-01-03-L1,B,1,1,0,509
51164108F0,J-07-01-L4,J,7,4,1,69
51164109F0,D-03-01-L1,D,3,1,0,440
51164181F0,G-02-01-L2,G,2,2,0,287
51164195F0,E-01-02-L7,E,1,7,1,45
51164196F0,G-05-02-L4,G,5,4,1,18
51164272F0,E-10-01-L2,E,10,2,0,0
51164273F0,E-10-02-L2,E,10,2,0,0
51164286F0,G-04-03-L1,G,4,1,0,0
51164287F0,J-06-03-L1,J,6,1,0,0
51164289F0,G-10-01-L2,G,10,2,0,122
51164302F0,G-03-03-L7,G,3,7,1,0
51164302F0_SISMIC,I-03-02-L4,I,3,4,1,0
51164306F0,F-12-01-L2,F,12,2,0,0
51164333F0,B-01-01-L1,B,1,1,0,0
51164336F0,H-07-03-L7,H,7,7,1,0
51164365FC,U-14-01-L3,U,14,3,1,0
51164407F0,F-12-02-L0,F,12,0,0,1083
51164417F0,D-09-02-L0,D,9,0,0,825
51164478F0,A-03-02-L1,A,3,1,0,0
51164483F0,D-03-02-L1,D,3,1,0,517
51164495F0,G-02-02-L8,G,2,8,1,0
51164500F0,J-06-01-L2,J,6,2,0,76
51164507F0,J-09-01-L2,J,9,2,0,25
51164508F0,F-07-02-L2,F,7,2,0,160
51164543F0,C-05-03-L2,C,5,2,0,185
51164559F0,F-10-01-L3,F,10,3,1,0
51189523F0,G-01-02-L8,G,1,8,1,0
51189527F0,G-08-02-L4,G,8,4,1,0
51189790F0,H-07-03-L0,H,7,0,0,0
51189792F0,H-07-01-L1,H,7,1,0,0
51189885F0,B-10-03-L4,B,10,4,1,0
51189972F0,F-01-03-L5,F,1,5,1,0
51189973F0,G-02-03-L8,G,2,8,1,0
51189975F0,I-01-01-L2,I,1,2,0,0
51189977F0,I-01-02-L2,I,1,2,0,0
51229055F0,E-05-02-L1,E,5,1,0,463
51229171F0,F-10-02-L3,F,10,3,1,14
51229172F0,J-10-02-L3,J,10,3,1,60
51229315F0,G-05-03-L8,G,5,8,1,0
51229316F0,D-01-01-L7,D,1,7,1,0
51229321F0,E-10-03-L2,E,10,2,0,0
51229323F0,F-03-03-L1,F,3,1,0,0
51229333F0,F-04-01-L7,F,4,7,1,0
51229343F0,B-10-03-L8,B,10,8,1,0
51229357F0,G-04-01-L1,G,4,1,0,0
51229362F0,D-02-03-L8,D,2,8,1,0
51229363F0,G-04-02-L1,G,4,1,0,0
51229368F0,J-06-02-L2,J,6,2,0,0
51229369F0,J-06-03-L2,J,6,2,0,0
51229371FB,A-02-03-L8,A,2,8,1,0
51235002F0,H-02-03-L6,H,2,6,1,79
51235003F0,E-01-01-L4,E,1,4,1,46
51235004F0,H-01-01-L4,H,1,4,1,99
51235005F1,J-09-02-L2,J,9,2,0,54
51235006F1,J-09-03-L2,J,9,2,0,54
51235014F0,E-02-03-L1,E,2,1,0,0
51235027F0,C-06-02-L5,C,6,5,1,17
51235028F0,E-01-02-L4,E,1,4,1,70
51235029F0,E-01-03-L7,E,1,7,1,28
51235030F0,I-02-01-L4,I,2,4,1,100
51235034F0,G-03-01-L8,G,3,8,1,66
51235035F0,H-02-01-L7,H,2,7,1,94
51235042F0,D-04-01-L2,D,4,2,0,295
51235047F0,E-11-03-L2,E,11,2,0,148
51235048F0,F-02-03-L8,F,2,8,1,55
51235066F0,E-03-02-L1,E,3,1,0,0
51235067F0,E-12-03-L0,E,12,0,0,0
51235068F0,E-10-01-L1,E,10,1,0,0
51235072F0,F-06-02-L2,F,6,2,0,306
51235073F0,A-12-03-L2,A,12,2,0,149
51235076F0,E-03-01-L4,E,3,4,1,35
51235077F0,H-04-01-L0,H,4,0,0,71
51235078F0,D-10-01-L2,D,10,2,0,149
51235079F0,F-02-02-L1,F,2,1,0,0
51235082F0,H-01-02-L4,H,1,4,1,101
51235083F0,G-07-02-L2,G,7,2,0,295
51235084F0,C-06-03-L5,C,6,5,1,42
51235085F0,E-02-03-L5,E,2,5,1,51
51235087F0,B-04-01-L5,B,4,5,1,28
51235093F0,F-07-01-L5,F,7,5,1,1
51235094F0,F-07-02-L5,F,7,5,1,0
51235197F0,H-06-03-L7,H,6,7,1,3
51235199F0,D-08-02-L1,D,8,1,0,466
51235207F0,J-05-02-L5,J,5,5,1,0
51235211F0,C-07-01-L5,C,7,5,1,6
51235217F0,H-01-02-L1,H,1,1,0,111
51235218F0,J-06-03-L0,J,6,0,0,58
51235219F0,F-01-01-L7,F,1,7,1,58
51235220F0,H-03-03-L7,H,3,7,1,58
51235221F0,H-05-03-L2,H,5,2,0,53
51235222F0,H-05-01-L4,H,5,4,1,53
51235223F0,J-07-01-L1,J,7,1,0,63
51235224F0,A-07-02-L2,A,7,2,0,111
51235225F0,J-03-01-L1,J,3,1,0,68
51235226F0,E-01-03-L4,E,1,4,1,34
51235229F0,I-11-03-L7,I,11,7,1,6
51235238F0,G-08-03-L4,G,8,4,1,8
51235254F0,I-01-01-L4,I,1,4,1,0
51235255F0,I-01-02-L4,I,1,4,1,0
51235256F0,I-01-03-L4,I,1,4,1,0
51235257F0,I-01-01-L6,I,1,6,1,0
51235258F0,D-03-01-L3,D,3,3,1,0
51235259F0,D-10-01-L4,D,10,4,1,0
51235260F0,U-06-02-L3,U,6,3,1,0
51235262F0,C-10-01-L3,C,10,3,1,0
51235263F0,C-08-01-L3,C,8,3,1,0
51235265F0,C-11-02-L3,C,11,3,1,0
51235271F0,F-11-01-L1,F,11,1,0,459
51235272F0,E-09-02-L1,E,9,1,0,462
51235463F0S07,D-10-02-L4,D,10,4,1,2
51235464F0S07,D-10-03-L4,D,10,4,1,2
51235465F0S07,U-05-01-L4,U,5,4,1,2
51235466F0S07,U-05-02-L4,U,5,4,1,2
51235467F0,A-10-01-L1,A,10,1,0,288
51235469F0,H-04-03-L2,H,4,2,0,49
51235469F0S07,A-08-01-L4,A,8,4,1,2
51235470F0S07,A-08-02-L4,A,8,4,1,2
51235489F0,G-03-02-L3,G,3,3,1,0
51235489F0-K,H-05-01-L3,H,5,3,1,186
51235561F0,G-09-02-L0,G,9,0,0,234
51235563F0,C-09-02-L1,C,9,1,0,0
51235567F0,E-06-03-L2,E,6,2,0,271
51235571F0,H-05-02-L4,H,5,4,1,58
51235575F0,H-02-02-L7,H,2,7,1,90
51235579F0,I-01-03-L7,I,1,7,1,0
51235585F0-K,I-03-01-L7,I,3,7,1,153
51235631F0,A-06-02-L2,A,6,2,0,183
51235632F0,G-11-03-L1,G,11,1,0,498
51235644F1,B-01-03-L3,B,1,3,1,0
51235644F1-K,J-06-03-L6,J,6,6,1,51
51235645F1,B-02-01-L3,B,2,3,1,0
51235645F1-K,I-04-01-L6,I,4,6,1,51
51235661F0,A-04-01-L7,A,4,7,1,3
51235662F0,A-04-02-L7,A,4,7,1,3
51235668F0,A-09-01-L2,A,9,2,0,0
51235669F0,B-07-02-L8,B,7,8,1,0
51235670F0,B-05-02-L7,B,5,7,1,0
51235679F0,C-09-03-L1,C,9,1,0,0
51235682F0,C-10-02-L2,C,10,2,0,300
51235684F0,C-08-02-L2,C,8,2,0,300
51235685F0,B-07-01-L2,B,7,2,0,149
51235687F0,E-03-02-L2,E,3,2,0,149
51235740F0,A-05-03-L2,A,5,2,0,0
51235759F0,C-01-02-L8,C,1,8,1,7
51235759F0-K,F-07-03-L5,F,7,5,1,4
51235762F0,B-09-01-L2,B,9,2,0,0
51235769F0-K,B-01-03-L4,B,1,4,1,34
51235771F0,J-06-01-L4,J,6,4,1,28
51235772F0-K,E-06-01-L8,E,6,8,1,10
51235773F0,H-01-03-L1,H,1,1,0,97
51235773F0S07,D-07-03-L4,D,7,4,1,4
51235822F0-K,G-05-02-L3,G,5,3,1,98
51235823F0-K,J-08-01-L3,J,8,3,1,166
51235844F0-K,G-11-01-L4,G,11,4,1,3
51235867F0,J-09-01-L3,J,9,3,1,126
51235868F0,A-08-03-L4,A,8,4,1,3
51235869F0,U-05-02-L3,U,5,3,1,23
51235873F0,J-11-01-L5,J,11,5,1,102
51235874F0,U-04-01-L5,U,4,5,1,471
51235902F0,F-11-03-L2,F,11,2,0,113
51235903F0,F-03-01-L4,F,3,4,1,88
51235945F0,G-01-02-L5,G,1,5,1,30
51235946F0-K,C-02-03-L3,C,2,3,1,52
51235979F0,G-08-01-L5,G,8,5,1,0
51236020F0,B-05-03-L6,B,5,6,1,0
51236020F0-G,C-07-02-L6,C,7,6,1,21
51236021F0,B-06-01-L6,B,6,6,1,0
51236021F0-G,C-07-03-L6,C,7,6,1,21
51236022F0,B-06-02-L6,B,6,6,1,0
51236022F0-G,C-08-01-L6,C,8,6,1,24
51236027F0,H-06-03-L3,H,6,3,1,102
51236085F0,F-12-03-L3,F,12,3,1,12
51236118F0,A-02-01-L4,A,2,4,1,4
51236121F0,A-02-02-L4,A,2,4,1,4
51236124F0,B-11-01-L4,B,11,4,1,7
51236125F0,B-11-02-L4,B,11,4,1,7
51236142F0,A-02-03-L4,A,2,4,1,4
51236143F0,E-06-01-L4,E,6,4,1,4
51236146F0,U-02-02-L5,U,2,5,1,132
51236157F0,B-10-01-L3,B,10,3,1,0
51236179F0,A-07-03-L2,A,7,2,0,165
51236180F0,G-08-02-L2,G,8,2,0,276
51236202F0,C-02-01-L7,C,2,7,1,7
51236205F0,H-07-02-L1,H,7,1,0,18
51236221T0,E-06-02-L4,E,6,4,1,8
51236329F0,D-07-02-L0,D,7,0,0,1868
51236335F0,J-01-03-L6,J,1,6,1,72
51236453F0,G-04-01-L4,G,4,4,1,56
51236533F0,G-08-02-L5,G,8,5,1,1
51236548F0,F-03-02-L3,F,3,3,1,0
51236548F0-K,J-18-01-L5,J,18,5,1,124
51236549F0,H-07-02-L3,H,7,3,1,0
51236549F0-K,G-01-01-L6,G,1,6,1,62
51236561F0,G-07-03-L6,G,7,6,1,0
51236662F0,U-03-01-L6,U,3,6,1,6
51236667F0,U-03-02-L6,U,3,6,1,6
51236679F0,A-04-03-L7,A,4,7,1,3
51236690F0,E-08-01-L7,E,8,7,1,3
51236770F0,J-13-02-L6,J,13,6,1,0
51236771F0,J-16-01-L6,J,16,6,1,0
51236772F0,B-06-03-L6,B,6,6,1,0
51236795F0,D-06-02-L4,D,6,4,1,3
51236815F0,E-06-02-L8,E,6,8,1,0
51236843F0R14,C-01-03-L6,C,1,6,1,26
51236844F0R14,G-08-03-L5,G,8,5,1,19
51236845F0R14,I-10-03-L7,I,10,7,1,16
51236849F0,B-02-03-L3,B,2,3,1,54
51236867F0,E-10-01-L6,E,10,6,1,8
51236978F0,I-03-02-L5,I,3,5,1,0
51236992F0,E-08-02-L7,E,8,7,1,0
51237011F0,I-06-02-L0,I,6,0,0,0
51237088F0,A-02-01-L5,A,2,5,1,6
51237092F0,C-07-02-L5,C,7,5,1,18
51237110F0,J-16-02-L6,J,16,6,1,0
51237111F0,A-03-01-L6,A,3,6,1,0
51237112F0,A-03-02-L6,A,3,6,1,0
51237185F0,A-02-02-L5,A,2,5,1,1
51237186F0,A-02-03-L5,A,2,5,1,1
51237262F0,E-12-02-L1,E,12,1,0,411
51237264F0,B-11-01-L5,B,11,5,1,9
51237268F0,G-11-02-L4,G,11,4,1,2
51237279F0,F-08-02-L2,F,8,2,0,0
51237280F0,G-09-03-L2,G,9,2,0,0
51237282F0,D-07-01-L2,D,7,2,0,0
51237289F0,I-03-01-L2,I,3,2,0,0
51237290F0,A-09-01-L1,A,9,1,0,0
51237368F0,A-02-03-L1,A,2,1,0,716
51237369F0,G-03-02-L8,G,3,8,1,62
51237370F0,H-01-03-L4,H,1,4,1,101
51237371F0,B-01-02-L7,B,1,7,1,29
51237372F0,C-07-03-L5,C,7,5,1,7
51237373F0,B-04-02-L5,B,4,5,1,11
51237374F0,B-01-03-L7,B,1,7,1,29
51237375F0,C-08-01-L5,C,8,5,1,7
51237376F0,B-02-03-L7,B,2,7,1,11
51237392FA,H-05-03-L6,H,5,6,1,42
51237426F0AD,A-09-02-L2,A,9,2,0,0
51237427F0AD,H-07-03-L1,H,7,1,0,0
51237527F0,I-05-01-L3,I,5,3,1,0
51237553F0,E-06-03-L8,E,6,8,1,2
51237605F0,C-08-02-L6,C,8,6,1,20
51237608F0,E-10-02-L6,E,10,6,1,10
51237611F0,E-10-03-L6,E,10,6,1,10
51237614F0,D-09-01-L6,D,9,6,1,10
51254778A,A-03-03-L6,A,3,6,1,1
51254778B,D-09-02-L6,D,9,6,1,44
51254779A,J-17-01-L6,J,17,6,1,1
51254779B,D-09-03-L6,D,9,6,1,44
51254780A,B-07-01-L6,B,7,6,1,2
51254780B,C-08-03-L6,C,8,6,1,88
51254783A,E-06-01-L5,E,6,5,1,1
51254783B,D-05-01-L8,D,5,8,1,2
51254786A,D-05-02-L8,D,5,8,1,2
51254786B,G-09-01-L7,G,9,7,1,4
51254786C,D-05-03-L8,D,5,8,1,2
51255561,H-06-02-L5,H,6,5,1,0
51255589,H-03-03-L5,H,3,5,1,4
51256215C,E-08-03-L7,E,8,7,1,0
51256252SN,F-12-01-L6,F,12,6,1,6
51256257,D-07-01-L7,D,7,7,1,3
51256258,D-07-02-L7,D,7,7,1,3
51256260,C-09-01-L6,C,9,6,1,21
51256262,C-09-02-L6,C,9,6,1,21
5125626501,E-06-02-L5,E,6,5,1,2
51256273,G-02-03-L6,G,2,6,1,48
51256308,C-02-01-L6,C,2,6,1,61
51256341,E-06-03-L5,E,6,5,1,1
51256342,F-08-01-L8,F,8,8,1,2
51256343,C-09-03-L6,C,9,6,1,21
51256344,C-10-01-L6,C,10,6,1,21
51256347,B-07-02-L6,B,7,6,1,18
51256350,F-12-02-L6,F,12,6,1,6
51256487-05,U-11-02-L5,U,11,5,1,68
51256515,J-17-02-L5,J,17,5,1,0
51256520,G-05-03-L6,G,5,6,1,48
51256522,G-09-02-L7,G,9,7,1,7
51256526,B-09-02-L6,B,9,6,1,33
51256528SN,F-08-02-L8,F,8,8,1,2
51256532,J-07-03-L6,J,7,6,1,115
51256542S07,C-01-02-L3,C,1,3,1,0
51256592,F-08-03-L8,F,8,8,1,2
51256623,J-15-02-L5,J,15,5,1,0
51256642SN,F-12-03-L6,F,12,6,1,6
51256643SN,A-07-01-L6,A,7,6,1,6
51256645,F-01-03-L6,F,1,6,1,192
51256694S07,E-10-03-L0,E,10,0,0,0
51256694_ADPTS07,C-08-02-L5,C,8,5,1,0
51256695S07,D-12-01-L1,D,12,1,0,0
51256696S07,A-10-02-L1,A,10,1,0,0
51256699S07,G-09-01-L8,G,9,8,1,0
51256702S07,D-07-02-L1,D,7,1,0,0
51256703S07,D-07-01-L1,D,7,1,0,0
51256882,B-05-01-L1,B,5,1,0,348
51256887,H-10-01-L0,H,10,0,0,1
51256898,A-07-02-L6,A,7,6,1,3
51256974,J-14-02-L5,J,14,5,1,8
51256975,U-07-01-L5,U,7,5,1,0
51256976,D-01-01-L6,D,1,6,1,0
51257009,H-03-01-L5,H,3,5,1,0
51257012,J-08-03-L3,J,8,3,1,0
51257013,A-07-03-L6,A,7,6,1,0
51257020,C-02-02-L7,C,2,7,1,8
51257021,C-02-03-L7,C,2,7,1,4
51257038,D-07-03-L7,D,7,7,1,5
51257039,G-11-01-L7,G,11,7,1,5
51257064B,G-11-02-L7,G,11,7,1,0
51257090,H-10-02-L0,H,10,0,0,1
51257091S07,C-08-02-L4,C,8,4,1,9
51257092S07,C-08-03-L4,C,8,4,1,10
51257095,H-10-03-L0,H,10,0,0,1
51257123SN,G-09-02-L8,G,9,8,1,2
51257131AG,C-10-02-L6,C,10,6,1,12
51257137,B-04-03-L6,B,4,6,1,121
51257138,B-05-01-L6,B,5,6,1,126
51257144,J-07-03-L5,J,7,5,1,1
51257144SN,G-09-03-L8,G,9,8,1,2
51257160,H-07-01-L5,H,7,5,1,0
51257165,H-11-02-L5,H,11,5,1,228
51257172,E-03-01-L6,E,3,6,1,60
51257180,J-03-03-L6,J,3,6,1,72
51257182,B-12-02-L6,B,12,6,1,21
51257196SN,A-03-01-L8,A,3,8,1,2
51257200,C-03-01-L7,C,3,7,1,9
51257201,C-03-02-L7,C,3,7,1,9
51257202,C-03-03-L7,C,3,7,1,8
51257210,I-07-02-L5,I,7,5,1,588
51257212SN,U-04-01-L6,U,4,6,1,6
51257249,I-02-01-L6,I,2,6,1,69
51257250,I-02-02-L6,I,2,6,1,70
51257257,H-10-01-L1,H,10,1,0,1
51257287,I-10-02-L5,I,10,5,1,552
51257289,J-07-01-L6,J,7,6,1,262
51257430,H-03-02-L5,H,3,5,1,0
51257437,I-06-02-L5,I,6,5,1,0
51257455,D-02-03-L6,D,2,6,1,10
51257456,G-02-01-L6,G,2,6,1,16
51257457,H-05-03-L5,H,5,5,1,580
51257460SN,A-03-02-L8,A,3,8,1,2
51257472,H-05-02-L6,H,5,6,1,41
51257476,B-12-03-L6,B,12,6,1,0
51257477,G-06-01-L6,G,6,6,1,0
51257490,U-10-01-L5,U,10,5,1,75
51257692,I-10-01-L5,I,10,5,1,0
51257692A,E-02-03-L6,E,2,6,1,114
51257692B,U-04-02-L6,U,4,6,1,11
51257736,G-11-03-L7,G,11,7,1,3
51257738,G-06-02-L6,G,6,6,1,3
51257792,C-07-02-L0,C,7,0,0,0
51257794,E-04-01-L0,E,4,0,0,0
51257813,H-08-03-L5,H,8,5,1,0
51257823,J-05-03-L5,J,5,5,1,0
51257942,J-07-01-L5,J,7,5,1,18
51257942SN,F-10-01-L7,F,10,7,1,7
51257952,H-01-03-L5,H,1,5,1,15
51257952A,J-03-02-L5,J,3,5,1,0
51257999,J-04-02-L6,J,4,6,1,0
51300141FA,A-03-03-L8,A,3,8,1,2
51300160F0,B-11-02-L5,B,11,5,1,0
51300168F0,H-10-02-L1,H,10,1,0,0
51300180F0,H-10-03-L1,H,10,1,0,0
51300184F0,H-10-01-L2,H,10,2,0,0
51300229F0,H-10-02-L2,H,10,2,0,0
51300307F0,I-01-03-L2,I,1,2,0,0
51300312F0,I-02-02-L4,I,2,4,1,0
51300317F0,E-12-01-L0,E,12,0,0,0
51300318F0,J-03-02-L2,J,3,2,0,0
51300319F0,H-02-03-L7,H,2,7,1,0
51300324FA,A-08-03-L0,A,8,0,0,0
51300427F0,F-04-02-L0,F,4,0,0,0
51300503F0,H-05-03-L3,H,5,3,1,0
51300528F0,B-12-01-L0,B,12,0,0,0
51300574F0,F-03-02-L5,F,3,5,1,0
51300576F0,J-03-03-L4,J,3,4,1,0
51300594F0,A-07-01-L3,A,7,3,1,0
51300596F0,D-08-02-L3,D,8,3,1,0
51300598F0,A-07-02-L3,A,7,3,1,0
51300971F0,B-02-03-L2,B,2,2,0,0
51301170FA,D-11-01-L0,D,11,0,0,0
51301171FA,F-07-03-L1,F,7,1,0,0
51301173FA,A-08-01-L1,A,8,1,0,0
51305792F0,F-03-01-L6,F,3,6,1,39
51305959F0,E-03-02-L6,E,3,6,1,72
51305968F0,U-10-02-L5,U,10,5,1,0
51307402F0,F-04-02-L7,F,4,7,1,0
51307403F0,F-05-01-L4,F,5,4,1,0
51307601FA,I-02-01-L2,I,2,2,0,0
51307757FA,G-01-02-L6,G,1,6,1,5
51307819F0,D-02-01-L4,D,2,4,1,0
51310546F0,J-07-02-L4,J,7,4,1,69
51310557F0R07,I-11-03-L1,I,11,1,0,0
51310557F0R11,D-06-03-L4,D,6,4,1,0
51310557F0R13,C-04-01-L7,C,4,7,1,0
51310557F0R14,F-10-03-L3,F,10,3,1,0
51310558F0R07,J-07-03-L4,J,7,4,1,0
51310558F0R14,G-11-03-L4,G,11,4,1,0
51310590F0,D-03-03-L1,D,3,1,0,446
51310591F0,J-07-01-L7,J,7,7,1,56
51310599F0,H-03-03-L0,H,3,0,0,20
51310623F0,D-02-02-L2,D,2,2,0,217
51310655F0,C-05-01-L1,C,5,1,0,496
51310657F0,J-09-01-L4,J,9,4,1,40
51310659F0,A-09-02-L0,A,9,0,0,0
51310660F0,C-10-01-L1,C,10,1,0,0
51310662F0,A-12-02-L2,A,12,2,0,116
51310663F0,D-01-02-L7,D,1,7,1,42
51310664F0,E-03-02-L4,E,3,4,1,17
51310666F0,D-01-03-L7,D,1,7,1,42
51310667F0,E-03-03-L4,E,3,4,1,17
51310669F0,J-11-02-L4,J,11,4,1,5
51310670F0,A-09-01-L3,A,9,3,1,10
51310671F0AG,E-06-03-L4,E,6,4,1,4
51310671F0SN,C-04-03-L2,C,4,2,0,161
51310673F0,I-10-03-L0,I,10,0,0,2028
51310678F0,C-02-02-L1,C,2,1,0,451
51310682F0,B-02-01-L8,B,2,8,1,21
51310685F0,G-02-02-L2,G,2,2,0,287
51310686F0,G-02-03-L2,G,2,2,0,287
51310692F0,I-10-02-L1,I,10,1,0,0
51310693F0,G-08-01-L1,G,8,1,0,0
51310694F0,C-05-02-L1,C,5,1,0,496
51310697F0,E-02-02-L2,E,2,2,0,255
51310698F0,H-07-01-L2,H,7,2,0,34
51310700F0,J-07-02-L7,J,7,7,1,69
51310704F0R07,E-01-01-L8,E,1,8,1,51
51310710F0,E-05-03-L1,E,5,1,0,430
51310713F0,C-06-01-L2,C,6,2,0,128
51310718F0,B-03-01-L1,B,3,1,0,501
51310724F0,D-09-01-L2,D,9,2,0,183
51310725F0,D-09-02-L2,D,9,2,0,183
51310791F0,C-05-03-L1,C,5,1,0,521
51310807F0,E-01-02-L8,E,1,8,1,68
51310808F0,F-10-01-L4,F,10,4,1,3
51310809T0SN,U-08-02-L5,U,8,5,1,177
51310811F0,F-04-01-L2,F,4,2,0,216
51310812F0,B-11-02-L2,B,11,2,0,284
51310813F0,G-06-01-L2,G,6,2,0,284
51310841F0,H-04-01-L4,H,4,4,1,73
51310854F0,G-06-02-L1,G,6,1,0,594
51310855F0,F-02-01-L2,F,2,2,0,287
51310856F0,G-03-03-L8,G,3,8,1,71
51310857F0,E-03-02-L8,E,3,8,1,30
51310857F0SN,D-01-02-L6,D,1,6,1,59
51310860FA,F-02-03-L2,F,2,2,0,408
51310860FD,G-04-02-L4,G,4,4,1,45
51310860FESN,F-04-01-L3,F,4,3,1,201
51310861FA,E-05-01-L6,E,5,6,1,16
51310861FD,F-10-02-L4,F,10,4,1,2
51310861FESN,J-18-01-L3,J,18,3,1,24
51310862FA,C-11-01-L6,C,11,6,1,17
51310862FD,F-10-03-L4,F,10,4,1,2
51310862FESN,A-09-02-L3,A,9,3,1,28
51310863FA,D-03-02-L6,D,3,6,1,17
51310863FD,J-18-01-L4,J,18,4,1,2
51310863FESN,E-05-02-L6,E,5,6,1,28
51310864FD,C-09-01-L4,C,9,4,1,36
51310865FA,J-09-02-L3,J,9,3,1,21
51310866FA,E-05-01-L3,E,5,3,1,10
51310866FFAG,H-10-03-L2,H,10,2,0,1
51310867FA,E-05-02-L3,E,5,3,1,10
51310867FFAG,D-05-01-L5,D,5,5,1,1
51310868FA,G-07-01-L3,G,7,3,1,10
51310868FFAG,D-05-02-L5,D,5,5,1,1
51310869FA,A-07-03-L3,A,7,3,1,9
51310879F0R07,B-02-02-L8,B,2,8,1,0
51310881F0,A-06-03-L0,A,6,0,0,0
51310882F0,D-03-01-L2,D,3,2,0,0
51310884F0,C-06-03-L1,C,6,1,0,489
51310894F0,F-06-01-L1,F,6,1,0,451
51310895F0,J-07-03-L7,J,7,7,1,58
51310896F0,G-01-03-L2,G,1,2,0,307
51310896F0AG,G-07-01-L4,G,7,4,1,5
51310896F0SN,G-05-01-L2,G,5,2,0,184
51310897F0,J-02-01-L4,J,2,4,1,185
51310898F0,B-11-03-L5,B,11,5,1,14
51310899F0,E-10-03-L1,E,10,1,0,555
51310900F0,D-01-01-L4,D,1,4,1,58
51310902F0,J-02-02-L4,J,2,4,1,185
51310903F0,B-04-03-L5,B,4,5,1,20
51310904F0,I-04-01-L1,I,4,1,0,1302
51310905F0,G-01-03-L8,G,1,8,1,118
51310909F0,I-08-02-L2,I,8,2,0,106
51310913F0,D-04-01-L1,D,4,1,0,451
51310957F0,E-04-01-L1,E,4,1,0,514
51310957F0AG,G-07-02-L4,G,7,4,1,5
51310957F0SN,I-10-01-L1,I,10,1,0,336
51310964F0,J-05-03-L2,J,5,2,0,34
51310967F0,F-08-02-L1,F,8,1,0,398
51310973F0,B-08-01-L2,B,8,2,0,206
51310974F0,E-03-01-L5,E,3,5,1,28
51310975F0,G-12-03-L0,G,12,0,0,1412
51310976F0,C-03-03-L2,C,3,2,0,202
51310979T0SN,C-11-02-L6,C,11,6,1,27
51310998F0SN,C-03-01-L3,C,3,3,1,45
51311010M0,E-11-01-L6,E,11,6,1,6
56132756,F-03-01-L1,F,3,1,0,0
56132761,G-02-03-L3,G,2,3,1,0
56132774,J-11-02-L5,J,11,5,1,0
56135320,I-01-01-L5,I,1,5,1,0
56135323,H-04-03-L5,H,4,5,1,0
56135331,I-02-03-L5,I,2,5,1,0
56135334,F-01-03-L3,F,1,3,1,0
56150012,I-01-02-L5,I,1,5,1,0
56270,H-04-02-L0,H,4,0,0,3
56900533,A-09-03-L3,A,9,3,1,0
56900701,J-04-01-L5,J,4,5,1,0
56900702,J-06-03-L5,J,6,5,1,0
56900860,J-10-01-L5,J,10,5,1,0
56900920,J-10-02-L5,J,10,5,1,0
56900923,H-10-01-L5,H,10,5,1,0
56901001,C-02-02-L0,C,2,0,0,0
56901004,I-06-01-L1,I,6,1,0,0
56901014,J-02-02-L5,J,2,5,1,0
56901053,D-12-01-L0,D,12,0,0,0
56920160,J-09-03-L5,J,9,5,1,0
56920300,I-01-03-L5,I,1,5,1,0
56920984,J-03-01-L3,J,3,3,1,0
56940010,E-07-01-L8,E,7,8,1,0
56940011,F-10-02-L7,F,10,7,1,0
56940013,F-10-03-L7,F,10,7,1,0
56950081,H-09-01-L5,H,9,5,1,0
56950264,I-03-01-L3,I,3,3,1,0
59704,D-03-03-L6,D,3,6,1,18
59705,E-07-02-L8,E,7,8,1,19
59836,D-05-03-L5,D,5,5,1,1
59927,J-18-01-L7,J,18,7,1,3
627125,H-02-02-L3,H,2,3,1,0
627150,I-03-03-L3,I,3,3,1,228
627250,I-03-03-L1,I,3,1,0,0
706500TA,A-12-02-L0,A,12,0,0,0
706501TA,A-10-01-L0,A,10,0,0,0
706902A,G-03-01-L4,G,3,4,1,0
707052,I-03-03-L5,I,3,5,1,0
707115A,E-12-03-L1,E,12,1,0,2
707864,A-09-03-L1,A,9,1,0,0
7236021,F-08-01-L5,F,8,5,1,2
7236259,E-03-03-L8,E,3,8,1,15
730307,G-11-02-L0,G,11,0,0,0
730454,I-05-01-L0,I,5,0,0,0
730666-08,C-06-01-L0,C,6,0,0,0
731754,C-04-02-L7,C,4,7,1,0
731885,E-01-02-L0,E,1,0,0,0
731886,F-01-01-L3,F,1,3,1,0
732236,E-09-03-L0,E,9,0,0,0
732480,E-08-03-L1,E,8,1,0,0
732531,A-05-01-L1,A,5,1,0,0
732538C,A-06-03-L2,A,6,2,0,0
732538ECD,U-11-01-L5,U,11,5,1,0
732733B,H-02-02-L1,H,2,1,0,0
732740,B-12-02-L0,B,12,0,0,0
732744X,H-04-02-L4,H,4,4,1,0
732775,E-11-01-L2,E,11,2,0,0
732847,I-11-03-L2,I,11,2,0,0
733065,C-10-01-L0,C,10,0,0,0
754771,H-06-02-L3,H,6,3,1,0
755435,F-03-01-L0,F,3,0,0,0
755484,A-08-02-L1,A,8,1,0,0
755542,F-07-02-L0,F,7,0,0,0
755815,G-01-01-L2,G,1,2,0,0
755847,I-01-03-L0,I,1,0,0,0
755847-08,I-01-02-L3,I,1,3,1,0
759090,A-04-01-L2,A,4,2,0,0
759713,E-01-03-L2,E,1,2,0,0
759964E,G-09-03-L7,G,9,7,1,0
7S3491104220,F-08-02-L5,F,8,5,1,0
8066698,J-08-01-L6,J,8,6,1,40
8132882,B-01-03-L6,B,1,6,1,0
839744AG,U-14-02-L3,U,14,3,1,8
854392AG,F-05-02-L4,F,5,4,1,0
855869AG,G-07-03-L4,G,7,4,1,5
855869SN,C-11-02-L1,C,11,1,0,370
85930602T0,B-01-02-L1,B,1,1,0,0
85930702T0,B-04-02-L1,B,4,1,0,0
85930802T0,F-05-02-L1,F,5,1,0,0
85930902T0,A-11-02-L3,A,11,3,1,0
85931002T0,A-11-03-L3,A,11,3,1,0
85931102T0,U-07-01-L3,U,7,3,1,0
859385T0,U-04-01-L3,U,4,3,1,12
859399,H-02-03-L1,H,2,1,0,53
859402,C-02-03-L1,C,2,1,0,451
859403,C-03-01-L1,C,3,1,0,451
859422,I-06-02-L2,I,6,2,0,285
859422AG,H-10-01-L4,H,10,4,1,4
859422SN,B-11-01-L2,B,11,2,0,162
859423,F-01-02-L2,F,1,2,0,306
859423SN,F-04-02-L2,F,4,2,0,185
859424SN,J-05-01-L0,J,5,0,0,95
859427,H-04-03-L4,H,4,4,1,80
859427SN,C-06-01-L3,C,6,3,1,28
859430,C-07-01-L0,C,7,0,0,3953
859441,E-02-03-L2,E,2,2,0,253
859442,H-07-02-L2,H,7,2,0,34
859450,A-11-03-L0,A,11,0,0,894
859456,A-12-03-L0,A,12,0,0,854
859464,I-07-01-L4,I,7,4,1,15
859489,D-01-01-L2,D,1,2,0,253
859500,J-18-02-L3,J,18,3,1,13
859534,I-03-02-L7,I,3,7,1,119
859542,J-03-02-L1,J,3,1,0,60
859606T0,E-01-03-L8,E,1,8,1,72
859606T0SN,D-01-02-L3,D,1,3,1,78
859621,I-07-02-L4,I,7,4,1,15
859694,F-09-03-L1,F,9,1,0,370
859764,A-03-01-L0,A,3,0,0,2124
87000,B-11-01-L8,B,11,8,1,197
87004R06,C-08-03-L5,C,8,5,1,190
87007,F-08-03-L5,F,8,5,1,150
87015,C-09-01-L5,C,9,5,1,190
87028,D-01-01-L8,D,1,8,1,0
87031,G-09-01-L5,G,9,5,1,28
87035,C-09-02-L5,C,9,5,1,25
87037,G-09-02-L5,G,9,5,1,4
87063,C-01-03-L8,C,1,8,1,70
87074R14,C-02-01-L5,C,2,5,1,2
87199,B-04-01-L7,B,4,7,1,6
87301,C-02-02-L5,C,2,5,1,3
87329,G-09-03-L5,G,9,5,1,3
87340,C-09-03-L5,C,9,5,1,65
87352,J-13-01-L0,J,13,0,0,33
87381,C-02-03-L5,C,2,5,1,0
875646,G-01-02-L0,G,1,0,0,0
877067,G-01-03-L0,G,1,0,0,0
87722,C-02-01-L8,C,2,8,1,255
87723,C-10-01-L5,C,10,5,1,70
87727,C-10-02-L5,C,10,5,1,0
877495,B-11-02-L3,B,11,3,1,0
877633,B-09-03-L0,B,9,0,0,0
877791,F-01-01-L0,F,1,0,0,0
87790,B-02-03-L8,B,2,8,1,894
877942F,F-09-02-L1,F,9,1,0,196
878297,I-07-01-L1,I,7,1,0,0
878386,A-07-01-L0,A,7,0,0,0
879090,D-05-03-L0,D,5,0,0,0
879091,B-06-03-L0,B,6,0,0,0
87995,J-13-02-L0,J,13,0,0,30
883677,I-11-01-L1,I,11,1,0,0
885228,J-08-02-L3,J,8,3,1,0
885249,H-03-02-L3,H,3,3,1,0
88600,F-10-03-L1,F,10,1,0,0
88601,G-04-03-L4,G,4,4,1,0
88616,C-01-03-L2,C,1,2,0,18
886598,B-10-01-L0,B,10,0,0,0
886606,B-11-02-L0,B,11,0,0,0
886637,I-05-02-L0,I,5,0,0,0
886657,F-11-02-L0,F,11,0,0,0
886661,G-01-01-L1,G,1,1,0,35
886661CD,G-09-03-L0,G,9,0,0,0
886662,I-07-02-L1,I,7,1,0,6
886662CD,E-07-02-L0,E,7,0,0,0
88670,F-11-01-L3,F,11,3,1,0
88690,I-02-03-L1,I,2,1,0,3
886917,B-02-01-L0,B,2,0,0,0
887160,F-04-01-L0,F,4,0,0,0
88725,B-03-01-L4,B,3,4,1,856
887951,F-03-02-L4,F,3,4,1,0
887954,G-06-02-L2,G,6,2,0,0
887956,E-05-01-L0,E,5,0,0,0
887959,E-10-01-L0,E,10,0,0,0
88796,J-13-01-L1,J,13,1,0,78
887962,G-09-01-L0,G,9,0,0,0
887985,F-03-01-L3,F,3,3,1,0
888036A,A-05-02-L1,A,5,1,0,0
888039,B-10-02-L0,B,10,0,0,0
888040,B-10-03-L0,B,10,0,0,0
888205,D-01-03-L0,D,1,0,0,0
888208,I-01-01-L0,I,1,0,0,0
888210,G-05-02-L0,G,5,0,0,0
888215,G-05-03-L0,G,5,0,0,0
888218,I-01-02-L0,I,1,0,0,0
888219,E-03-01-L0,E,3,0,0,0
888220,E-03-02-L0,E,3,0,0,0
888243,E-03-03-L0,E,3,0,0,0
888244,I-07-01-L0,I,7,0,0,0
888255,G-04-01-L5,G,4,5,1,0
888280,B-04-01-L0,B,4,0,0,0
888283,I-04-01-L0,I,4,0,0,0
888289,I-10-03-L2,I,10,2,0,0
888290,I-08-01-L0,I,8,0,0,0
888291,J-07-02-L1,J,7,1,0,0
888292,G-01-03-L5,G,1,5,1,0
888301,C-10-02-L0,C,10,0,0,0
888327,B-11-03-L0,B,11,0,0,0
888328,B-12-03-L0,B,12,0,0,0
888356,B-09-01-L0,B,9,0,0,0
888359,C-02-03-L0,C,2,0,0,0
888364,G-06-01-L0,G,6,0,0,0
888368,E-06-03-L0,E,6,0,0,0
888385,G-06-02-L0,G,6,0,0,0
888391,E-02-01-L0,E,2,0,0,0
888414,G-06-03-L0,G,6,0,0,0
888417,C-01-01-L0,C,1,0,0,0
888422,C-01-02-L0,C,1,0,0,0
888427,G-02-01-L0,G,2,0,0,0
888459,B-05-02-L0,B,5,0,0,0
888459SET,C-11-01-L0,C,11,0,0,0
888468,C-11-02-L0,C,11,0,0,0
888501,J-09-03-L3,J,9,3,1,0
888566,H-10-01-L3,H,10,3,1,0
888568,H-02-01-L5,H,2,5,1,0
888592,B-08-03-L3,B,8,3,1,0
888593,B-09-01-L3,B,9,3,1,0
888596,I-05-02-L6,I,5,6,1,0
888597,B-09-02-L3,B,9,3,1,0
888606,I-07-02-L0,I,7,0,0,0
888619,D-02-01-L0,D,2,0,0,0
888620,F-04-03-L0,F,4,0,0,0
888621,D-02-02-L0,D,2,0,0,0
888633,G-05-01-L0,G,5,0,0,0
888640,F-01-03-L0,F,1,0,0,0
888647,D-02-03-L0,D,2,0,0,0
888649,F-01-02-L0,F,1,0,0,0
888670,E-06-01-L0,E,6,0,0,0
888677,A-11-01-L0,A,11,0,0,0
888690,F-07-03-L0,F,7,0,0,0
888693,F-03-02-L0,F,3,0,0,0
888694,G-08-01-L0,G,8,0,0,0
888697,I-02-01-L0,I,2,0,0,0
888697-08,I-01-01-L3,I,1,3,1,0
888700,I-09-02-L0,I,9,0,0,0
888711,D-04-03-L0,D,4,0,0,0
888715,G-08-02-L0,G,8,0,0,0
888724,G-01-01-L0,G,1,0,0,0
888727,G-08-03-L0,G,8,0,0,0
888733,F-03-03-L0,F,3,0,0,0
888740,G-04-01-L0,G,4,0,0,0
888750,B-06-02-L0,B,6,0,0,0
888768,E-02-02-L0,E,2,0,0,0
888772,D-05-02-L0,D,5,0,0,0
888783,F-07-01-L0,F,7,0,0,0
888793,G-04-02-L0,G,4,0,0,0
888795,J-01-01-L3,J,1,3,1,0
88882,B-11-02-L8,B,11,8,1,18
88883,J-18-02-L4,J,18,4,1,15
888836,I-09-01-L0,I,9,0,0,0
888844,D-02-01-L3,D,2,3,1,0
888846,H-05-01-L0,H,5,0,0,0
888849,B-09-02-L0,B,9,0,0,0
888861,J-07-02-L3,J,7,3,1,0
888864,C-01-03-L0,C,1,0,0,0
888866,H-01-02-L0,H,1,0,0,0
888933,E-09-01-L0,E,9,0,0,0
888946BJ,F-01-02-L7,F,1,7,1,0
888946DJ,A-04-02-L2,A,4,2,0,0
888946GCD,J-06-03-L3,J,6,3,1,0
888946GMCD,J-06-01-L3,J,6,3,1,0
888946RQ,J-03-01-L7,J,3,7,1,0
888946RR,G-03-02-L2,G,3,2,0,0
888946STCD,E-02-03-L3,E,2,3,1,0
888968,A-11-02-L0,A,11,0,0,0
889004,F-03-01-L2,F,3,2,0,0
889005,F-03-02-L2,F,3,2,0,0
889007,F-03-03-L2,F,3,2,0,0
889008,G-04-01-L2,G,4,2,0,0
889010,C-07-03-L1,C,7,1,0,0
889012,G-04-02-L2,G,4,2,0,0
889017,G-04-03-L2,G,4,2,0,0
889021,G-12-03-L1,G,12,1,0,0
889027,I-01-01-L1,I,1,1,0,0
889036,C-10-02-L1,C,10,1,0,0
889042,A-08-03-L1,A,8,1,0,0
889050,I-06-01-L2,I,6,2,0,0
889063,A-08-01-L0,A,8,0,0,0
889082,F-03-03-L5,F,3,5,1,0
889087,B-11-03-L4,B,11,4,1,0
889089,B-12-01-L4,B,12,4,1,0
889096,H-10-02-L4,H,10,4,1,0
889098,B-12-02-L4,B,12,4,1,0
889100,B-12-03-L4,B,12,4,1,0
889101,G-06-01-L4,G,6,4,1,0
889103,G-10-02-L2,G,10,2,0,0
889104,A-10-02-L2,A,10,2,0,0
889107,F-03-01-L7,F,3,7,1,0
889123,G-01-03-L6,G,1,6,1,0
889130,C-08-02-L3,C,8,3,1,0
889131,C-08-03-L3,C,8,3,1,0
889144,G-11-02-L6,G,11,6,1,0
889158,G-06-02-L4,G,6,4,1,0
889159,H-10-03-L4,H,10,4,1,0
889160,D-05-01-L4,D,5,4,1,0
889161,U-10-01-L3,U,10,3,1,0
889162,G-06-03-L4,G,6,4,1,0
889168,A-10-03-L1,A,10,1,0,0
889176,C-01-01-L4,C,1,4,1,0
889177,C-01-02-L4,C,1,4,1,0
889183,C-01-03-L4,C,1,4,1,0
889184,C-02-01-L4,C,2,4,1,0
889185F0,G-12-02-L0,G,12,0,0,0
889186F0,G-02-02-L1,G,2,1,0,0
889188F0,F-04-03-L2,F,4,2,0,0
889191F0,H-02-01-L2,H,2,2,0,0
889214F0,E-03-03-L2,E,3,2,0,0
889221F0,H-06-01-L3,H,6,3,1,0
889224F0,G-03-01-L1,G,3,1,0,0
889290F0,H-01-01-L7,H,1,7,1,0
889291F0,G-01-01-L7,G,1,7,1,0
889309F0,C-05-03-L0,C,5,0,0,0
889312F0,G-03-02-L1,G,3,1,0,0
889316F0,E-11-03-L1,E,11,1,0,0
889317F0,I-07-01-L2,I,7,2,0,0
889337F0,G-08-02-L1,G,8,1,0,0
889341F0,I-07-02-L2,I,7,2,0,0
889344F0,C-06-02-L0,C,6,0,0,0
889346F0,A-02-02-L0,A,2,0,0,0
889348F0,G-03-03-L1,G,3,1,0,0
889376F0,B-03-01-L2,B,3,2,0,0
889392F0,I-05-01-L1,I,5,1,0,0
889400F0,B-12-01-L3,B,12,3,1,0
889402F0,I-05-02-L1,I,5,1,0,0
889407F0,G-08-03-L1,G,8,1,0,0
889424,F-05-01-L5,F,5,5,1,0
889425,G-03-03-L4,G,3,4,1,0
889465F0,A-02-01-L1,A,2,1,0,0
889479FA,B-04-02-L0,B,4,0,0,0
889585FA,A-05-01-L2,A,5,2,0,0
889585FB,J-05-01-L4,J,5,4,1,0
889659,F-05-02-L5,F,5,5,1,0
889663,E-03-02-L5,E,3,5,1,0
889665,F-05-01-L7,F,5,7,1,0
889668,F-05-01-L0,F,5,0,0,0
889669,F-05-02-L0,F,5,0,0,0
889674F0,B-03-02-L2,B,3,2,0,0
889677,B-01-01-L0,B,1,0,0,0
889678,G-04-03-L0,G,4,0,0,0
889685F0,A-07-02-L0,A,7,0,0,0
889695F0,I-04-01-L7,I,4,7,1,0
889698F0,J-05-02-L4,J,5,4,1,0
889755,D-01-02-L8,D,1,8,1,0
889772AB,J-03-03-L1,J,3,1,0,26
889773AX,U-01-01-L3,U,1,3,1,5
889792F0,G-01-02-L7,G,1,7,1,0
889798,B-03-02-L1,B,3,1,0,0
889977F0,C-08-03-L2,C,8,2,0,0
890213F0,J-03-02-L7,J,3,7,1,0
890214F0,F-01-03-L7,F,1,7,1,0
890339F0,G-02-03-L4,G,2,4,1,0
890343F0,F-03-03-L4,F,3,4,1,0
890345F0,J-02-03-L4,J,2,4,1,0
890350F0,B-11-03-L8,B,11,8,1,0
890547FA,H-04-03-L0,H,4,0,0,0
890547FB,B-04-02-L7,B,4,7,1,0
890758F0,I-03-02-L3,I,3,3,1,0
891166FM,J-13-02-L1,J,13,1,0,2
891348F0,F-02-03-L0,F,2,0,0,0
891352F0,B-05-03-L2,B,5,2,0,0
891377,A-02-01-L0,A,2,0,0,0
891486FH,J-13-01-L2,J,13,2,0,0
891511F0,E-03-03-L1,E,3,1,0,0
891537F0,F-04-03-L7,F,4,7,1,0
891558F0,I-06-01-L0,I,6,0,0,0
895385BH,J-18-02-L7,J,18,7,1,0
90335,E-07-03-L8,E,7,8,1,0
91001159902,H-01-01-L5,H,1,5,1,0
954500131,U-01-02-L3,U,1,3,1,0
954500133,C-02-02-L4,C,2,4,1,0
A9F74216,U-13-01-L5,U,13,5,1,9
A9N18458,D-06-01-L8,D,6,8,1,10
AAA12703F0,D-02-01-L6,D,2,6,1,30
AAA12731F0,J-02-01-L6,J,2,6,1,174
AAA12734F0,G-04-02-L5,G,4,5,1,73
AAA12737F0,J-08-02-L0,J,8,0,0,70
AAA12739F0,J-13-02-L2,J,13,2,0,1
AAA12759F0,J-13-01-L7,J,13,7,1,11
AAA12772F0,J-02-01-L0,J,2,0,0,93
AAA12773F0,J-02-02-L0,J,2,0,0,92
AAA12774F0,D-10-02-L2,D,10,2,0,170
AAA12775F0,D-10-03-L2,D,10,2,0,170
AAA12861F0,H-05-02-L0,H,5,0,0,29
AAA12972F0-K,J-02-02-L6,J,2,6,1,143
AAA12973F0,H-01-01-L2,H,1,2,0,32
AAA12974F0-K,E-05-03-L3,E,5,3,1,34
AAA12976F0,I-11-02-L1,I,11,1,0,237
AAA12976F0-K,D-11-01-L2,D,11,2,0,181
AAA13036F0-K,F-12-02-L2,F,12,2,0,201
AAA13106F0,G-07-03-L2,G,7,2,0,197
AAA13118F0,U-01-01-L4,U,1,4,1,12
AAA20033F0,J-06-02-L4,J,6,4,1,86
AAA20107F0R14,J-16-01-L0,J,16,0,0,19
AAA20111F0,F-03-02-L7,F,3,7,1,47
AAS10003T0,C-06-03-L2,C,6,2,0,237
AAS10003T0AG,A-05-01-L7,A,5,7,1,3
AAS10003T0SN,A-06-03-L1,A,6,1,0,201
AAS10009T0,E-07-02-L1,E,7,1,0,340
AAS10014T0,H-07-03-L2,H,7,2,0,25
AAS10014T0SN,A-04-03-L3,A,4,3,1,14
AAS10016T0AG,J-15-01-L6,J,15,6,1,8
AAS10016T0SN,H-01-03-L0,H,1,0,0,62
AAS10021T0,C-09-02-L4,C,9,4,1,6
AAS10021T0-EPK,E-11-02-L6,E,11,6,1,0
AAS10022T0,C-09-03-L4,C,9,4,1,6
AAS10022T0-EPK,E-11-03-L6,E,11,6,1,0
AAS10028T0,E-01-02-L1,E,1,1,0,596
AAS10037T0,I-07-01-L7,I,7,7,1,14
AAS10040T0,F-09-01-L4,F,9,4,1,3
AAS10040T0SN,B-12-02-L3,B,12,3,1,39
AAS10041T0,A-05-02-L7,A,5,7,1,3
AAS10042T0SN,B-12-03-L3,B,12,3,1,39
AAS10043T0,U-10-02-L3,U,10,3,1,9
AAS10043T0SN,G-06-01-L3,G,6,3,1,39
AAS10044T0SN,D-01-03-L3,D,1,3,1,78
AAS10045T0SN,G-06-02-L3,G,6,3,1,39
AAS10046T0,A-05-03-L7,A,5,7,1,3
AAS10047T0,G-12-01-L7,G,12,7,1,3
AAS10048T0,D-10-01-L6,D,10,6,1,6
AAS10049T0,D-10-02-L6,D,10,6,1,6
AAS10050T0,G-12-02-L7,G,12,7,1,3
AAS10051T0,G-12-03-L7,G,12,7,1,3
AAS10066T0,B-11-03-L2,B,11,2,0,179
AAS10069T0,G-08-03-L2,G,8,2,0,137
AAS10070T0,F-09-02-L4,F,9,4,1,5
AAS10073T0,D-09-03-L1,D,9,1,0,417
AAS10073T0AG,E-03-03-L6,E,3,6,1,24
AAS10073T0SN,G-05-02-L1,G,5,1,0,399
AAS10087T0,B-06-01-L2,B,6,2,0,191
AAS10088T0,D-01-03-L8,D,1,8,1,23
AAS10099T0,G-06-03-L2,G,6,2,0,177
AAS10123T0,I-07-02-L3,I,7,3,1,136
AAS10125T0SN,D-10-03-L6,D,10,6,1,6
AAS10126T0,D-02-03-L2,D,2,2,0,216
AAS10132T0,B-12-01-L5,B,12,5,1,11
AAS10137T0,B-10-02-L3,B,10,3,1,84
AAS10137T0AG,E-09-01-L7,E,9,7,1,3
AAS10137T0SN,U-05-01-L6,U,5,6,1,6
AAS10168T0,F-09-03-L4,F,9,4,1,5
AAS10244T0,B-03-02-L4,B,3,4,1,0
AAS10245T0,B-03-03-L4,B,3,4,1,0
AAS10246T0,B-04-01-L4,B,4,4,1,0
AAS10247T0,B-04-02-L4,B,4,4,1,0
AAS10248T0,H-10-02-L3,H,10,3,1,0
AAS10249T0,H-10-03-L3,H,10,3,1,0
AAS10250T0,B-04-03-L4,B,4,4,1,0
AAS10252T0,B-04-03-L3,B,4,3,1,0
AAS10255T0,B-05-01-L3,B,5,3,1,0
AAS10311T0,F-06-02-L1,F,6,1,0,523
AAS10312T0,J-06-03-L4,J,6,4,1,77
AAS10490T0,F-07-03-L2,F,7,2,0,160
AAS10491T0,J-09-02-L4,J,9,4,1,25
AAS10512T0AG,J-13-02-L7,J,13,7,1,4
AAS10571T0,F-10-01-L1,F,10,1,0,278
AAS10572T0,F-10-02-L1,F,10,1,0,284
AAS10573T0,A-02-01-L2,A,2,2,0,137
AAS10574T0,D-11-01-L4,D,11,4,1,1
AAS10575T0,C-04-03-L7,C,4,7,1,4
AAS10591T0,G-04-03-L5,G,4,5,1,0
AAS10592T0,F-03-03-L7,F,3,7,1,0
AAS10593T0,J-08-03-L0,J,8,0,0,0
AAS10594T0,J-08-01-L1,J,8,1,0,0
AAS10596T0,J-08-02-L1,J,8,1,0,0
AAS10597T0,J-08-01-L7,J,8,7,1,0
AAS10605T0,J-08-03-L1,J,8,1,0,0
AAS10612T0,J-08-01-L2,J,8,2,0,0
AAS10635T0,I-10-02-L0,I,10,0,0,0
AAS10638T0,H-02-02-L2,H,2,2,0,53
AAS10648T0,G-10-01-L4,G,10,4,1,0
AAS10649T0,D-05-01-L2,D,5,2,0,133
AAS10650T0,E-12-01-L4,E,12,4,1,1
AAS10664T0,H-05-03-L0,H,5,0,0,0
AAS10669T0,H-05-01-L1,H,5,1,0,0
AAS10670T0,H-05-02-L1,H,5,1,0,0
AAS10671T0,D-06-02-L8,D,6,8,1,4
AAS10675T0R07,J-05-03-L4,J,5,4,1,80
AAS10676T0R07,F-01-01-L8,F,1,8,1,62
AAS10678T0R07,A-08-01-L3,A,8,3,1,20
AAS10679T0,G-09-01-L2,G,9,2,0,143
AAS10680T0,A-08-02-L3,A,8,3,1,20
AAS10681T0R07,J-05-01-L6,J,5,6,1,80
AAS10682T0R07,E-05-01-L2,E,5,2,0,162
AAS10683T0R07,J-05-02-L6,J,5,6,1,71
AAS10684T0R07,J-05-03-L1,J,5,1,0,82
AAS10685T0R07,J-05-01-L2,J,5,2,0,73
AAS10697T0R07,E-09-03-L1,E,9,1,0,310
AAS10698T0,D-08-01-L1,D,8,1,0,310
AAS10699T0R07,C-09-01-L3,C,9,3,1,29
AAS10700T0,C-09-02-L3,C,9,3,1,29
AAS10701T0,B-03-01-L5,B,3,5,1,8
AAS10702T0,B-12-02-L5,B,12,5,1,4
AAS10707T0,B-05-01-L4,B,5,4,1,0
AAS10708T0,E-05-03-L6,E,5,6,1,0
AAS10709T0,B-05-02-L4,B,5,4,1,0
AAS10711T0,B-05-03-L4,B,5,4,1,0
AAS10713T0,B-02-01-L6,B,2,6,1,38
AAS10714T0,H-09-01-L6,H,9,6,1,19
AAS10715T0,H-09-02-L6,H,9,6,1,19
AAS10716T0,H-09-03-L6,H,9,6,1,19
AAS10718T0,H-04-02-L6,H,4,6,1,76
AAS10720T0,D-04-01-L6,D,4,6,1,19
AAS10721T0,D-04-02-L6,D,4,6,1,19
AAS10722T0,D-04-03-L6,D,4,6,1,19
AAS10723T0,I-09-01-L6,I,9,6,1,19
AAS10733T0,J-05-03-L6,J,5,6,1,104
AAS10733T0AG,J-16-01-L7,J,16,7,1,4
AAS10733T0SN,I-01-02-L6,I,1,6,1,66
AAS10737T0,J-03-03-L7,J,3,7,1,90
AAS10738T0,I-02-03-L4,I,2,4,1,89
AAS10752T0-EPK,E-09-02-L7,E,9,7,1,0
AAS10753T0-EPK,E-09-03-L7,E,9,7,1,0
AAS10820T0,C-02-01-L2,C,2,2,0,174
AAS10832T0,B-06-02-L1,B,6,1,0,0
AAS10833T0,B-06-03-L1,B,6,1,0,0
AAS10834T0,E-11-02-L0,E,11,0,0,0
AAS10835T0,B-07-01-L1,B,7,1,0,0
AAS10836T0,B-07-02-L1,B,7,1,0,0
AAS10838T0,E-07-01-L0,E,7,0,0,0
AAS10839T0,B-07-03-L1,B,7,1,0,0
AAS10840T0,B-08-01-L1,B,8,1,0,0
AAS10841T0,B-08-02-L1,B,8,1,0,0
AAS10842T0,B-05-03-L0,B,5,0,0,0
AAS10844T0,B-08-03-L1,B,8,1,0,0
AAS10845T0,B-09-01-L1,B,9,1,0,0
AAS10846T0,B-09-02-L1,B,9,1,0,0
AAS10847T0,E-11-03-L0,E,11,0,0,0
AAS10848T0,B-09-03-L1,B,9,1,0,0
AAS10850T0,B-10-01-L1,B,10,1,0,0
AAS10851T0,B-10-02-L1,B,10,1,0,0
AAS10852T0,B-10-03-L1,B,10,1,0,0
AAS10855T0,B-11-01-L1,B,11,1,0,0
AAS10860T0,B-11-02-L1,B,11,1,0,0
AAS10861T0,B-11-03-L1,B,11,1,0,0
AAS10862T0,B-06-01-L1,B,6,1,0,0
AAS10869T0,I-03-03-L4,I,3,4,1,72
AAS10870T0,J-08-02-L2,J,8,2,0,36
AAS10871T0,D-02-02-L4,D,2,4,1,18
AAS10873T0,D-02-03-L4,D,2,4,1,18
AAS10876T0R07,B-01-01-L8,B,1,8,1,14
AAS10881T0R07,B-01-02-L8,B,1,8,1,14
AAS10886T0,G-10-01-L1,G,10,1,0,586
AAS10887T0,D-02-01-L5,D,2,5,1,18
AAS10888T0,I-03-02-L6,I,3,6,1,76
AAS10891T0,J-02-03-L6,J,2,6,1,81
AAS10894T0,B-12-01-L1,B,12,1,0,0
AAS10895T0R14,D-06-03-L8,D,6,8,1,2
AAS10896T0R07,B-01-03-L8,B,1,8,1,14
AAS10896T0R14,F-09-01-L8,F,9,8,1,2
AAS10897T0,J-10-01-L1,J,10,1,0,16
AAS10898T0,J-10-02-L1,J,10,1,0,16
AAS10905T0,G-04-01-L7,G,4,7,1,33
AAS10907T0,E-03-03-L5,E,3,5,1,26
AAS10908T0,E-03-01-L7,E,3,7,1,26
AAS10909T0,I-05-01-L4,I,5,4,1,52
AAS10910T0,F-09-02-L8,F,9,8,1,2
AAS10913T0,J-16-02-L7,J,16,7,1,4
AAS10915T0,F-05-02-L7,F,5,7,1,22
AAS10916T0,F-05-01-L8,F,5,8,1,22
AAS10921T0,H-04-01-L7,H,4,7,1,45
AAS10923T0,D-10-01-L0,D,10,0,0,987
AAS10924T0,A-04-03-L1,A,4,1,0,343
AAS10944T0,B-12-02-L1,B,12,1,0,0
AAS10945T0,B-12-03-L1,B,12,1,0,0
AAS30032TA,U-01-02-L4,U,1,4,1,2
AAS30095TA,B-10-03-L3,B,10,3,1,0
AAS30113TA,A-05-01-L4,A,5,4,1,2
AAS30113TASN,F-11-02-L3,F,11,3,1,13
AAS30113TB,A-05-02-L4,A,5,4,1,2
AAS30113TBSN,F-11-03-L3,F,11,3,1,13
AAS30113TC,A-05-03-L4,A,5,4,1,2
AAS30113TCSN,U-02-01-L3,U,2,3,1,13
AAS30114TA,G-12-01-L4,G,12,4,1,2
AAS30114TASN,U-02-02-L3,U,2,3,1,13
AAS30114TB,G-12-02-L4,G,12,4,1,2
AAS30114TBSN,A-06-01-L3,A,6,3,1,13
AAS30114TC,G-12-03-L4,G,12,4,1,2
AAS30114TCSN,A-06-02-L3,A,6,3,1,13
AAS40372T0,F-09-03-L8,F,9,8,1,6
AAS40373T0,U-05-02-L6,U,5,6,1,18
AAS40374T0,G-10-01-L8,G,10,8,1,6
AAS40397T0,U-11-01-L3,U,11,3,1,10
AAS40399T0,D-05-02-L4,D,5,4,1,5
AAS40400T0,J-16-02-L0,J,16,0,0,1
AAS40621TB,J-15-01-L5,J,15,5,1,0
AAS40621TR,H-06-01-L5,H,6,5,1,0
AAS40621TXG,G-10-02-L8,G,10,8,1,2
AAS40621TZ,U-06-01-L5,U,6,5,1,0
AAS40629T0,E-09-01-L4,E,9,4,1,3
AAS40630T0,J-05-02-L0,J,5,0,0,124
AAS40647T0,E-09-02-L4,E,9,4,1,6
AAS40647T0SN,G-10-03-L8,G,10,8,1,3
AAS40651T0SN,D-04-03-L1,D,4,1,0,309
AAS40652T0,B-07-02-L2,B,7,2,0,175
AAS40653T0SN,D-06-02-L2,D,6,2,0,99
AAS40654T0,H-07-01-L4,H,7,4,1,25
AAS40654T0SN,D-06-03-L2,D,6,2,0,99
AAS40655T0,E-09-03-L4,E,9,4,1,5
AAS40656T0SN,G-10-03-L2,G,10,2,0,100
AAS40896TA,J-16-01-L1,J,16,1,0,0
AAS41086T0,C-06-01-L1,C,6,1,0,0
AAS41213T0,D-08-01-L4,D,8,4,1,3
AAS41214TB,D-08-02-L4,D,8,4,1,3
AAS41277TB,D-08-01-L7,D,8,7,1,3
AAS41481TA,D-05-02-L2,D,5,2,0,166
AAS41481TB,A-03-01-L2,A,3,2,0,163
AAS41481TC,B-02-02-L6,B,2,6,1,36
AAS41482T0,A-03-02-L2,A,3,2,0,166
AAS41483TA,F-06-01-L3,F,6,3,1,36
AAS41483TB,U-07-02-L3,U,7,3,1,18
AAS41484T0,A-03-03-L2,A,3,2,0,166
AAS41485T0,E-07-01-L2,E,7,2,0,166
AAS41510T0,D-12-01-L3,D,12,3,1,18
AAS41512T0,G-12-01-L2,G,12,2,0,152
AAS41517TC,I-03-02-L2,I,3,2,0,306
AAS41518TA,G-12-02-L2,G,12,2,0,148
AAS41518TB,G-12-03-L2,G,12,2,0,150
AAS41518TC,E-09-01-L2,E,9,2,0,149
AAS41583T0,I-03-03-L2,I,3,2,0,298
AAS41584T0,D-07-02-L2,D,7,2,0,148
AAS41585T0,E-09-02-L2,E,9,2,0,145
AAS41586T0,E-09-03-L2,E,9,2,0,145
AAS41588T0,E-07-01-L1,E,7,1,0,453
AAS41589TA,B-05-02-L1,B,5,1,0,632
AAS41589TB,B-05-03-L1,B,5,1,0,632
AAS41592T0,D-08-01-L2,D,8,2,0,149
AAS41625T0,D-08-02-L2,D,8,2,0,159
AAS41626T0,E-03-02-L7,E,3,7,1,38
AAS41642T0,C-02-03-L4,C,2,4,1,8
AAS41643T0,C-03-01-L4,C,3,4,1,8
AAS41724T0,E-07-02-L2,E,7,2,0,166
AAS41725T0,F-11-01-L4,F,11,4,1,18
AAS41727TA,D-03-03-L2,D,3,2,0,198
AAS41727TB,F-06-01-L2,F,6,2,0,197
AAS41760T0,F-11-02-L4,F,11,4,1,0
AAS41761T0,A-04-01-L8,A,4,8,1,2
AAS41907T0,G-03-03-L3,G,3,3,1,186
AAS42036T0,B-05-03-L7,B,5,7,1,6
AAS42164T0,J-08-03-L2,J,8,2,0,59
AAS42165TASN,I-03-03-L6,I,3,6,1,118
AAS42165TBSN,D-01-03-L6,D,1,6,1,59
AAS42165TCSN,F-04-01-L6,F,4,6,1,59
AAS42165TDSN,F-04-02-L6,F,4,6,1,59
AAS42295T0,B-01-03-L2,B,1,2,0,0
AAS42296T0,B-02-01-L2,B,2,2,0,0
AAS42297T0,U-08-02-L3,U,8,3,1,0
AAS42357T0,E-06-01-L1,E,6,1,0,0
AAS42359T0,B-09-02-L2,B,9,2,0,0
AAS42362T0,J-15-02-L6,J,15,6,1,0
AAS42370T0,I-09-02-L6,I,9,6,1,18
AAS42371T0,G-04-02-L6,G,4,6,1,54
AAS42376T0,J-16-02-L1,J,16,1,0,1
AAS42385T0,I-11-03-L5,I,11,5,1,220
AAS49802T0,I-09-02-L5,I,9,5,1,311
AAS49804T0,H-01-02-L7,H,1,7,1,115
AAS49831T0,F-05-01-L2,F,5,2,0,461
AAS49847T0,J-16-01-L2,J,16,2,0,2
AAS49901T0,G-03-01-L2,G,3,2,0,471
AAS49961T0,G-03-01-L6,G,3,6,1,61
AAS49963T0,J-02-03-L3,J,2,3,1,0
AAV14221,E-12-02-L4,E,12,4,1,0
AAV17870,J-16-02-L2,J,16,2,0,43
AAV17874,A-03-01-L5,A,3,5,1,40
AAV23775,C-02-01-L0,C,2,0,0,0
AAV24160,E-02-01-L2,E,2,2,0,0
AAV24161,H-04-02-L7,H,4,7,1,0
AAV24162,F-01-02-L8,F,1,8,1,0
AAV24163,J-05-03-L0,J,5,0,0,0
AAV33176,C-07-01-L1,C,7,1,0,0
AAV33177,C-07-02-L1,C,7,1,0,0
AAV36546R12,A-08-01-L6,A,8,6,1,8
AAV36546S07,B-03-02-L5,B,3,5,1,22
AAV36551R12,G-11-03-L6,G,11,6,1,8
AAV36551R14,H-09-01-L3,H,9,3,1,22
AAV36551S07,B-04-03-L7,B,4,7,1,17
AAV41876,A-10-03-L2,A,10,2,0,0
AAV41876S07,A-03-01-L7,A,3,7,1,0
AAV41878,B-07-03-L8,B,7,8,1,0
AAV41885,B-03-03-L5,B,3,5,1,0
AAV42403,I-03-01-L6,I,3,6,1,0
AAV42412,I-11-01-L5,I,11,5,1,0
AAV43538,E-07-03-L1,E,7,1,0,438
AAV43632,J-02-01-L7,J,2,7,1,117
AAV43635,G-03-02-L4,G,3,4,1,47
AAV49636,C-01-01-L1,C,1,1,0,616
AAV50992,H-01-03-L7,H,1,7,1,0
AAV52067,C-08-03-L1,C,8,1,0,0
AAV55545,A-03-01-L1,A,3,1,0,453
AAV55917,E-07-03-L2,E,7,2,0,0
AAV55931,J-07-01-L0,J,7,0,0,43
AAV60690,F-08-02-L0,F,8,0,0,338
AAV60877,A-03-02-L5,A,3,5,1,17
AAV61012,G-02-01-L3,G,2,3,1,0
AAV64158,D-02-01-L1,D,2,1,0,0
AAV80194,E-05-01-L4,E,5,4,1,6
AAV80205,E-05-02-L4,E,5,4,1,6
AAV82271,A-08-02-L6,A,8,6,1,6
AAV86003,F-10-01-L6,F,10,6,1,7
AAV88178,B-04-03-L0,B,4,0,0,0
AAV91761,B-06-01-L0,B,6,0,0,0
ABL6TS06U,E-11-02-L2,E,11,2,0,39
ABL6TS16U,B-02-01-L4,B,2,4,1,11
ACTPC6ASFLS30WE,B-12-03-L5,B,12,5,1,320
AEMOE05B25B2115E2,D-08-02-L7,D,8,7,1,3
AEMOK05B55E511,B-09-03-L3,B,9,3,1,45
AEMON05B55B511000M,F-11-01-L7,F,11,7,1,3
AEMOO05E800011,A-08-03-L6,A,8,6,1,6
AEMOQ05B85F811000M,F-11-02-L7,F,11,7,1,3
AEMOS05B55B5215E5,F-11-03-L7,F,11,7,1,3
AEMSO05B55E521,D-11-01-L6,D,11,6,1,6
AEMST05B55E521,A-06-01-L7,A,6,7,1,3
AGDOLAP28188,E-08-01-L3,E,8,3,1,0
AGDOLAP28190,U-08-03-L3,U,8,3,1,0
AGDOLAP28195,A-03-02-L7,A,3,7,1,0
AGDOLAP28196,D-01-02-L4,D,1,4,1,0
AGDOLAP28199,E-12-03-L4,E,12,4,1,0
AGDOLAP28596,B-08-01-L5,B,8,5,1,0
AGDOLAP28802,A-11-03-L2,A,11,2,0,0
AGDOLAP28804,J-04-02-L2,J,4,2,0,0
AGS490502-01,B-05-02-L3,B,5,3,1,3
AGSC72891-04,C-03-03-L3,C,3,3,1,0
AGSC72922-01,D-05-01-L3,D,5,3,1,0
AGSC72974-22,D-05-02-L3,D,5,3,1,0
AGSC72974-23,D-05-03-L3,D,5,3,1,0
AGSC72974-24,F-08-01-L3,F,8,3,1,0
AGSC73386-01,C-04-01-L3,C,4,3,1,0
AGSC73451-01,F-08-02-L3,F,8,3,1,0
AGSC73716-01,F-08-03-L3,F,8,3,1,0
AGSC73717-01,I-10-01-L3,I,10,3,1,0
AGSC73726-03,I-10-02-L3,I,10,3,1,0
AGSC73726-04,I-10-03-L3,I,10,3,1,0
AGSC73761-02,G-09-01-L3,G,9,3,1,0
AGSC73761-05,E-12-01-L6,E,12,6,1,0
AGSC74270-10,B-06-01-L4,B,6,4,1,5
AGSC74272-01,G-09-02-L3,G,9,3,1,0
AGSC74448-01,F-07-01-L6,F,7,6,1,11
AGSC74448-02,A-10-01-L3,A,10,3,1,11
AGSH31601-01,A-06-02-L7,A,6,7,1,5
AGSH35446-01,A-06-03-L7,A,6,7,1,1
AGSI03560-01,B-05-03-L3,B,5,3,1,0
AHMOF05B85F811,E-12-02-L6,E,12,6,1,6
AMB00194,G-12-01-L0,G,12,0,0,1342
AMB00204,H-11-01-L5,H,11,5,1,0
AMB00374,F-04-03-L6,F,4,6,1,0
AMB00447,F-02-03-L1,F,2,1,0,0
AMB00448,B-02-01-L1,B,2,1,0,0
AMB00456,E-05-02-L2,E,5,2,0,0
AMB00512,B-07-03-L2,B,7,2,0,229
AMB00513,G-05-01-L3,G,5,3,1,0
AMB00525,B-08-02-L3,B,8,3,1,148
AMB00577,J-07-02-L0,J,7,0,0,1
AMB00578,F-07-02-L6,F,7,6,1,0
AMB00628,H-05-02-L3,H,5,3,1,0
AMB00754,U-06-01-L4,U,6,4,1,1
AMB00755,U-06-02-L4,U,6,4,1,0
AMPERMETRE169,A-03-03-L5,A,3,5,1,0
AMPERMETRE617,E-12-03-L6,E,12,6,1,6
AMT000155-02,B-06-01-L3,B,6,3,1,0
AMT000195-01,G-09-03-L3,G,9,3,1,0
AMT000926-01,E-08-02-L3,E,8,3,1,0
AMT000936-01,C-04-02-L3,C,4,3,1,0
AMT002863-01,I-05-02-L3,I,5,3,1,0
AMT002883-01,E-01-01-L3,E,1,3,1,0
AMT003166-05,C-10-01-L4,C,10,4,1,0
AMT204220-01,I-11-01-L6,I,11,6,1,12
AMTH04261-01,I-11-02-L6,I,11,6,1,16
AMTH06656-01,C-10-02-L4,C,10,4,1,0
BBV14869,F-09-02-L0,F,9,0,0,0
BBV15648,J-17-01-L0,J,17,0,0,6
BBV17284,F-10-02-L6,F,10,6,1,13
BBV19284,A-04-02-L8,A,4,8,1,2
BBV19285,J-17-02-L0,J,17,0,0,1
BBV19286,E-10-01-L7,E,10,7,1,3
BBV19287,A-03-03-L7,A,3,7,1,4
BBV19288,A-04-03-L8,A,4,8,1,2
BBV19290,U-06-01-L6,U,6,6,1,6
BBV19619,J-17-01-L1,J,17,1,0,6
BBV22062,F-09-03-L0,F,9,0,0,0
BBV22837,B-07-02-L0,B,7,0,0,0
BBV24192,C-07-03-L0,C,7,0,0,0
BBV24940,F-10-01-L0,F,10,0,0,0
BBV25627,F-11-03-L4,F,11,4,1,6
BBV27828,G-10-01-L0,G,10,0,0,0
BBV27844,F-07-03-L6,F,7,6,1,14
BBV31367,I-08-02-L0,I,8,0,0,0
BBV31368,D-03-01-L0,D,3,0,0,0
BBV31369,F-06-02-L0,F,6,0,0,0
BBV31551,C-05-01-L7,C,5,7,1,7
BBV31555,C-05-02-L7,C,5,7,1,7
BBV34228,C-05-03-L7,C,5,7,1,7
BBV34230,C-06-01-L7,C,6,7,1,7
BBV34232,B-02-03-L6,B,2,6,1,28
BBV34233,C-06-02-L7,C,6,7,1,7
BBV34236,C-06-03-L7,C,6,7,1,7
BBV34241,C-07-01-L7,C,7,7,1,7
BBV34246,C-07-02-L7,C,7,7,1,7
BBV34247,C-07-03-L7,C,7,7,1,7
BBV34650,F-09-01-L0,F,9,0,0,0
BBV34679,B-11-01-L0,B,11,0,0,0
BBV37577,C-08-01-L7,C,8,7,1,7
BBV40299,C-12-01-L6,C,12,6,1,6
BBV40669,C-08-02-L7,C,8,7,1,7
BBV40670,C-08-03-L7,C,8,7,1,7
BBV40671,C-09-01-L7,C,9,7,1,7
BBV40678,E-08-01-L8,E,8,8,1,2
BBV40679,E-08-02-L8,E,8,8,1,2
BBV40691,U-06-02-L6,U,6,6,1,6
BBV40784,E-08-01-L0,E,8,0,0,2
BBV41038,E-10-02-L7,E,10,7,1,5
BBV41047,B-03-01-L6,B,3,6,1,28
BBV41049,C-09-02-L7,C,9,7,1,7
BBV41228,C-09-03-L7,C,9,7,1,7
BBV41440,G-08-01-L6,G,8,6,1,14
BBV41443,E-10-03-L7,E,10,7,1,5
BBV41956,J-17-02-L6,J,17,6,1,9
BBV44337,D-09-01-L7,D,9,7,1,5
BBV44643,E-08-03-L8,E,8,8,1,2
BBV44645,D-09-02-L7,D,9,7,1,5
BBV44646,D-09-03-L7,D,9,7,1,5
BBV44647,F-12-01-L7,F,12,7,1,5
BBV44648,F-12-02-L7,F,12,7,1,5
BBV45114,E-07-03-L0,E,7,0,0,0
BBV45462,E-01-03-L0,E,1,0,0,0
BBV46299,G-01-02-L3,G,1,3,1,0
BBV48821,E-08-02-L0,E,8,0,0,0
BBV49196,A-04-01-L0,A,4,0,0,0
BBV49257,F-11-02-L1,F,11,1,0,352
BBV49262,F-11-03-L1,F,11,1,0,352
BBV55406,C-05-02-L0,C,5,0,0,0
BBV57728,D-06-03-L0,D,6,0,0,0
BBV59583,C-10-01-L7,C,10,7,1,7
BBV59723,C-10-02-L7,C,10,7,1,7
BBV60758,F-01-01-L2,F,1,2,0,0
BBV61183,B-07-03-L0,B,7,0,0,0
BF4-24VDC,E-03-01-L3,E,3,3,1,0
BF4-48VDC,E-04-01-L3,E,4,3,1,0
BLRCH104A125B48,A-09-01-L6,A,9,6,1,0
BQT38304,A-09-02-L6,A,9,6,1,0
BQT38955,G-06-01-L1,G,6,1,0,2
BQT41857,A-09-03-L6,A,9,6,1,0
BRU58791,F-12-03-L7,F,12,7,1,0
BRU58794,A-07-01-L7,A,7,7,1,0
BRU63807,A-07-02-L7,A,7,7,1,0
BRU66032,J-17-02-L1,J,17,1,0,0
BRU71170,J-17-01-L2,J,17,2,0,0
BRU71262,A-07-03-L7,A,7,7,1,0
BRU82376,J-06-01-L7,J,6,7,1,192
BRU87488,E-11-01-L7,E,11,7,1,0
BW467,F-05-01-L6,F,5,6,1,12
C1034V100,G-05-03-L4,G,5,4,1,0
C1036E040,J-10-01-L2,J,10,2,0,0
C1036E100,C-10-02-L3,C,10,3,1,0
C103TM016,J-10-02-L2,J,10,2,0,0
C1042D100,B-10-01-L6,B,10,6,1,0
C104TM016,J-17-02-L2,J,17,2,0,0
C104TM050,D-07-01-L8,D,7,8,1,0
C104TM063,U-02-01-L4,U,2,4,1,0
C104TM100,E-05-03-L4,E,5,4,1,0
C10S4,U-04-02-L3,U,4,3,1,0
C163TM160,D-05-03-L4,D,5,4,1,20
C16S3,B-12-01-L8,B,12,8,1,3
C253TM250,H-09-01-L4,H,9,4,1,0
C254TM250,E-11-02-L7,E,11,7,1,0
C25S3,C-02-02-L8,C,2,8,1,0
C25S4,J-17-01-L7,J,17,7,1,0
C32WA5970E,G-08-02-L6,G,8,6,1,10
C4042D400,C-03-02-L4,C,3,4,1,0
C40S4,F-10-03-L6,F,10,6,1,0
C6332D630,F-08-01-L4,F,8,4,1,0
C63S4,E-07-01-L5,E,7,5,1,0
CESU-001,A-05-01-L3,A,5,3,1,16
CESU-002,A-05-02-L3,A,5,3,1,16
CF36/10,H-03-02-L6,H,3,6,1,48
CF36/2.5,H-06-03-L5,H,6,5,1,369
CF36/50,E-11-03-L7,E,11,7,1,0
CF36/6.3,U-03-01-L5,U,3,5,1,99
CSTP25-20-200,J-08-02-L6,J,8,6,1,40
CUS-Y2540113-SEG,E-07-02-L5,E,7,5,1,0
CUS-Y2540513-SYC,E-07-03-L5,E,7,5,1,0
DISI_SOKET10,H-11-01-L0,H,11,0,0,1
DRC007897-01,B-06-02-L4,B,6,4,1,0
E142317B2M0B98L,H-11-02-L0,H,11,0,0,8
E44231FB4M0E38M,H-11-03-L0,H,11,0,0,0
E74632QHBM0C88M,A-09-01-L4,A,9,4,1,0
EAV14115,J-17-02-L7,J,17,7,1,8
EAV14460,U-07-01-L6,U,7,6,1,6
EAV14610,U-11-02-L3,U,11,3,1,11
EAV15118,B-04-01-L8,B,4,8,1,0
EAV18146,G-08-03-L6,G,8,6,1,14
EAV19212,A-02-01-L6,A,2,6,1,14
EAV19224,A-02-02-L6,A,2,6,1,14
EAV25748,I-01-02-L1,I,1,1,0,228
EAV25749,G-11-03-L0,G,11,0,0,454
EAV28981,B-06-03-L4,B,6,4,1,6
EAV43345,I-03-02-L1,I,3,1,0,163
EAV45262,D-09-01-L1,D,9,1,0,0
EAV45626R14,G-04-03-L6,G,4,6,1,36
EAV53363,D-10-01-L7,D,10,7,1,3
EAV53378,D-10-02-L7,D,10,7,1,0
EAV53379,D-10-03-L7,D,10,7,1,0
EAV53383,U-07-02-L6,U,7,6,1,6
EAV55085,E-07-01-L6,E,7,6,1,9
EAV57108,G-06-03-L6,G,6,6,1,21
EAV61396,A-10-03-L0,A,10,0,0,289
EAV62986,J-08-01-L4,J,8,4,1,43
EAV63071,J-08-02-L4,J,8,4,1,42
EAV64872,A-08-01-L7,A,8,7,1,3
EAV64873,A-08-02-L7,A,8,7,1,3
EAV66405R12,I-03-03-L7,I,3,7,1,64
EAV66405S07,H-04-03-L7,H,4,7,1,140
EAV66649R12,H-11-01-L1,H,11,1,0,1
EAV66649R14,G-03-01-L5,G,3,5,1,51
EAV66650R12,J-18-01-L6,J,18,6,1,11
EAV66650R14,H-07-02-L6,H,7,6,1,38
EAV66653R14,D-07-02-L8,D,7,8,1,2
EAV66654R12,D-12-01-L6,D,12,6,1,7
EAV66654S07,B-03-01-L7,B,3,7,1,27
EAV66656R12,J-18-02-L6,J,18,6,1,8
EAV66656R14,H-09-02-L3,H,9,3,1,29
EAV70647-018R10,H-11-02-L1,H,11,1,0,0
EAV70647-042R10,I-11-03-L6,I,11,6,1,0
EAV70647R10,B-11-03-L3,B,11,3,1,0
EAV71015,U-01-01-L6,U,1,6,1,0
EAV75985,E-05-03-L0,E,5,0,0,0
EAV81627,D-02-02-L5,D,2,5,1,0
EAV84107,B-03-02-L7,B,3,7,1,6
EAV84745,B-12-02-L8,B,12,8,1,6
EAV84813,E-05-02-L0,E,5,0,0,0
EAV84822,G-07-01-L0,G,7,0,0,0
EAV86412,C-11-01-L7,C,11,7,1,7
EAV92430,B-04-02-L8,B,4,8,1,1
EAV92988,B-09-03-L2,B,9,2,0,343
EAV93562,B-10-01-L2,B,10,2,0,344
EAV93856,B-12-03-L8,B,12,8,1,6
EIBAD0443-01,C-04-03-L3,C,4,3,1,0
EIBAD1038-02,J-13-01-L3,J,13,3,1,0
EIBAD1110-01,J-13-02-L3,J,13,3,1,0
EIBAD1114-02,J-16-01-L3,J,16,3,1,0
EIBAD1180-01,B-06-02-L3,B,6,3,1,0
EIBAD1183-02,U-08-02-L6,U,8,6,1,0
EIBAD1183-03,U-08-03-L6,U,8,6,1,0
EIBAE1018-01,J-16-02-L3,J,16,3,1,0
EIBAE1025-02R27,D-07-03-L8,D,7,8,1,0
EIBAE1036-02R27,G-11-01-L8,G,11,8,1,0
EIBAE1075-02,A-03-01-L3,A,3,3,1,0
EIBAE1076-01,F-08-02-L4,F,8,4,1,0
EIBAE1098-01,A-03-02-L3,A,3,3,1,0
EIBAE1115-02,D-03-02-L3,D,3,3,1,0
EIBAE1119-01,E-08-03-L3,E,8,3,1,0
EIBAE1119-02,A-03-03-L3,A,3,3,1,0
EIBAE1148-01,C-11-02-L7,C,11,7,1,6
EMS58582,H-11-03-L1,H,11,1,0,2
ESY0068F0,G-05-01-L1,G,5,1,0,760
ESY0178F0,E-03-03-L7,E,3,7,1,16
ESY0179F0,J-01-01-L0,J,1,0,0,64
EXE172512A0S,H-03-01-L0,H,3,0,0,0
EXE173112A0S,E-05-03-L2,E,5,2,0,27
EXE173112B0S,A-08-03-L3,A,8,3,1,0
EXE173125C0S,H-05-03-L4,H,5,4,1,0
EXE173125C1B,A-08-03-L7,A,8,7,1,0
EXE51223044F0SC,I-06-02-L1,I,6,1,0,0
EXECOTO,G-11-02-L8,G,11,8,1,0
EXEEDSHT12A2A,A-09-02-L4,A,9,4,1,0
EXEPLWD,A-05-03-L1,A,5,1,0,0
EXEPLWS,I-10-03-L5,I,10,5,1,0
EXETRKAA,B-12-01-L2,B,12,2,0,0
EXETRKAAP,A-09-03-L4,A,9,4,1,0
EXETRKBA,D-02-03-L5,D,2,5,1,0
EXETRKCA,I-05-02-L4,I,5,4,1,0
FIBERCAB072,C-12-01-L7,C,12,7,1,4
FIBERCAB079,E-07-02-L6,E,7,6,1,50
FIBERCAB083,E-02-02-L6,E,2,6,1,129
FIBERCAB085,E-11-01-L3,E,11,3,1,337
FIXED_CART,F-04-01-L4,F,4,4,1,37
FUSE6.3,C-12-02-L7,C,12,7,1,0
GDE14563,H-11-01-L2,H,11,2,0,36
GDE31924,J-08-03-L6,J,8,6,1,40
GDE33134,I-07-01-L6,I,7,6,1,40
GDE55471,G-06-01-L5,G,6,5,1,0
GDE64866,U-02-02-L4,U,2,4,1,31
GDE65821,A-06-01-L4,A,6,4,1,63
GDE66765,H-09-02-L4,H,9,4,1,67
GDE68041,F-04-02-L4,F,4,4,1,90
GDE76221,A-06-02-L4,A,6,4,1,4
GDE80040,H-11-02-L2,H,11,2,0,40
GDE80046,H-11-03-L2,H,11,2,0,36
GDE88004,B-06-03-L3,B,6,3,1,0
GDE88039,B-08-02-L5,B,8,5,1,5
GDE88041,B-05-01-L8,B,5,8,1,5
GDE88912,A-10-02-L3,A,10,3,1,132
GDE96320,D-06-01-L5,D,6,5,1,24
GEX16549-05,G-11-03-L8,G,11,8,1,0
GEX16797,C-11-01-L4,C,11,4,1,0
GEX16802,C-11-02-L4,C,11,4,1,0
GEX27771,J-17-01-L3,J,17,3,1,0
GEX27787,J-17-02-L3,J,17,3,1,0
GEX37214,A-11-03-L1,A,11,1,0,0
GEX37215,G-11-02-L1,G,11,1,0,45
GEX37216,H-06-03-L0,H,6,0,0,0
GEX40253,H-09-03-L4,H,9,4,1,0
GEX41549R07,E-02-01-L7,E,2,7,1,38
GEX41549R14,C-02-02-L6,C,2,6,1,14
GEX41877,J-02-02-L7,J,2,7,1,81
GEX61578,F-05-01-L3,F,5,3,1,0
GEX61581,E-01-02-L3,E,1,3,1,0
GEX62583,D-02-01-L7,D,2,7,1,18
GEX62985,A-06-03-L4,A,6,4,1,6
GEX69885R14,D-06-02-L5,D,6,5,1,1
GEX70294R14,D-06-03-L5,D,6,5,1,1
GEX70801R14,F-09-01-L5,F,9,5,1,1
GEX77045,F-05-02-L8,F,5,8,1,17
GEX77196,F-09-02-L5,F,9,5,1,2
GEX77198,J-10-01-L0,J,10,0,0,16
GEX77200,F-09-03-L5,F,9,5,1,1
GEX77202R07,H-07-02-L4,H,7,4,1,22
GEX77202R14,C-12-02-L6,C,12,6,1,12
GEX77203,J-06-02-L7,J,6,7,1,50
GEX77205,D-11-01-L3,D,11,3,1,13
GEX77206R07,B-02-02-L4,B,2,4,1,14
GEX77206R14,G-10-01-L5,G,10,5,1,1
GEX77207R14,G-10-02-L5,G,10,5,1,1
GEX77208R07,B-02-03-L4,B,2,4,1,13
GEX77208R14,G-10-03-L5,G,10,5,1,1
GEX77209R14,J-14-01-L0,J,14,0,0,1
GEX82623,G-05-02-L2,G,5,2,0,190
GEX83019,A-06-01-L2,A,6,2,0,125
GEX83373,A-06-03-L3,A,6,3,1,17
GEX83374,J-10-01-L4,J,10,4,1,16
GEX83381,J-10-02-L4,J,10,4,1,17
GEX83383,D-02-02-L7,D,2,7,1,19
GEX87189,E-12-01-L3,E,12,3,1,13
GEX87323,F-03-01-L8,F,3,8,1,40
GEX87337,G-04-02-L7,G,4,7,1,33
GEX94427,F-10-01-L8,F,10,8,1,4
GEX99641,F-02-01-L4,F,2,4,1,45
GNL00012,J-14-02-L0,J,14,0,0,0
GNL00022,B-03-02-L6,B,3,6,1,0
GNL00071,B-01-03-L0,B,1,0,0,0
GNL00193,E-07-01-L3,E,7,3,1,0
GNL00222,F-10-02-L8,F,10,8,1,0
GNL00233,C-06-02-L3,C,6,3,1,0
GNL00234,B-03-03-L6,B,3,6,1,0
GNL00235,A-02-03-L6,A,2,6,1,0
GNL00244,U-02-01-L5,U,2,5,1,0
GNL00280,E-06-01-L6,E,6,6,1,0
GNL00478,U-06-02-L5,U,6,5,1,0
GNL00496,J-14-01-L1,J,14,1,0,0
GNL00499,F-10-03-L8,F,10,8,1,0
GNL00659,H-04-01-L5,H,4,5,1,0
GNL00661,G-01-03-L3,G,1,3,1,0
GNL00770,B-07-03-L6,B,7,6,1,0
GNL00811,J-04-02-L5,J,4,5,1,0
GNL00813,J-09-03-L6,J,9,6,1,0
GNL00818,J-02-02-L3,J,2,3,1,0
GNL00819,J-02-03-L5,J,2,5,1,0
GNL00851,J-06-02-L3,J,6,3,1,0
GNL00856,I-01-03-L3,I,1,3,1,0
GNL00857,J-01-01-L5,J,1,5,1,0
GNL00858,H-01-02-L5,H,1,5,1,0
GNL00862,C-02-03-L6,C,2,6,1,0
GNL00917,I-03-01-L5,I,3,5,1,0
GNL00940,E-06-02-L6,E,6,6,1,0
GNL00941,I-08-02-L3,I,8,3,1,0
GNL00948,H-04-01-L1,H,4,1,0,0
GNL00996,G-05-01-L6,G,5,6,1,0
GNL00999,J-02-01-L3,J,2,3,1,0
GS2AH535,J-14-02-L1,J,14,1,0,0
GV1L3,E-10-02-L1,E,10,1,0,6
GV2APN01,A-06-01-L1,A,6,1,0,0
GV2P10,C-12-01-L4,C,12,4,1,2
GV4APN01,H-07-03-L4,H,7,4,1,0
GV4LE80S,J-10-01-L7,J,10,7,1,0
HE-12-IF,G-05-01-L5,G,5,5,1,0
HE-33,D-11-01-L7,D,11,7,1,6
HE-S-36,J-03-01-L6,J,3,6,1,0
HK46G113P120V,J-14-01-L2,J,14,2,0,0
HK46G113S-220VAC,E-04-01-L7,E,4,7,1,0
HRB15288,I-02-01-L3,I,2,3,1,0
HRB19905,I-02-02-L2,I,2,2,0,0
HRB25227,G-04-03-L7,G,4,7,1,104
HRB32870,I-05-02-L2,I,5,2,0,0
HRB33614,F-08-03-L4,F,8,4,1,11
HRB35358,G-02-01-L5,G,2,5,1,0
HRB35359,G-02-01-L4,G,2,4,1,5
HRB35360,G-01-03-L7,G,1,7,1,0
HRB35370,B-01-01-L2,B,1,2,0,0
HRB35380,D-01-03-L4,D,1,4,1,0
HRB37035,G-03-02-L0,G,3,0,0,0
HRB37769,H-03-02-L1,H,3,1,0,0
HRB38367,H-03-03-L1,H,3,1,0,0
HRB38368,H-03-01-L2,H,3,2,0,0
HRB51653,G-01-01-L8,G,1,8,1,2
HRB51667,I-08-01-L7,I,8,7,1,7
HRB51883,B-06-02-L2,B,6,2,0,0
HRB52844,H-03-02-L2,H,3,2,0,0
HRB53713,H-06-01-L1,H,6,1,0,14
HRB55925,H-03-03-L2,H,3,2,0,0
HRB57391,H-03-01-L4,H,3,4,1,0
HRB57440,H-03-02-L4,H,3,4,1,0
HRB60034,H-03-03-L4,H,3,4,1,0
HRB6336400,A-05-03-L3,A,5,3,1,18
HRB64624,B-08-03-L5,B,8,5,1,67
HRB64626,B-08-01-L8,B,8,8,1,67
HRB64828,C-11-01-L5,C,11,5,1,63
HRB64830,C-11-02-L5,C,11,5,1,63
HRB65944,E-12-01-L2,E,12,2,0,142
HRB80976,F-04-03-L4,F,4,4,1,28
HRB81078,D-04-02-L1,D,4,1,0,558
HUA15560,E-11-01-L0,E,11,0,0,0
HUA23187,J-14-01-L7,J,14,7,1,0
HUA23189,I-02-02-L3,I,2,3,1,0
HUA39662,A-10-01-L6,A,10,6,1,0
HVX0F362512T,D-04-02-L2,D,4,2,0,13
HVX0F363112T,I-02-02-L1,I,2,1,0,0
HVX0HNDL0001,H-03-01-L6,H,3,6,1,101
HVX0MCH125DC,F-04-01-L5,F,4,5,1,1
JLJ3932708,C-03-03-L4,C,3,4,1,7
JLJ3932709,C-12-02-L4,C,12,4,1,8
JLJ3932819S07,E-12-01-L7,E,12,7,1,4
JLJ3932855S07,E-04-01-L4,E,4,4,1,6
JLJ3932969,J-14-02-L2,J,14,2,0,1
JLJ3932970,J-15-01-L0,J,15,0,0,1
JLJ3932971,A-05-01-L8,A,5,8,1,2
JLJ3932972,J-15-02-L0,J,15,0,0,1
JLJ3933198S07,I-08-01-L4,I,8,4,1,8
JLJ3935916,A-10-02-L6,A,10,6,1,6
JLJ3936055,E-12-02-L7,E,12,7,1,3
JLJ3936143,E-12-03-L7,E,12,7,1,3
JLJ3936584,A-09-01-L7,A,9,7,1,3
JPS80174,B-01-01-L3,B,1,3,1,0
JYT11061,U-03-01-L4,U,3,4,1,14
JYT17272,G-10-02-L4,G,10,4,1,0
JYT18398,E-07-02-L3,E,7,3,1,0
JYT21669,C-05-01-L3,C,5,3,1,0
JYT30348,J-15-01-L1,J,15,1,0,1
JYT33655S07,A-10-03-L6,A,10,6,1,0
JYT35041_SETR27,A-05-02-L8,A,5,8,1,0
JYT35046,E-07-03-L3,E,7,3,1,0
JYT37347,C-04-01-L2,C,4,2,0,531
JYT37348,D-05-03-L2,D,5,2,0,364
JYT37348-K,D-02-03-L7,D,2,7,1,116
JYT37349,G-01-01-L4,G,1,4,1,182
JYT37349-K,B-08-02-L8,B,8,8,1,58
JYT37493,H-11-01-L3,H,11,3,1,0
JYT47165,H-11-02-L3,H,11,3,1,0
JYT47170,H-11-03-L3,H,11,3,1,0
JYT51423,G-02-03-L1,G,2,1,0,0
JYT70340,I-08-02-L4,I,8,4,1,0
JYT95090,G-09-02-L1,G,9,1,0,0
JYT96080,H-04-01-L3,H,4,3,1,0
JYT96081,H-06-01-L6,H,6,6,1,0
JYT96087,H-04-02-L3,H,4,3,1,0
K1I023NCH,J-15-02-L1,J,15,1,0,0
KABLOETK5,H-02-02-L5,H,2,5,1,0
KARKASCMC4417CS07,J-01-02-L0,J,1,0,0,0
KARKASDM1A81856S07,C-03-02-L1,C,3,1,0,0
KARKASDMAE48603S07,G-04-01-L8,G,4,8,1,0
KARKASQM4329CS07,H-02-02-L4,H,2,4,1,0
KL-721-616/019-044,U-08-03-L5,U,8,5,1,0
LA4DA2N,U-07-01-L4,U,7,4,1,5
LAD8N11,J-08-02-L5,J,8,5,1,0
LADN31,D-01-03-L1,D,1,1,0,0
LAG8N113,C-02-03-L8,C,2,8,1,0
LAG8N113P,C-03-01-L5,C,3,5,1,0
LC1D128M7,J-15-01-L2,J,15,2,0,3
LC1D258ED,A-05-03-L8,A,5,8,1,0
LC1D38BNE,H-08-01-L3,H,8,3,1,0
LC1D80GD,I-08-02-L7,I,8,7,1,0
LC1DT20P7,J-15-02-L2,J,15,2,0,0
LED-BP11-0030,J-02-03-L0,J,2,0,0,0
LED-EM-220VAC-GRN,J-04-01-L4,J,4,4,1,0
LED-EM-220VAC-RED,J-05-01-L1,J,5,1,0,0
LED-EM-24VDC-GRN,J-03-01-L0,J,3,0,0,0
LED-EM-24VDC-RED,C-01-01-L2,C,1,2,0,0
LED-EM-24VDC-YLW,I-02-03-L6,I,2,6,1,0
LED-EM-48VDC-GRN,E-02-02-L7,E,2,7,1,5
LED-EM-48VDC-RED,H-06-02-L1,H,6,1,0,4
LOCK-PART-010,G-12-01-L8,G,12,8,1,0
LT6CT8001,A-09-02-L7,A,9,7,1,3
LTMR08EBD,C-12-01-L2,C,12,2,0,0
LTMT9RJ401,B-08-03-L8,B,8,8,1,10
LTMTCTV100T,F-04-01-L8,F,4,8,1,17
LTMTCTV25T,J-09-03-L4,J,9,4,1,15
LTMTCTV3T,B-03-03-L7,B,3,7,1,6
LTMTCUF,F-02-02-L4,F,2,4,1,34
LTMTIN42FM,J-06-01-L1,J,6,1,0,47
LTMTMFM,F-01-01-L4,F,1,4,1,44
LU9R03,A-06-02-L1,A,6,1,0,0
LV432598T,I-07-02-L7,I,7,7,1,2
LV434220,H-04-02-L1,H,4,1,0,0
LVM02128X0,J-09-01-L7,J,9,7,1,0
LVM02708X0,C-03-02-L5,C,3,5,1,100
LVM02732X0,C-12-01-L5,C,12,5,1,73
LVM02910,H-06-03-L1,H,6,1,0,0
LVM02918,B-04-03-L8,B,4,8,1,0
LVM04654X0,A-04-01-L5,A,4,5,1,0
LVM04660X0,G-12-02-L8,G,12,8,1,0
LVM05006X0,B-05-01-L5,B,5,5,1,16
LVM05021X0,U-07-02-L4,U,7,4,1,196
LVM05047X0,D-12-01-L4,D,12,4,1,14
LVM09814,D-06-01-L3,D,6,3,1,0
LVM20001,C-02-02-L2,C,2,2,0,0
LVM20002,A-12-01-L2,A,12,2,0,0
LVM20004,D-01-01-L1,D,1,1,0,11
LVM20007,G-02-03-L0,G,2,0,0,36
LVM20011,A-05-02-L0,A,5,0,0,0
LVM20015,A-02-02-L1,A,2,1,0,1
LVM20016,D-02-03-L1,D,2,1,0,1
LVM20053XD-101R07,G-06-02-L5,G,6,5,1,0
LVM20558XF-104R14,J-07-03-L3,J,7,3,1,0
LVM20807X0R14,C-12-02-L5,C,12,5,1,133
LVM31023X0,D-09-02-L1,D,9,1,0,0
LVM31046X0,G-05-02-L5,G,5,5,1,0
LVM31125X0,G-06-03-L5,G,6,5,1,0
LVM32505X0,H-06-01-L2,H,6,2,0,0
LVM32506X0,I-08-02-L1,I,8,1,0,0
LVMZ0016X0,U-08-02-L4,U,8,4,1,2
LVMZ0181X0,C-03-03-L5,C,3,5,1,63
LVMZ0182X0,E-04-01-L5,E,4,5,1,26
LVMZ0192,A-04-02-L5,A,4,5,1,31
LVMZ0194,H-08-01-L0,H,8,0,0,70
LVMZ1133X0,A-04-03-L5,A,4,5,1,43
LVMZ1402X0,B-05-02-L5,B,5,5,1,364
LVMZ1479X0,H-06-02-L2,H,6,2,0,0
LVMZ1481X0,G-05-03-L5,G,5,5,1,0
LVMZ1487X0,H-01-02-L2,H,1,2,0,0
LVMZ1502X0,C-03-01-L8,C,3,8,1,0
LVMZ1507X0,I-10-01-L4,I,10,4,1,0
LVMZ1514X0,B-05-03-L5,B,5,5,1,0
LVMZ1518X0,E-09-01-L1,E,9,1,0,0
LVMZ1522X0,I-10-02-L4,I,10,4,1,0
MC000028,B-10-02-L6,B,10,6,1,0
MC02537T0,E-01-01-L6,E,1,6,1,54
MC02538T0,I-06-01-L6,I,6,6,1,60
MC02539T0,B-08-01-L6,B,8,6,1,30
MC02540T0,H-06-02-L6,H,6,6,1,0
MC02541T0,H-06-03-L6,H,6,6,1,0
MC02543T0,E-07-03-L6,E,7,6,1,0
MC02544T0,H-11-01-L6,H,11,6,1,0
MC02545T0,H-11-02-L6,H,11,6,1,0
MC02546T0,H-11-03-L6,H,11,6,1,0
MC02547T0,D-06-01-L6,D,6,6,1,0
MC02548T0,D-06-02-L6,D,6,6,1,0
MC02572T0,H-02-03-L4,H,2,4,1,71
MC02574T0,G-12-01-L3,G,12,3,1,21
MC02575T0,A-09-03-L7,A,9,7,1,3
MC1041,D-12-01-L7,D,12,7,1,3
MC1042,A-10-01-L7,A,10,7,1,3
MC1044,B-08-02-L6,B,8,6,1,0
MC1044-G,B-08-03-L6,B,8,6,1,18
MC1045,D-06-03-L6,D,6,6,1,0
MC1045-G,F-09-01-L6,F,9,6,1,9
MC110002,D-06-02-L1,D,6,1,0,340
MC110003,D-06-03-L1,D,6,1,0,338
MC110034,E-03-01-L8,E,3,8,1,0
MC1156,D-02-02-L3,D,2,3,1,1
MC1160,B-03-02-L3,B,3,3,1,1
MC1161,D-02-03-L3,D,2,3,1,1
MC1162,B-03-03-L3,B,3,3,1,1
MC1163,B-04-01-L3,B,4,3,1,1
MC1164,U-08-03-L4,U,8,4,1,0
MC1165,A-10-01-L4,A,10,4,1,0
MC1166,A-10-02-L4,A,10,4,1,0
MC1167,A-10-03-L4,A,10,4,1,0
MC1168,U-09-01-L4,U,9,4,1,0
MC128-K,F-05-02-L6,F,5,6,1,26
MC134-01,C-04-01-L4,C,4,4,1,12
MC136,F-04-02-L5,F,4,5,1,36
MC150048,G-10-03-L4,G,10,4,1,3
MC150050,U-03-01-L3,U,3,3,1,31
MC150051,G-12-02-L3,G,12,3,1,17
MC150052,J-14-01-L4,J,14,4,1,48
MC150055,I-10-03-L4,I,10,4,1,5
MC150056,U-03-02-L4,U,3,4,1,8
MC150107,E-01-01-L2,E,1,2,0,411
MC150126,F-03-02-L6,F,3,6,1,39
MC150169,U-09-01-L6,U,9,6,1,0
MC150170,U-09-02-L6,U,9,6,1,0
MC170009,B-10-03-L6,B,10,6,1,0
MC170010,B-11-01-L6,B,11,6,1,0
MC2007,C-04-02-L4,C,4,4,1,30
MC2008,G-12-03-L3,G,12,3,1,60
MC2009,E-12-02-L3,E,12,3,1,67
MC2010,H-08-02-L3,H,8,3,1,134
MC2011,A-10-03-L3,A,10,3,1,31
MC2012,F-06-02-L3,F,6,3,1,62
MC2013,G-12-03-L8,G,12,8,1,2
MC2036,E-09-01-L8,E,9,8,1,4
MC2037,E-08-01-L5,E,8,5,1,27
MC2038,E-09-02-L8,E,9,8,1,54
MC204,J-04-02-L3,J,4,3,1,0
MC2134,E-08-02-L5,E,8,5,1,0
MC221104,B-07-01-L3,B,7,3,1,0
MC221170,H-08-01-L7,H,8,7,1,0
MC221171,A-11-01-L6,A,11,6,1,0
MC221172,A-11-02-L6,A,11,6,1,0
MC221173,H-08-02-L7,H,8,7,1,0
MC221174,H-08-03-L7,H,8,7,1,0
MC221175,A-11-03-L6,A,11,6,1,0
MC221176,U-10-01-L6,U,10,6,1,0
MC221177,D-03-01-L7,D,3,7,1,0
MC221178,D-03-02-L7,D,3,7,1,0
MC221179,U-10-02-L6,U,10,6,1,0
MC221180,U-11-01-L6,U,11,6,1,0
MC221181,D-03-03-L7,D,3,7,1,0
MC223267,E-04-01-L6,E,4,6,1,18
MC223269,U-11-02-L6,U,11,6,1,9
MC223271,A-12-01-L6,A,12,6,1,9
MC224099,B-07-01-L4,B,7,4,1,0
MC224100,B-07-02-L4,B,7,4,1,0
MC224103,B-07-03-L4,B,7,4,1,0
MC226173,E-07-01-L7,E,7,7,1,4
MC290,D-03-03-L3,D,3,3,1,29
MC310007,G-08-03-L3,G,8,3,1,0
MC310011,J-05-01-L7,J,5,7,1,0
MC310015,H-09-03-L3,H,9,3,1,0
MC310039,J-14-02-L4,J,14,4,1,0
MC310042,G-07-02-L3,G,7,3,1,0
MC310043,A-02-01-L3,A,2,3,1,0
MC310044,J-05-02-L7,J,5,7,1,0
MC310052,D-04-01-L3,D,4,3,1,0
MC310053,D-04-02-L3,D,4,3,1,0
MC350005,B-04-01-L1,B,4,1,0,0
MC350006,A-02-02-L3,A,2,3,1,0
MC350007,G-11-03-L2,G,11,2,0,0
MC350008,F-10-01-L2,F,10,2,0,0
MC350009,D-04-03-L3,D,4,3,1,0
MC350011,E-08-01-L2,E,8,2,0,0
MC350020,A-02-03-L3,A,2,3,1,0
MC350025,I-09-01-L3,I,9,3,1,1
MC350028,J-05-03-L7,J,5,7,1,0
MC350037,H-06-03-L2,H,6,2,0,0
MC350061,I-11-01-L2,I,11,2,0,0
MC350062,I-11-02-L2,I,11,2,0,0
MC350098,E-06-01-L3,E,6,3,1,0
MC350099,E-06-02-L3,E,6,3,1,0
MC350100,I-06-02-L3,I,6,3,1,0
MC350101,A-11-01-L1,A,11,1,0,0
MC350102,G-04-01-L3,G,4,3,1,0
MC350103,C-06-02-L1,C,6,1,0,0
MC350104,I-09-02-L3,I,9,3,1,0
MC350105,F-07-01-L3,F,7,3,1,0
MC350106,J-04-01-L0,J,4,0,0,0
MC350107,J-04-02-L0,J,4,0,0,0
MC350131,E-09-03-L8,E,9,8,1,0
MC350137,A-12-02-L6,A,12,6,1,0
MC350138,B-09-01-L6,B,9,6,1,0
MC350139R12,H-05-01-L6,H,5,6,1,0
MC350140,U-01-02-L6,U,1,6,1,0
MC367,E-10-01-L4,E,10,4,1,18
MC368,E-10-02-L4,E,10,4,1,18
MC370032,E-07-02-L7,E,7,7,1,0
MC370033,A-05-01-L6,A,5,6,1,0
MC382,F-03-02-L8,F,3,8,1,110
MC410001,A-04-01-L6,A,4,6,1,14
MC410002,A-04-02-L6,A,4,6,1,14
MC418,J-07-02-L6,J,7,6,1,0
MC419,B-01-02-L3,B,1,3,1,70
MC422,F-06-01-L7,F,6,7,1,5
MC423,A-12-03-L6,A,12,6,1,9
MC450010,F-04-02-L3,F,4,3,1,98
MC450012,F-06-01-L6,F,6,6,1,27
MC450013,A-04-03-L6,A,4,6,1,14
MC450133,U-12-01-L6,U,12,6,1,24
MC470001,G-04-02-L3,G,4,3,1,189
MC470115,U-12-02-L6,U,12,6,1,9
MC470117,U-13-01-L6,U,13,6,1,9
MC5005,H-05-03-L1,H,5,1,0,175
MC5006,F-02-02-L6,F,2,6,1,192
MC5007,C-07-02-L3,C,7,3,1,195
MC5009,B-09-01-L5,B,9,5,1,63
MC5010,B-05-02-L8,B,5,8,1,46
MC510002,A-10-02-L7,A,10,7,1,7
MC510010,C-05-03-L6,C,5,6,1,2
MC573,E-07-03-L7,E,7,7,1,4
MC630,J-03-01-L2,J,3,2,0,128
MC650059,B-11-01-L3,B,11,3,1,58
MC650068R18,F-06-02-L7,F,6,7,1,0
MC650069R18,J-11-01-L7,J,11,7,1,0
MC650070R18,U-13-02-L6,U,13,6,1,0
MC650071R18,U-14-01-L6,U,14,6,1,0
MC653,D-02-01-L8,D,2,8,1,22
MC770121,I-05-01-L5,I,5,5,1,0
MCSESU083FN0,U-12-01-L5,U,12,5,1,0
MESAN5820E-110VDC,H-07-01-L7,H,7,7,1,20
MESAN895-110VDCRED,J-09-02-L7,J,9,7,1,24
METSEION7400,E-08-03-L5,E,8,5,1,0
METSEION92040,H-08-02-L0,H,8,0,0,5
METSEION92140,U-09-02-L4,U,9,4,1,0
METSEPM5320,J-11-02-L7,J,11,7,1,2
METSEPM5561,A-11-01-L4,A,11,4,1,0
METSEPM5650,E-03-02-L3,E,3,3,1,0
METSEPM82401,H-11-01-L7,H,11,7,1,1
MFR34424,G-04-02-L8,G,4,8,1,25
MFR36733,E-11-01-L1,E,11,1,0,348
MFR38057S07,J-08-02-L7,J,8,7,1,25
MFR38068,J-08-03-L4,J,8,4,1,25
MFR38500,G-09-01-L4,G,9,4,1,6
MFR38539S07,G-04-03-L8,G,4,8,1,25
MFR38793,I-06-01-L4,I,6,4,1,24
MFR38799,G-09-02-L4,G,9,4,1,6
MFR39067,I-06-02-L4,I,6,4,1,25
MFR39398,B-08-01-L4,B,8,4,1,12
MFR39474,B-11-02-L6,B,11,6,1,24
MFR39937,D-07-01-L5,D,7,5,1,2
MFR40141,D-07-02-L5,D,7,5,1,2
MFR40738,D-08-01-L8,D,8,8,1,4
MFR42021,E-02-03-L7,E,2,7,1,0
MFR42412,E-02-01-L8,E,2,8,1,0
MFR42428,E-02-02-L8,E,2,8,1,0
MFR42515,U-14-02-L6,U,14,6,1,6
MFR49235,I-06-01-L7,I,6,7,1,25
MFR49290,H-08-01-L4,H,8,4,1,0
MFR49910,I-06-02-L7,I,6,7,1,25
MFR50501,H-11-02-L7,H,11,7,1,6
MFR53058,E-02-01-L4,E,2,4,1,0
MFR6869500,D-08-02-L8,D,8,8,1,0
MFR77945,D-07-03-L5,D,7,5,1,2
MFR77955,G-11-01-L5,G,11,5,1,2
MFR78459,E-08-01-L6,E,8,6,1,12
MFR79360,F-11-01-L8,F,11,8,1,4
MFR79458,F-06-02-L6,F,6,6,1,11
MFR92472,E-10-03-L4,E,10,4,1,10
MMC9,I-06-01-L5,I,6,5,1,0
MNE-ACTPC6ASFLS10W,H-08-03-L0,H,8,0,0,64
MNE-ACTPC6ASFLS5WE,H-08-02-L4,H,8,4,1,51
MV261400,F-11-02-L8,F,11,8,1,1
MV261401,F-11-03-L8,F,11,8,1,1
MVFDE36U40AL5,J-16-01-L5,J,16,5,1,117
MVFDE36U63AL5,B-06-01-L7,B,6,7,1,45
NAT17082,E-01-01-L5,E,1,5,1,0
NAT28082,A-05-02-L6,A,5,6,1,0
NAT28083,A-05-03-L6,A,5,6,1,0
NAT28085-001S07,B-06-02-L7,B,6,7,1,0
NAT28085-002S07,G-11-02-L5,G,11,5,1,0
NAT28085S07,G-12-01-L6,G,12,6,1,0
NHA10901,J-10-02-L7,J,10,7,1,7
NHA12446,B-05-03-L8,B,5,8,1,6
NHA12476,A-06-01-L8,A,6,8,1,3
NHA12854,A-11-02-L4,A,11,4,1,1
NHA13012,A-11-03-L4,A,11,4,1,1
NHA13072,A-06-02-L8,A,6,8,1,2
NHA14487,F-12-03-L0,F,12,0,0,1099
NHA14490,F-12-01-L0,F,12,0,0,0
NHA15014,D-04-01-L4,D,4,4,1,0
NHA16968,B-09-02-L5,B,9,5,1,7
NHA19683S07,B-01-01-L4,B,1,4,1,7
NHA20233R14,G-11-03-L5,G,11,5,1,1
NHA20422S07,H-08-01-L1,H,8,1,0,1
NHA22910,G-11-01-L2,G,11,2,0,7
NHA27269,E-06-02-L0,E,6,0,0,1968
NHA31278,H-03-01-L7,H,3,7,1,0
NHA40168,C-04-03-L4,C,4,4,1,4
NHA40857,H-08-02-L1,H,8,1,0,0
NHA41450,D-10-01-L1,D,10,1,0,0
NHA42283,C-03-02-L8,C,3,8,1,27
NHA48752,F-12-01-L1,F,12,1,0,243
NHA53589,F-12-02-L1,F,12,1,0,243
NHA54099,B-03-03-L2,B,3,2,0,0
NHA66417,H-03-02-L7,H,3,7,1,0
NHA72325,H-04-03-L1,H,4,1,0,77
NHA72589,H-05-01-L7,H,5,7,1,57
NHA74459,B-09-03-L5,B,9,5,1,66
NHA87539,G-03-02-L5,G,3,5,1,21
NHA87539-K,F-07-02-L3,F,7,3,1,42
NHA88868,E-12-02-L2,E,12,2,0,150
NHA88871,G-02-02-L5,G,2,5,1,75
NNZ23522,D-09-01-L4,D,9,4,1,28
NNZ23525,D-09-02-L4,D,9,4,1,28
NNZ63591,H-03-03-L6,H,3,6,1,0
NNZ73708,F-04-02-L8,F,4,8,1,86
NNZ74761,D-06-02-L3,D,6,3,1,0
NNZ76185,D-06-03-L3,D,6,3,1,0
NNZ76187,A-12-01-L3,A,12,3,1,0
NNZ76335,F-09-01-L3,F,9,3,1,0
NNZ77523,J-11-01-L3,J,11,3,1,32
NNZ78724,A-06-03-L8,A,6,8,1,2
NNZ79178,F-09-02-L3,F,9,3,1,0
NNZ80694,C-05-02-L3,C,5,3,1,0
NNZ80695,H-07-01-L3,H,7,3,1,0
NNZ80743,F-09-03-L3,F,9,3,1,0
NNZ80782,G-10-01-L3,G,10,3,1,0
NNZ81788,E-11-02-L3,E,11,3,1,0
NNZ81807,J-15-01-L4,J,15,4,1,0
NNZ82268,J-15-02-L4,J,15,4,1,0
NNZ82562,B-08-02-L4,B,8,4,1,0
NNZ83210,B-07-02-L3,B,7,3,1,0
NNZ84360,G-10-02-L3,G,10,3,1,0
NNZ84362,G-10-03-L3,G,10,3,1,0
NNZ84499,J-14-01-L3,J,14,3,1,0
NNZ85228,E-01-02-L6,E,1,6,1,36
NNZ87665,A-12-02-L3,A,12,3,1,0
NNZ87920,I-11-01-L4,I,11,4,1,0
NNZ88435,F-07-03-L3,F,7,3,1,0
NNZ88544,E-10-01-L8,E,10,8,1,2
NNZ88574,G-08-01-L3,G,8,3,1,0
NNZ88604,F-10-01-L5,F,10,5,1,1
NNZ88609,F-10-02-L5,F,10,5,1,1
NNZ89030S07,E-10-02-L8,E,10,8,1,0
NNZ89478,B-07-03-L3,B,7,3,1,0
NNZ93413,J-14-02-L3,J,14,3,1,0
NNZ93424,G-08-02-L3,G,8,3,1,0
NNZ94067,J-15-01-L3,J,15,3,1,0
NNZ96686,J-15-02-L3,J,15,3,1,0
NSYLAM3M,E-10-03-L8,E,10,8,1,2
NSYLAMLDS,H-11-03-L7,H,11,7,1,0
NVE11103,F-02-03-L6,F,2,6,1,48
NVE11105,C-03-01-L6,C,3,6,1,16
NVE11108,J-09-01-L6,J,9,6,1,32
NVE11138,C-03-02-L6,C,3,6,1,16
NVE12761,B-08-01-L0,B,8,0,0,0
NVE12773,I-03-03-L0,I,3,0,0,0
NVE13753,D-04-02-L4,D,4,4,1,64
NVE14992,I-11-02-L4,I,11,4,1,3
NVE18124,D-04-03-L4,D,4,4,1,39
NVE19342,D-09-01-L0,D,9,0,0,0
NVE20194,G-01-01-L3,G,1,3,1,0
NVE20210,E-01-01-L0,E,1,0,0,0
NVE23154,B-11-03-L6,B,11,6,1,20
NVE25093,D-09-03-L4,D,9,4,1,57
NVE25419,F-12-01-L4,F,12,4,1,99
NVE26684,A-10-03-L7,A,10,7,1,43
NVE26691,A-11-01-L7,A,11,7,1,43
NVE28501,A-11-02-L7,A,11,7,1,0
NVE42047,D-09-01-L8,D,9,8,1,0
NVE44360,F-04-03-L8,F,4,8,1,18
NVE44362,J-09-01-L0,J,9,0,0,19
NVE44363,B-03-03-L1,B,3,1,0,420
NVE46947,D-12-01-L2,D,12,2,0,76
NVE54755,G-09-03-L4,G,9,4,1,39
NVE54757,B-09-01-L8,B,9,8,1,66
NVE54761,B-01-01-L5,B,1,5,1,132
NVE58874,I-11-03-L4,I,11,4,1,29
NVE63136,F-12-02-L4,F,12,4,1,56
NVE63141,D-09-02-L8,D,9,8,1,2
NVE65935R12,C-03-03-L6,C,3,6,1,17
NVE65935R14,F-10-03-L5,F,10,5,1,11
NVE65935S07,H-07-01-L0,H,7,0,0,27
NVE66003,F-03-03-L8,F,3,8,1,0
NVE66007,J-13-01-L4,J,13,4,1,0
NVE66009,C-05-01-L4,C,5,4,1,0
NVE71463,B-01-02-L4,B,1,4,1,0
NVE72937,A-07-01-L2,A,7,2,0,0
NVE74895,B-10-02-L2,B,10,2,0,334
NVE83009R12,F-05-02-L3,F,5,3,1,70
NVE83009S07,F-11-01-L2,F,11,2,0,16
NVE83303,B-12-02-L2,B,12,2,0,0
NVE83318,G-11-02-L2,G,11,2,0,0
NVE83407,F-10-02-L2,F,10,2,0,0
NVE83472,E-11-02-L1,E,11,1,0,310
NVE83485,D-07-03-L2,D,7,2,0,101
NVE83501,G-11-01-L1,G,11,1,0,0
NVE83511,G-07-03-L3,G,7,3,1,0
NVE84039,B-12-03-L2,B,12,2,0,0
NVE84041,B-02-02-L2,B,2,2,0,0
NVE84042,B-10-03-L2,B,10,2,0,0
NVE84046-007R10,J-18-01-L0,J,18,0,0,0
NVE84046-012R10,U-10-01-L4,U,10,4,1,0
NVE84046-355R10,U-10-02-L4,U,10,4,1,0
NVE84046-366R10,J-18-02-L0,J,18,0,0,0
NVE84374,C-08-01-L1,C,8,1,0,380
NVE84918,I-09-01-L4,I,9,4,1,8
NVE84919,I-09-02-L4,I,9,4,1,0
NVE84920,F-07-01-L4,F,7,4,1,9
NVE84922,H-08-03-L4,H,8,4,1,0
NVE84925R10,F-07-02-L4,F,7,4,1,0
NVE88767,G-08-01-L2,G,8,2,0,212
NVE90311,D-01-02-L2,D,1,2,0,321
NVE90312,I-05-01-L7,I,5,7,1,56
NVE90313,J-07-03-L0,J,7,0,0,56
NVE93679,U-09-01-L3,U,9,3,1,96
NVE95219,D-01-03-L2,D,1,2,0,321
NVE95220,G-03-03-L5,G,3,5,1,52
NVE95221,F-01-02-L4,F,1,4,1,59
NX7230484,G-03-01-L7,G,3,7,1,9
OGH0212,J-18-01-L1,J,18,1,0,3
OGH0604,J-18-02-L1,J,18,1,0,5
OGH0606,J-18-01-L2,J,18,2,0,13
OGH0607,J-18-02-L2,J,18,2,0,10
OKK00018,U-01-01-L0,U,1,0,0,3
OKK00534,H-08-03-L1,H,8,1,0,6
OKK01243,H-08-01-L2,H,8,2,0,26
OKK01253,H-08-02-L2,H,8,2,0,26
OKK01254,H-08-03-L2,H,8,2,0,26
OKK01886,U-01-02-L0,U,1,0,0,13
OKK01888,U-01-01-L1,U,1,1,0,13
OKK02060,B-06-01-L5,B,6,5,1,114
OKK02154,D-09-03-L8,D,9,8,1,0
OKK02538,U-11-01-L4,U,11,4,1,10
OKK02559,U-01-02-L1,U,1,1,0,3
OKK03448,G-12-02-L6,G,12,6,1,0
OKK03507,E-06-03-L6,E,6,6,1,0
OKK03508,H-10-01-L6,H,10,6,1,0
OKK03509,G-07-01-L7,G,7,7,1,0
OKK03510,H-10-02-L6,H,10,6,1,0
OKK03511,G-07-02-L7,G,7,7,1,0
OKK03512,C-01-01-L6,C,1,6,1,0
OKK03513,G-07-03-L7,G,7,7,1,0
OKK03514,E-05-01-L7,E,5,7,1,0
OKK03515,E-05-02-L7,E,5,7,1,0
OKK03517,A-11-03-L7,A,11,7,1,0
OKK03518,U-01-01-L2,U,1,2,0,0
OKK03519,U-01-02-L2,U,1,2,0,0
OKK03556,F-12-01-L8,F,12,8,1,0
P3F30-CGGGGAAENABA,A-05-01-L5,A,5,5,1,0
P3G32CGG1AAA1NABBA,A-05-02-L5,A,5,5,1,0
P3L30-CGGGA-SAENA-,A-05-03-L5,A,5,5,1,0
P3L30CGGGASAENABAA,D-03-01-L5,D,3,5,1,0
P3T32CGG1AAA1NABAA,G-12-01-L5,G,12,5,1,0
P3U30-6BAA3BBAA,B-01-02-L5,B,1,5,1,0
P5L30CECEMEHHHBAFI,U-11-02-L4,U,11,4,1,0
P5L30EEDELDBAABAE,G-12-03-L6,G,12,6,1,0
P7M-SET0002,D-03-02-L5,D,3,5,1,2
P7M-SET0018,G-12-02-L5,G,12,5,1,1
P7M-SET4131,D-06-02-L7,D,6,7,1,2
P7M-SET4135,F-12-03-L8,F,12,8,1,2
P7M-SET4136,A-07-01-L8,A,7,8,1,2
P7M-SET4556,G-12-03-L5,G,12,5,1,1
P7M-SET4557,E-09-01-L5,E,9,5,1,1
P7M-SET5106,A-07-02-L8,A,7,8,1,2
P7M10029,J-03-02-L6,J,3,6,1,123
P7M12015,F-12-02-L8,F,12,8,1,2
P7M12017,F-12-03-L4,F,12,4,1,24
P7M13002,H-08-03-L3,H,8,3,1,25
P7M14005,E-05-03-L7,E,5,7,1,7
P7M16001SET,J-02-03-L7,J,2,7,1,36
P7M16079,A-04-01-L4,A,4,4,1,3
P7M17001,H-01-03-L6,H,1,6,1,84
P7M17002,H-11-03-L5,H,11,5,1,149
P7M17010,G-01-02-L2,G,1,2,0,299
P7M17026,U-05-01-L5,U,5,5,1,156
P7M17084,A-12-01-L4,A,12,4,1,27
P7M17101,E-02-03-L8,E,2,8,1,68
P7M17102,I-02-01-L7,I,2,7,1,52
P7M17103SET,D-06-01-L7,D,6,7,1,2
P7M17140,E-09-01-L3,E,9,3,1,15
P7M17143,D-03-01-L4,D,3,4,1,6
P7M18023,B-09-02-L8,B,9,8,1,66
P7M18034,B-01-03-L5,B,1,5,1,132
PAS600L,I-08-02-L5,I,8,5,1,6
PHA14081,E-09-02-L3,E,9,3,1,18
PHA14086,E-09-03-L3,E,9,3,1,18
PHA24106,I-06-02-L6,I,6,6,1,36
PHA25036,F-08-01-L0,F,8,0,0,8
PHA25392,D-01-02-L1,D,1,1,0,2
PHA25458,E-02-02-L1,E,2,1,0,2
PHA26967R10,G-06-01-L8,G,6,8,1,0
PHA37060,G-05-03-L1,G,5,1,0,348
PHA38174,E-02-01-L1,E,2,1,0,356
PHA39569,H-09-01-L7,H,9,7,1,0
PHA40102,E-02-02-L4,E,2,4,1,0
PHA77817,A-12-02-L4,A,12,4,1,4
PHA77820,A-12-03-L4,A,12,4,1,4
PHA81106,A-04-02-L4,A,4,4,1,58
PHA96752S07,C-04-01-L6,C,4,6,1,0
PHN-0308029,I-04-01-L3,I,4,3,1,0
PHN-2868606,E-09-02-L5,E,9,5,1,37
PHN-2904599,U-09-02-L3,U,9,3,1,2
PHN-2907719,C-05-02-L4,C,5,4,1,6
PHN-3024478,F-10-03-L0,F,10,0,0,0
PHN-3026272,J-01-02-L3,J,1,3,1,0
PHN-3044814,G-02-02-L0,G,2,0,0,0
PIXSET000046,H-04-03-L6,H,4,6,1,0
PIXSET000450,I-08-01-L6,I,8,6,1,0
PKR16399,I-11-01-L3,I,11,3,1,0
PKR28822,A-08-02-L0,A,8,0,0,10
PKR38566,I-11-02-L3,I,11,3,1,0
PKR40755S07,E-09-01-L6,E,9,6,1,7
PKR42621,E-09-02-L6,E,9,6,1,7
PKR42622,E-09-03-L6,E,9,6,1,7
PKR42624,D-08-01-L6,D,8,6,1,7
PKR42628,B-06-03-L7,B,6,7,1,6
PKR42633,B-07-01-L7,B,7,7,1,6
PKR42697,B-07-02-L7,B,7,7,1,6
PKR42698,I-08-02-L6,I,8,6,1,12
PKR42700,B-07-03-L7,B,7,7,1,6
PKR42704,B-08-01-L7,B,8,7,1,6
PKR42705,C-04-02-L6,C,4,6,1,14
PKR42706,E-09-03-L5,E,9,5,1,1
PKR42798,D-08-02-L6,D,8,6,1,7
PKR42978,A-12-01-L7,A,12,7,1,12
PKR42979,H-08-01-L6,H,8,6,1,12
PKR42980,B-08-02-L7,B,8,7,1,6
PKR45330S07,D-03-03-L5,D,3,5,1,0
PKR45632,I-01-03-L6,I,1,6,1,133
PKR56799,B-06-02-L5,B,6,5,1,42
PKR58155,A-12-02-L7,A,12,7,1,0
PKR58162,B-08-03-L7,B,8,7,1,0
PKR58163,A-12-03-L7,A,12,7,1,0
PKR59589,G-02-03-L5,G,2,5,1,199
PKR59590,G-02-01-L7,G,2,7,1,199
PKR59591,G-02-02-L7,G,2,7,1,199
PKR78310,A-07-03-L8,A,7,8,1,2
PKR91906,B-06-03-L5,B,6,5,1,22
PT570110,J-16-02-L5,J,16,5,1,8
PT78740,J-17-01-L5,J,17,5,1,8
QGH17901,G-06-03-L1,G,6,1,0,399
QGH20773,C-08-02-L1,C,8,1,0,368
QGH28830,F-03-03-L6,F,3,6,1,39
QGH30355,E-11-01-L8,E,11,8,1,2
QGH30391,A-11-01-L3,A,11,3,1,10
QGH32762,A-07-01-L4,A,7,4,1,28
QGH35858,B-09-01-L7,B,9,7,1,6
QGH36704,H-02-01-L6,H,2,6,1,57
QGH42623,D-08-01-L5,D,8,5,1,0
QGH42626,D-08-02-L5,D,8,5,1,0
QGH42900,F-11-01-L5,F,11,5,1,0
QGH43015,F-11-02-L5,F,11,5,1,0
QGH44733,I-11-02-L5,I,11,5,1,315
QGH46836R07,G-06-02-L8,G,6,8,1,0
QGH49263,B-09-02-L7,B,9,7,1,6
QGH49270,B-09-03-L7,B,9,7,1,6
QGH49432,H-09-02-L7,H,9,7,1,7
QGH54010,H-06-01-L4,H,6,4,1,100
QGH65581,E-11-02-L8,E,11,8,1,2
QGH66332-49,E-08-02-L6,E,8,6,1,0
QGH66332-70,H-09-03-L7,H,9,7,1,5
QGH66357,B-10-01-L7,B,10,7,1,6
QGH68575,A-07-02-L4,A,7,4,1,61
QGH68580,B-04-01-L2,B,4,2,0,451
QGH68582,A-07-03-L4,A,7,4,1,30
QGH71808,B-04-02-L2,B,4,2,0,0
QGH71867,B-04-03-L2,B,4,2,0,1
QGH72768,D-04-01-L0,D,4,0,0,0
QGH82656,B-08-02-L0,B,8,0,0,0
QGH83395,D-06-03-L7,D,6,7,1,6
QGH83730,E-11-03-L8,E,11,8,1,4
QGH83736,D-10-01-L8,D,10,8,1,4
QGH83945,D-10-02-L8,D,10,8,1,4
QGH90952,F-09-01-L7,F,9,7,1,5
REL15007,D-10-03-L8,D,10,8,1,0
REL15014,F-07-01-L1,F,7,1,0,0
REL15051,F-09-02-L7,F,9,7,1,0
REL52004,D-09-03-L2,D,9,2,0,12
REL52008,F-06-01-L5,F,6,5,1,2
REL52009,J-08-01-L0,J,8,0,0,0
REL52011,F-01-03-L8,F,1,8,1,0
REL52018,B-09-03-L8,B,9,8,1,0
REL52022,U-04-01-L4,U,4,4,1,0
REL52921,U-12-01-L4,U,12,4,1,0
REL59917,A-08-01-L8,A,8,8,1,0
RESISTOR130OHM,H-08-02-L6,H,8,6,1,0
RI02,C-12-01-L0,C,12,0,0,0
RK-926-315-BD,A-08-02-L8,A,8,8,1,1
RK-926-315-BL,A-08-03-L8,A,8,8,1,1
RM35JA32MW,G-05-02-L6,G,5,6,1,0
ROZET-EM-BROZET18,F-11-01-L0,F,11,0,0,0
RSB2A080ED,U-04-02-L5,U,4,5,1,68
RSP25-11003Z6TT-SC,F-11-01-L6,F,11,6,1,7
S1A11835SN,B-10-02-L7,B,10,7,1,6
S1A11836,J-10-01-L6,J,10,6,1,15
S1A13835,C-08-01-L0,C,8,0,0,0
S1A15653,H-01-01-L0,H,1,0,0,0
S1A17088,F-11-03-L0,F,11,0,0,1380
S1A18951,F-11-02-L6,F,11,6,1,5
S1A19358,A-07-02-L1,A,7,1,0,0
S1A19359,E-11-03-L3,E,11,3,1,18
S1A19361,F-03-01-L5,F,3,5,1,48
S1A20643,B-12-01-L6,B,12,6,1,10
S1A20811,G-10-02-L0,G,10,0,0,0
S1A22391,H-06-02-L4,H,6,4,1,7
S1A22486,B-10-03-L7,B,10,7,1,1
S1A22613,E-08-03-L0,E,8,0,0,0
S1A23008,B-08-03-L2,B,8,2,0,206
S1A23251,C-09-01-L2,C,9,2,0,289
S1A23397,D-04-01-L7,D,4,7,1,7
S1A24150,D-03-02-L4,D,3,4,1,16
S1A24152,B-08-03-L4,B,8,4,1,17
S1A24828,D-07-01-L0,D,7,0,0,0
S1A25599,B-11-01-L7,B,11,7,1,10
S1A25783,D-03-03-L4,D,3,4,1,15
S1A25814,D-10-01-L3,D,10,3,1,30
S1A25957,I-10-01-L2,I,10,2,0,0
S1A25967,F-09-01-L2,F,9,2,0,0
S1A27099,J-13-01-L5,J,13,5,1,50
S1A27817,H-01-01-L1,H,1,1,0,63
S1A28558,B-04-01-L6,B,4,6,1,0
S1A30039,A-04-02-L0,A,4,0,0,0
S1A34242,J-03-02-L0,J,3,0,0,76
S1A34846,B-02-03-L0,B,2,0,0,0
S1A34848,G-03-03-L0,G,3,0,0,0
S1A35572,C-09-02-L2,C,9,2,0,136
S1A37536,H-02-03-L3,H,2,3,1,0
S1A37586S,A-07-03-L0,A,7,0,0,0
S1A38031,H-10-03-L6,H,10,6,1,14
S1A38033,D-05-01-L6,D,5,6,1,14
S1A38465,B-01-02-L0,B,1,0,0,0
S1A38648,F-09-02-L6,F,9,6,1,9
S1A39140,D-04-02-L7,D,4,7,1,7
S1A40494,D-08-01-L0,D,8,0,0,0
S1A41028,D-06-01-L2,D,6,2,0,0
S1A41443,D-04-03-L7,D,4,7,1,7
S1A41573,I-11-02-L0,I,11,0,0,0
S1A41933,F-06-02-L5,F,6,5,1,20
S1A42806,B-07-01-L0,B,7,0,0,0
S1A42884,D-06-02-L0,D,6,0,0,0
S1A42885,I-11-03-L0,I,11,0,0,0
S1A45741,F-06-01-L4,F,6,4,1,15
S1A46595,I-09-01-L7,I,9,7,1,7
S1A47334,D-01-01-L5,D,1,5,1,7
S1A50471,I-09-02-L7,I,9,7,1,7
S1A50595,F-02-01-L1,F,2,1,0,77
S1A50818,C-03-03-L8,C,3,8,1,3
S1A50820,F-07-01-L7,F,7,7,1,7
S1A51232,D-08-02-L0,D,8,0,0,0
S1A52369,H-04-01-L2,H,4,2,0,44
S1A52413,H-05-02-L7,H,5,7,1,28
S1A63489,I-01-01-L7,I,1,7,1,169
S1A65648,F-07-02-L7,F,7,7,1,7
S1A65946,F-09-02-L2,F,9,2,0,0
S1A66370,F-07-03-L7,F,7,7,1,7
S1A67175,D-05-02-L6,D,5,6,1,14
S1A67176,D-05-03-L6,D,5,6,1,14
S1A67178,G-08-01-L7,G,8,7,1,7
S1A68105,F-08-01-L6,F,8,6,1,14
S1A68107,F-08-02-L6,F,8,6,1,14
S1A68123,F-08-03-L6,F,8,6,1,14
S1A68920,F-01-03-L2,F,1,2,0,73
S1A68921,A-02-03-L0,A,2,0,0,0
S1A68922,B-11-02-L7,B,11,7,1,9
S1A68923,D-10-03-L0,D,10,0,0,0
S1A68924,F-02-01-L6,F,2,6,1,52
S1A70177,D-11-01-L1,D,11,1,0,310
S1A70323,C-04-01-L5,C,4,5,1,0
S1A71076R10,D-11-01-L8,D,11,8,1,2
S1A73352,B-11-03-L7,B,11,7,1,6
S1A74397,J-09-03-L7,J,9,7,1,90
S1A74776,C-04-01-L8,C,4,8,1,5
S1A74778,C-04-02-L8,C,4,8,1,5
S1A76775,E-12-01-L8,E,12,8,1,2
S1A77781,B-03-02-L0,B,3,0,0,0
S1A79496,H-07-03-L6,H,7,6,1,140
S1A80474,H-10-03-L5,H,10,5,1,243
S1A80586,B-04-02-L6,B,4,6,1,28
S1A80600,H-02-01-L3,H,2,3,1,0
S1A81405-008R10,C-04-03-L8,C,4,8,1,0
S1A84011,B-08-03-L0,B,8,0,0,0
S1A84768,D-03-02-L0,D,3,0,0,0
S1A85882,D-03-03-L0,D,3,0,0,0
S1A88184,C-08-02-L0,C,8,0,0,0
S1A89043,G-01-02-L4,G,1,4,1,0
S1A89414,H-07-02-L7,H,7,7,1,24
S1A90548,B-03-01-L0,B,3,0,0,0
S1A90812,I-10-01-L6,I,10,6,1,14
S1A90814,I-10-02-L6,I,10,6,1,14
S1A91664,C-12-01-L1,C,12,1,0,460
S1A91668,E-01-02-L5,E,1,5,1,94
S1A91862,G-08-02-L7,G,8,7,1,7
S1A91943,G-08-03-L7,G,8,7,1,7
S1A91944,A-02-01-L7,A,2,7,1,7
S1A91945,A-02-02-L7,A,2,7,1,7
S1A92071,C-09-02-L0,C,9,0,0,0
S1A92263,F-08-03-L1,F,8,1,0,366
S1A93302,I-03-02-L0,I,3,0,0,0
S1A93757,U-12-02-L4,U,12,4,1,0
S1A96904,C-05-01-L8,C,5,8,1,5
S1B11977,A-02-03-L7,A,2,7,1,7
S1B12501,A-08-01-L2,A,8,2,0,113
S1B13759,C-09-03-L2,C,9,2,0,136
S1B18405,C-07-03-L2,C,7,2,0,139
S1B18646,A-04-03-L2,A,4,2,0,0
S1B23211,F-06-01-L0,F,6,0,0,0
S1B23238,U-13-01-L4,U,13,4,1,1
S1B23253,E-06-01-L7,E,6,7,1,1
S1B23255,E-06-02-L7,E,6,7,1,1
S1B25914,F-11-03-L5,F,11,5,1,0
S1B27049,A-06-01-L0,A,6,0,0,0
S1B27927,B-09-03-L6,B,9,6,1,15
S1B28347,F-12-03-L1,F,12,1,0,466
S1B28636,B-03-01-L3,B,3,3,1,40
S1B28639,B-02-01-L5,B,2,5,1,14
S1B28641,B-03-01-L8,B,3,8,1,14
S1B28642,B-03-02-L8,B,3,8,1,14
S1B28947,G-03-02-L7,G,3,7,1,2
S1B28950,G-10-03-L0,G,10,0,0,0
S1B29170,C-09-01-L0,C,9,0,0,0
S1B30019,A-05-03-L0,A,5,0,0,14
S1B32159,E-06-03-L7,E,6,7,1,26
S1B32736,U-02-01-L0,U,2,0,0,2
S1B33086,B-06-01-L8,B,6,8,1,0
S1B33086R10,B-10-01-L5,B,10,5,1,7
S1B34391,F-05-02-L2,F,5,2,0,218
S1B35575,C-04-03-L6,C,4,6,1,16
S1B42175,G-07-02-L0,G,7,0,0,50
S1B44814,B-12-01-L7,B,12,7,1,10
S1B45034,C-05-02-L8,C,5,8,1,5
S1B45130,C-03-02-L3,C,3,3,1,39
S1B45131,C-06-03-L3,C,6,3,1,36
S1B45714,C-05-03-L8,C,5,8,1,5
S1B46674,B-09-01-L4,B,9,4,1,0
S1B46834,A-05-01-L0,A,5,0,0,320
S1B52154,B-12-02-L7,B,12,7,1,10
S1B53255,F-09-03-L2,F,9,2,0,0
S1B54338,E-02-01-L6,E,2,6,1,42
S1B56277,E-12-02-L8,E,12,8,1,4
S1B59137,C-09-03-L0,C,9,0,0,0
S1B59157,U-02-02-L0,U,2,0,0,2
S1B60455,I-11-01-L0,I,11,0,0,722
S1B60456,E-08-01-L1,E,8,1,0,252
S1B63319-135S07,D-02-02-L8,D,2,8,1,0
S1B63319-157S07,A-12-03-L3,A,12,3,1,0
S1B63319-186S07,U-02-01-L1,U,2,1,0,0
S1B63319-228S07,D-01-02-L5,D,1,5,1,0
S1B63319-284S07,E-12-03-L8,E,12,8,1,0
S1B63319-289S07,U-02-02-L1,U,2,1,0,0
S1B63319-297S07,U-02-01-L2,U,2,2,0,0
S1B63319-334S07,B-09-02-L4,B,9,4,1,0
S1B63319-348S07,U-02-02-L2,U,2,2,0,0
S1B63319-399S07,C-06-01-L8,C,6,8,1,0
S1B63319-400S07,A-06-01-L5,A,6,5,1,0
S1B63319-415S07,F-09-03-L7,F,9,7,1,0
S1B63319-418S07,A-06-02-L5,A,6,5,1,0
S1B63319-486S07,H-06-03-L4,H,6,4,1,0
S1B63319-536S07,A-04-03-L4,A,4,4,1,0
S1B63319-635S07,B-02-02-L5,B,2,5,1,0
S1B63319-735S07,A-06-03-L5,A,6,5,1,0
S1B63319-736S07,U-03-01-L0,U,3,0,0,0
S1B63319-737S07,A-09-01-L8,A,9,8,1,0
S1B63319-739S07,F-09-03-L6,F,9,6,1,0
S1B63319-745S07,U-03-02-L0,U,3,0,0,0
S1B63319S07,J-06-03-L7,J,6,7,1,0
S1B63323-004S07,I-10-03-L6,I,10,6,1,0
S1B63323-1001S07,H-06-01-L0,H,6,0,0,0
S1B63323-1020S07,U-03-01-L1,U,3,1,0,0
S1B63323-1022S07,U-03-02-L1,U,3,1,0,0
S1B63323-1045S07,F-07-02-L1,F,7,1,0,0
S1B63323-1054S07,U-03-01-L2,U,3,2,0,0
S1B63323-1074S07,J-13-02-L4,J,13,4,1,0
S1B63323-1111S07,U-13-02-L4,U,13,4,1,0
S1B63323-1112S07,J-16-01-L4,J,16,4,1,0
S1B63323-1131S07,A-09-02-L8,A,9,8,1,0
S1B63323-1135S07,U-03-02-L2,U,3,2,0,0
S1B63323-1171S07,E-10-01-L5,E,10,5,1,0
S1B63323-1208S07,I-11-03-L3,I,11,3,1,0
S1B63323-1237S07,E-10-02-L5,E,10,5,1,0
S1B63323-1278S07,E-10-03-L5,E,10,5,1,0
S1B63323-1324S07,D-09-01-L5,D,9,5,1,0
S1B63323-1325S07,A-09-03-L8,A,9,8,1,0
S1B63323-1400S07,H-10-01-L7,H,10,7,1,0
S1B63323-1466S07,D-09-02-L5,D,9,5,1,0
S1B63323-1510S07,D-12-01-L8,D,12,8,1,0
S1B63323-1511S07,A-10-01-L8,A,10,8,1,0
S1B63323-1512S07,A-10-02-L8,A,10,8,1,0
S1B63323-1513S07,D-09-03-L5,D,9,5,1,0
S1B63323-1515S07,C-05-01-L6,C,5,6,1,0
S1B63323-1516S07,A-10-03-L8,A,10,8,1,0
S1B63323-1517S07,F-12-01-L5,F,12,5,1,0
S1B63323-1518S07,A-11-01-L8,A,11,8,1,0
S1B63323-1519S07,F-12-02-L5,F,12,5,1,0
S1B63323-399S07,J-16-02-L4,J,16,4,1,0
S1B63323-464S07,I-02-02-L7,I,2,7,1,0
S1B63323-477S07,G-02-02-L4,G,2,4,1,0
S1B63323-647S07,F-12-03-L5,F,12,5,1,0
S1B63323-862S07,B-02-03-L5,B,2,5,1,0
S1B63323-911S07,B-01-01-L7,B,1,7,1,0
S1B63323-912S07,B-12-03-L7,B,12,7,1,0
S1B63323-913S07,C-06-02-L8,C,6,8,1,0
S1B63323S07,E-02-03-L4,E,2,4,1,0
S1B66039,C-04-02-L5,C,4,5,1,6
S1B72008,E-12-01-L1,E,12,1,0,0
S1B72022,E-08-02-L2,E,8,2,0,0
S1B81606,B-03-03-L0,B,3,0,0,0
S1B88264,E-08-03-L2,E,8,2,0,0
S1B90388,U-12-01-L3,U,12,3,1,30
S1B98321,H-10-02-L7,H,10,7,1,7
S202-C32,G-06-03-L3,G,6,3,1,0
S202-C6,G-07-01-L1,G,7,1,0,0
S2500925P01-ETK-1,A-07-01-L5,A,7,5,1,0
S2500925P02-ETK-2,A-07-02-L5,A,7,5,1,0
S2500925P03-ETK-3,A-07-03-L5,A,7,5,1,0
S2500925P04-ETK-4,U-04-01-L0,U,4,0,0,0
S2502618PLT-1,U-04-02-L0,U,4,0,0,1
S2505015ETIKET_1,U-04-01-L1,U,4,1,0,0
S2506318PLT-5,U-04-02-L1,U,4,1,0,1
S2C-H6R,E-12-02-L0,E,12,0,0,0
S6-CT-CMC12MX,C-06-03-L8,C,6,8,1,3
S6-CT-CMC1LX,G-10-01-L7,G,10,7,1,5
S6-CT-CMC1MX,E-08-03-L6,E,8,6,1,9
S6-CT-CMC2LX,U-04-01-L2,U,4,2,0,1
S6-CT-CMC2MX,U-03-02-L3,U,3,3,1,13
S6-CT-CMC3MX,D-10-02-L3,D,10,3,1,12
S6-CT-CMC4MX,D-07-01-L3,D,7,3,1,15
S6-CT-DMAED1C,J-06-01-L0,J,6,0,0,48
S6-CT-DMAED1X,U-04-02-L4,U,4,4,1,2
S6-CT-DMHTD1X,A-03-01-L4,A,3,4,1,10
S6-CT-DMHTD3C,C-12-02-L3,C,12,3,1,24
S6-CT-DMHTD3X,B-01-02-L2,B,1,2,0,144
S6-CT-DMHTS1C,E-02-01-L5,E,2,5,1,24
S6-CT-DMHTS1X,D-01-03-L5,D,1,5,1,19
S6-CT-DMHTS3X,J-04-02-L4,J,4,4,1,86
S6-CT-DMTTD3X,J-01-03-L0,J,1,0,0,60
S6-CT-DMTTS1X,H-05-01-L2,H,5,2,0,40
S6-CT-DMTTS3X,H-02-02-L6,H,2,6,1,67
S6-CT-PHA67826,C-04-03-L5,C,4,5,1,3
S6-CT-PHA67832,B-02-02-L3,B,2,3,1,45
S6-KK-O-CT-DM,H-06-02-L0,H,6,0,0,960
S6-KK-O-CT-GB,J-11-01-L0,J,11,0,0,94
S6-KK-O-VT-DM,B-10-02-L5,B,10,5,1,250
S6-KK-O-VT-DMC,C-05-01-L5,C,5,5,1,52
S6-TM-O-F,G-06-03-L8,G,6,8,1,474
S6-TM-O-RJ45,B-03-03-L8,B,3,8,1,486
S6-VT-CM1X,E-12-03-L3,E,12,3,1,11
S6-VT-CM2X,G-10-01-L6,G,10,6,1,9
S6-VT-CMC12MX,C-07-01-L8,C,7,8,1,3
S6-VT-CMC1LX,G-10-02-L7,G,10,7,1,5
S6-VT-CMC1MX,D-07-01-L6,D,7,6,1,9
S6-VT-CMC2LX,U-04-02-L2,U,4,2,0,1
S6-VT-CMC2MX,E-10-01-L3,E,10,3,1,13
S6-VT-CMC3MX,D-10-03-L3,D,10,3,1,12
S6-VT-CMC4MX,D-07-02-L3,D,7,3,1,15
S6-VT-CMXAUX2,A-11-02-L8,A,11,8,1,2
S6-VT-DMAED1C,J-06-02-L0,J,6,0,0,48
S6-VT-PHA67814,E-02-02-L5,E,2,5,1,24
SARF-REU-0064,U-05-01-L3,U,5,3,1,0
SARF-REU-0106,C-07-02-L8,C,7,8,1,0
SARF-REU-0136,A-11-03-L8,A,11,8,1,0
SARF-REU-0138,E-11-01-L5,E,11,5,1,0
SARF-REU-0146,C-01-02-L6,C,1,6,1,0
SARF-REU-0148,C-07-03-L8,C,7,8,1,0
SARF-REU-0164,E-11-02-L5,E,11,5,1,0
SARF-REU-0241,A-12-01-L8,A,12,8,1,0
SARF-REU-0248,A-12-02-L8,A,12,8,1,0
SARF-REU-0273,C-08-01-L8,C,8,8,1,0
SE25-01325,C-08-02-L8,C,8,8,1,0
SE25-01354,C-08-03-L8,C,8,8,1,3
SE25-02188,G-06-01-L7,G,6,7,1,0
SE25-02220,H-10-03-L7,H,10,7,1,0
SE25-02532,C-09-01-L8,C,9,8,1,0
SE25-02595,G-06-02-L7,G,6,7,1,6
SE25-C1415,C-09-02-L8,C,9,8,1,0
SEM101093-01,C-05-03-L3,C,5,3,1,0
SET00003,F-10-02-L0,F,10,0,0,0
SET00005,F-01-02-L1,F,1,1,0,0
SET00007,G-01-03-L4,G,1,4,1,0
SETSM600013,I-01-02-L7,I,1,7,1,0
SETSM600015S07,C-01-01-L5,C,1,5,1,0
SETSM600016S07,B-06-02-L8,B,6,8,1,0
SETSM600020S07,E-11-03-L5,E,11,5,1,1
SETSM600039S07,D-10-01-L5,D,10,5,1,1
SETSM600046,C-09-03-L8,C,9,8,1,3
SETSM600060,A-03-02-L4,A,3,4,1,10
SETSM600061,B-09-03-L4,B,9,4,1,20
SETSM600063,A-03-03-L4,A,3,4,1,10
SETSM600064,B-10-01-L4,B,10,4,1,20
SETSM600067,J-17-01-L4,J,17,4,1,10
SETSM600086,D-10-02-L5,D,10,5,1,1
SETSM600087,A-12-03-L8,A,12,8,1,2
SETSM600088,D-10-03-L5,D,10,5,1,1
SETSM600142S07,H-02-03-L2,H,2,2,0,0
SETSM600261,U-05-01-L0,U,5,0,0,1
SETSM600262,U-05-02-L0,U,5,0,0,1
SETSM600263,U-05-01-L1,U,5,1,0,1
SETSM600351S07,J-17-02-L4,J,17,4,1,0
SETSM600423,C-05-02-L6,C,5,6,1,0
SETSM600424,D-07-02-L6,D,7,6,1,0
SETSM600425,J-09-02-L6,J,9,6,1,0
SETSM600429,J-11-02-L0,J,11,0,0,2
SETSM600466,J-11-01-L1,J,11,1,0,2
SETSM600472,U-05-02-L1,U,5,1,0,1
SETSM600473,U-05-01-L2,U,5,2,0,1
SETSM600475,J-11-02-L1,J,11,1,0,2
SETSM600479,U-05-02-L2,U,5,2,0,1
SETSM600480,J-11-01-L2,J,11,2,0,2
SETSM600491,A-08-01-L5,A,8,5,1,1
SETSM600492,A-08-02-L5,A,8,5,1,1
SF-FB12,C-02-02-L3,C,2,3,1,0
SF-FB13,J-03-02-L3,J,3,3,1,0
SF-FB15,J-07-01-L3,J,7,3,1,0
SF-FB16,G-01-01-L5,G,1,5,1,0
SF-FB21,A-07-03-L1,A,7,1,0,0
SF-FB26,U-12-02-L3,U,12,3,1,0
SF-FB48,H-03-03-L3,H,3,3,1,0
SFCBFR014,H-01-02-L3,H,1,3,1,0
SIBA30-109-13/125A,H-07-01-L6,H,7,6,1,0
SIBA_30-109-13/100,I-07-02-L6,I,7,6,1,0
SMTAMB001,J-14-01-L5,J,14,5,1,0
SMTAMB022,I-02-03-L3,I,2,3,1,0
SPARE_STARKLT,A-08-03-L5,A,8,5,1,0
SPK51000107E,G-02-02-L6,G,2,6,1,0
ST269-401-401,C-01-03-L3,C,1,3,1,0
ST434-010-004,F-06-02-L4,F,6,4,1,0
ST434-010-024,C-05-03-L4,C,5,4,1,19
ST436-101-030,G-06-03-L7,G,6,7,1,0
TME43529,G-02-01-L1,G,2,1,0,362
TRF003224,C-01-01-L7,C,1,7,1,0
TRF004938,D-11-01-L5,D,11,5,1,1
TRF006364,C-10-01-L8,C,10,8,1,3
TRFESITAS001,E-01-03-L1,E,1,1,0,567
TRFESITAS004,D-07-03-L3,D,7,3,1,15
TRFESITAS005,G-10-02-L6,G,10,6,1,9
TRFESITAS006,G-10-03-L6,G,10,6,1,9
TRFESITAS007,C-07-01-L3,C,7,3,1,60
TRFESITAS008,J-14-01-L6,J,14,6,1,9
TRFESITAS010,C-02-01-L3,C,2,3,1,66
TRFESITAS011,A-10-01-L2,A,10,2,0,99
TRFESITAS014,E-01-02-L2,E,1,2,0,159
TRFESITAS015,D-01-01-L3,D,1,3,1,81
TRFESITAS016,G-11-01-L3,G,11,3,1,15
TRFESITAS017,F-01-01-L6,F,1,6,1,48
TUR10002,E-12-01-L5,E,12,5,1,8
TUR10003,E-12-02-L5,E,12,5,1,8
TUR10004,E-12-03-L5,E,12,5,1,9
VAMP4RSE,J-11-02-L2,J,11,2,0,0
VDISFD006VO,D-07-03-L6,D,7,6,1,0
VIKO043E43E36G,C-10-02-L8,C,10,8,1,3
VJKO023E26E000,I-07-01-L3,I,7,3,1,72
VJKP023G16G000,E-01-03-L6,E,1,6,1,36
VJKR023E23E000M,C-11-01-L8,C,11,8,1,12
VJKR023H000000M,C-11-02-L8,C,11,8,1,3
VOLTMETRE316,G-07-01-L5,G,7,5,1,2
VPI62401,G-10-03-L7,G,10,7,1,4
VPI62415,B-06-03-L8,B,6,8,1,12
VW3A8306R03,C-01-02-L5,C,1,5,1,2
XB4BA42,U-06-01-L0,U,6,0,0,0
XB5AVG3,C-06-01-L6,C,6,6,1,0
ZB4BZ62,F-04-01-L1,F,4,1,0,0
ZB5AD2,E-03-03-L3,E,3,3,1,67
ZB5AG7D,H-07-03-L3,H,7,3,1,0
