material_id,position_id,rack,bay,level,needs_rt,zwm92_picks
03811061N0,G-01-01-L7,G,1,7,1,21
03812736N0,I-05-01-L3,I,5,3,1,84
03814388N0-N,D-04-03-L7,D,4,7,1,6
03814399N0-N,B-11-01-L7,B,11,7,1,9
03814402N0-N,C-03-02-L5,C,3,5,1,30
03815808N0-N,G-05-02-L8,G,5,8,1,4
03815811N0-N,J-14-01-L5,J,14,5,1,6
03815813N0-N,J-14-02-L5,J,14,5,1,4
03816489N0,I-09-01-L7,I,9,7,1,6
03816490N0-N,J-01-03-L5,J,1,5,1,11
03816491N0-N,J-08-02-L6,J,8,6,1,12
03816492N0-N,J-08-03-L6,J,8,6,1,6
03816493N0-N,D-06-01-L3,D,6,3,1,24
03816494N0-N,G-08-02-L5,G,8,5,1,17
03816495N0-N,G-04-01-L6,G,4,6,1,23
03816496N0,G-04-02-L4,G,4,4,1,0
03816496N0-N,J-03-02-L6,J,3,6,1,16
03817244N0,G-02-03-L6,G,2,6,1,3
1022025N,H-10-01-L6,H,10,6,1,0
11845604,U-01-01-L2,U,1,2,0,0
11845606Z,I-09-01-L6,I,9,6,1,0
1277066SNRYC,G-04-01-L7,G,4,7,1,27
1277504,J-07-03-L4,J,7,4,1,13
1350150120,G-11-02-L6,G,11,6,1,0
17422411Z,E-08-01-L6,E,8,6,1,0
17426018,U-01-02-L1,U,1,1,0,0
17426022,J-18-01-L1,J,18,1,0,0
1781757,J-15-01-L2,J,15,2,0,0
1946501,C-08-03-L6,C,8,6,1,48
1949754,A-12-02-L1,A,12,1,0,160
1949764,A-12-01-L1,A,12,1,0,160
1949765,A-12-03-L1,A,12,1,0,160
1949771,I-10-02-L3,I,10,3,1,25
1949773,I-10-03-L3,I,10,3,1,25
1949775,G-09-01-L3,G,9,3,1,25
1949777,H-10-03-L3,H,10,3,1,32
1949779SN,G-08-03-L2,G,8,2,0,72
1949785SN,C-01-02-L5,C,1,5,1,26
1949801,D-06-02-L3,D,6,3,1,16
1949869,H-03-01-L1,H,3,1,0,2
1949870,H-03-02-L1,H,3,1,0,2
1949871,H-03-03-L1,H,3,1,0,2
1MRK002136-B,J-15-01-L5,J,15,5,1,0
1MRK002136-E,A-07-03-L5,A,7,5,1,0
1SNA166875R2300,C-04-02-L5,C,4,5,1,2
21167100,J-18-01-L0,J,18,0,0,0
21186059,C-12-02-L6,C,12,6,1,0
21213320,C-11-02-L6,C,11,6,1,0
21231324,A-03-03-L4,A,3,4,1,0
21285212,B-05-01-L0,B,5,0,0,0
21431228Z,D-11-01-L4,D,11,4,1,0
21528185,C-12-01-L6,C,12,6,1,0
21528195,E-04-01-L6,E,4,6,1,0
23STFILM,C-01-03-L0,C,1,0,0,0
25222143,J-14-01-L6,J,14,6,1,0
25222348,J-14-02-L6,J,14,6,1,0
25222770,J-11-01-L6,J,11,6,1,0
25262316,D-01-02-L0,D,1,0,0,0
25262336,G-07-01-L6,G,7,6,1,0
25266303,G-09-01-L6,G,9,6,1,0
25266304,G-09-02-L6,G,9,6,1,0
25266305,E-03-01-L1,E,3,1,0,0
25268014,E-12-03-L5,E,12,5,1,118
26326007,J-18-02-L1,J,18,1,0,14
26326007-120V,B-10-01-L8,B,10,8,1,0
3052076,G-01-01-L4,G,1,4,1,9
3052077,G-11-03-L6,G,11,6,1,90
3116725,D-07-02-L4,D,7,4,1,0
3401405F0,F-11-03-L0,F,11,0,0,522
3402403F0,G-07-01-L4,G,7,4,1,0
3403899F0,G-12-02-L0,G,12,0,0,0
3403900F0,G-12-03-L0,G,12,0,0,0
3403904F0,D-06-03-L3,D,6,3,1,16
3403910F0,D-10-01-L1,D,10,1,0,173
3403913F0,E-06-02-L1,E,6,1,0,351
3403914F0,D-01-01-L3,D,1,3,1,70
3403915F0,C-04-02-L0,C,4,0,0,60
3403917F0,D-08-02-L5,D,8,5,1,31
3403918F0,J-07-03-L5,J,7,5,1,18
3403925F0,E-06-03-L1,E,6,1,0,0
3403929F0,B-02-02-L3,B,2,3,1,51
3403933F0,E-10-03-L1,E,10,1,0,299
340393501,I-10-02-L0,I,10,0,0,0
3403939F0,F-11-03-L1,F,11,1,0,176
3403940F0,H-04-01-L6,H,4,6,1,5
3403941T0,E-04-01-L1,E,4,1,0,0
3403941T0AG,G-04-02-L7,G,4,7,1,12
3403941T0SN,B-01-01-L1,B,1,1,0,198
3403949F0,A-09-03-L1,A,9,1,0,136
3403950F0,B-04-03-L6,B,4,6,1,3
3403963F0,F-11-01-L5,F,11,5,1,13
3403966F0,G-12-02-L1,G,12,1,0,177
3403978F0,A-06-01-L0,A,6,0,0,502
3403979F0,F-11-02-L0,F,11,0,0,502
3403981F0,E-09-03-L4,E,9,4,1,1326
3403982F0,G-03-01-L2,G,3,2,0,171
3403984F0,A-06-02-L1,A,6,1,0,185
3403985F0,A-06-03-L1,A,6,1,0,185
3403986F0,I-01-01-L2,I,1,2,0,160
3403987F0,G-09-02-L3,G,9,3,1,25
3403988F0,B-08-03-L1,B,8,1,0,320
3403989F0,B-02-03-L3,B,2,3,1,48
3403991F0,B-10-02-L8,B,10,8,1,21
3403992F0,B-07-02-L0,B,7,0,0,6
3404000F0,E-05-01-L0,E,5,0,0,632
3404001F0,J-04-02-L3,J,4,3,1,76
3404004F0,F-10-03-L4,F,10,4,1,1642
3404005F0,A-12-01-L2,A,12,2,0,82
3404006F0,E-07-03-L4,E,7,4,1,2337
3404012F0,C-01-02-L1,C,1,1,0,299
3404013F0,B-09-02-L3,B,9,3,1,42
3404042F0,B-07-01-L3,B,7,3,1,43
3404043F0,D-07-02-L3,D,7,3,1,15
3404044F0,E-06-03-L2,E,6,2,0,136
3404045F0,G-01-02-L4,G,1,4,1,6
3404046F0,D-01-02-L3,D,1,3,1,39
3404047F0,G-04-02-L6,G,4,6,1,6
3404075F0,C-05-02-L3,C,5,3,1,38
3404076F0,B-04-01-L2,B,4,2,0,116
3404079F0,C-10-02-L1,C,10,1,0,314
3404080F0,U-06-01-L3,U,6,3,1,18
3404082F0,A-08-02-L1,A,8,1,0,196
3404083F0,A-03-03-L0,A,3,0,0,598
3404097F0,G-01-03-L1,G,1,1,0,407
3404098F0,E-07-01-L3,E,7,3,1,39
3404102F0SN,G-04-01-L1,G,4,1,0,324
3404106F0SN,G-05-03-L8,G,5,8,1,6
3404142F0,F-09-01-L3,F,9,3,1,17
3404143F0,F-09-02-L3,F,9,3,1,17
3404186FPR12,E-03-01-L8,E,3,8,1,8
3404190F0AG,H-07-01-L7,H,7,7,1,10
3404190F0SN,E-03-02-L8,E,3,8,1,4
3404190T0SN,A-08-03-L0,A,8,0,0,364
3404249F0,A-06-01-L4,A,6,4,1,1268
3404251F0,A-10-01-L0,A,10,0,0,451
3404258F0,D-01-02-L1,D,1,1,0,358
3404270FBR07,A-04-02-L1,A,4,1,0,202
3404270FPR12,E-08-03-L8,E,8,8,1,4
3404272F0,D-05-01-L2,D,5,2,0,90
3404273F0,H-03-01-L2,H,3,2,0,10
3404308F0,E-11-02-L1,E,11,1,0,179
3404312F0,F-08-02-L1,F,8,1,0,215
3404313FPR12,D-07-01-L8,D,7,8,1,4
3404314FBR14,D-07-02-L8,D,7,8,1,2
3404314FPR12,D-07-03-L8,D,7,8,1,4
3404315FBR14,G-11-01-L8,G,11,8,1,2
3404315FPR12,G-11-02-L8,G,11,8,1,4
3404316FPR12,G-11-03-L8,G,11,8,1,4
3404317FPR12,F-10-01-L8,F,10,8,1,2
3404318FPR12,F-10-02-L8,F,10,8,1,2
3404352F0,A-05-01-L5,A,5,5,1,15
3404354F0,F-03-01-L1,F,3,1,0,309
3404355F0,B-07-03-L5,B,7,5,1,89
3404356F0,A-02-02-L0,A,2,0,0,514
3404357F0,F-01-02-L3,F,1,3,1,54
3404438FPR12,E-03-03-L8,E,3,8,1,8
3404440FBR07,D-01-03-L1,D,1,1,0,348
3404440FPR12,D-02-01-L8,D,2,8,1,8
3404462F0,F-01-01-L1,F,1,1,0,398
3404463F0,F-01-02-L1,F,1,1,0,398
3404464F0,C-06-02-L0,C,6,0,0,788
3404467F0,I-05-02-L1,I,5,1,0,385
3404468F0,A-12-02-L0,A,12,0,0,411
3404470F0,F-01-03-L1,F,1,1,0,398
3404473F0,I-04-01-L1,I,4,1,0,398
3404474F0,G-01-02-L1,G,1,1,0,398
3404708F0,E-09-01-L0,E,9,0,0,451
3404709F0,F-11-01-L0,F,11,0,0,451
3404717FBR07,E-09-03-L1,E,9,1,0,172
3404717FBR14,F-10-03-L8,F,10,8,1,2
3404718FBR07,D-08-01-L1,D,8,1,0,170
3404718FBR14,A-05-01-L8,A,5,8,1,2
3404719F0,G-09-01-L2,G,9,2,0,80
3404720F0,G-09-02-L2,G,9,2,0,89
3404721F0,I-11-01-L2,I,11,2,0,78
3404722F0,H-03-02-L2,H,3,2,0,11
3404725F0,I-11-02-L2,I,11,2,0,53
3404726F0,G-09-03-L2,G,9,2,0,53
3404729F0,I-11-03-L2,I,11,2,0,53
3404730F0,E-09-03-L2,E,9,2,0,34
3404731F0,A-08-03-L1,A,8,1,0,106
3404732F0,D-07-02-L2,D,7,2,0,39
3404733F0,A-04-01-L2,A,4,2,0,39
3404734F0,A-03-01-L2,A,3,2,0,67
3404735F0,A-03-02-L2,A,3,2,0,67
3404752F0,G-09-03-L3,G,9,3,1,53
3404756F0,J-03-03-L6,J,3,6,1,19
3404790F0,F-02-01-L2,F,2,2,0,306
3404791F0,A-03-03-L2,A,3,2,0,89
3405054F0,F-02-01-L5,F,2,5,1,378
3405054T0,G-10-03-L1,G,10,1,0,118
3405064F0-K,E-12-02-L1,E,12,1,0,201
3405075F0,G-02-02-L2,G,2,2,0,214
3405103F0,F-07-02-L4,F,7,4,1,0
3405107F0,B-02-02-L0,B,2,0,0,0
3405190F0,U-06-02-L3,U,6,3,1,40
3405192F0,H-04-02-L6,H,4,6,1,46
3405193F0,H-09-03-L3,H,9,3,1,48
3405195F0,G-04-03-L4,G,4,4,1,27
3405205F0,F-08-03-L0,F,8,0,0,0
3405209F0,F-03-03-L3,F,3,3,1,0
3405210F0,I-03-02-L2,I,3,2,0,0
3405211F0,I-03-03-L2,I,3,2,0,0
3405212F0,J-08-01-L3,J,8,3,1,0
3405214F0,J-08-02-L3,J,8,3,1,0
3405216F0,J-08-03-L3,J,8,3,1,0
3405220F0,G-04-01-L3,G,4,3,1,0
3405243F0,G-01-01-L2,G,1,2,0,0
3405261F0,D-08-02-L1,D,8,1,0,0
3405264F0,C-09-02-L2,C,9,2,0,0
3405265F0,C-09-03-L2,C,9,2,0,0
3405266F0,C-10-01-L2,C,10,2,0,0
3405267F0,C-10-02-L2,C,10,2,0,0
3405269F0,C-11-01-L2,C,11,2,0,0
3405270F0,D-04-02-L2,D,4,2,0,0
3405271F0,E-07-01-L2,E,7,2,0,0
3405273F0-K,C-06-01-L5,C,6,5,1,32
3405294F0,G-05-03-L7,G,5,7,1,15
3405296F0,C-11-02-L2,C,11,2,0,0
3405309F0-K,A-08-02-L4,A,8,4,1,0
3405310F0,E-12-01-L4,E,12,4,1,84
3405310F0-K,J-15-02-L5,J,15,5,1,0
3405311F0,D-10-03-L4,D,10,4,1,12
3405338F0,E-03-01-L7,E,3,7,1,15
3405341F0,H-09-01-L4,H,9,4,1,0
3405355F0-K,A-05-01-L6,A,5,6,1,0
3405356F0,D-02-02-L8,D,2,8,1,12
3405364F0,G-01-02-L2,G,1,2,0,0
3405366F0,E-07-02-L2,E,7,2,0,0
3405374F0,F-01-01-L5,F,1,5,1,0
3405375F0,U-11-01-L4,U,11,4,1,108
3405376F0,A-05-02-L8,A,5,8,1,0
3405383F0,A-05-03-L8,A,5,8,1,0
3405384F0,G-12-01-L8,G,12,8,1,0
3405387F0,U-11-02-L4,U,11,4,1,12
3405387F0-K,A-05-02-L6,A,5,6,1,0
3405388F0-K,A-05-03-L6,A,5,6,1,0
3405389F0,I-09-02-L7,I,9,7,1,12
3405390F0,C-07-02-L7,C,7,7,1,12
3405392F0,A-08-01-L1,A,8,1,0,405
3405397F0,H-04-03-L6,H,4,6,1,48
3405398F0,D-04-01-L3,D,4,3,1,48
3405412F0,F-05-01-L2,F,5,2,0,0
3405434T0S07,A-04-02-L2,A,4,2,0,0
3405435F0,C-03-02-L2,C,3,2,0,0
3405444T0R14,G-03-01-L4,G,3,4,1,0
3405445F0,J-03-01-L4,J,3,4,1,0
3405453T0R14,G-04-03-L6,G,4,6,1,0
3405454F0,J-03-02-L4,J,3,4,1,0
3405472F0,A-03-02-L0,A,3,0,0,0
3405473F0,B-08-02-L2,B,8,2,0,0
3405474F0,B-12-01-L2,B,12,2,0,0
3405544F0,U-06-02-L4,U,6,4,1,0
3405544F0-K,U-08-02-L4,U,8,4,1,186
3405583F0,G-05-03-L5,G,5,5,1,0
3405583F0-K,D-09-03-L6,D,9,6,1,51
3405584F0,B-01-03-L5,B,1,5,1,0
3405584F0-K,F-12-01-L6,F,12,6,1,51
3405585F0-K,I-11-03-L6,I,11,6,1,102
3405610F0,F-09-01-L1,F,9,1,0,0
3405611F0,F-09-02-L1,F,9,1,0,0
3405612F0,E-07-03-L2,E,7,2,0,0
3405613F0,D-06-01-L2,D,6,2,0,0
3405618F0,H-04-02-L3,H,4,3,1,0
3405619F0,H-04-03-L3,H,4,3,1,0
3405636F0,C-01-03-L2,C,1,2,0,0
3405638F0,J-03-03-L3,J,3,3,1,0
3405639F0,J-01-01-L3,J,1,3,1,0
3405640F0,C-04-02-L1,C,4,1,0,0
3405641F0,D-02-02-L2,D,2,2,0,0
3405701F0,A-02-01-L0,A,2,0,0,0
3405718F0,F-06-02-L0,F,6,0,0,0
3405719F0,D-09-02-L1,D,9,1,0,0
3405720F0,D-06-02-L2,D,6,2,0,0
3405735F0,E-06-03-L0,E,6,0,0,1
3405736F0,C-03-03-L1,C,3,1,0,1
3405740F0,C-04-03-L1,C,4,1,0,0
3405743F0,C-01-01-L0,C,1,0,0,0
3405753F0,D-06-03-L2,D,6,2,0,0
3405772F0,J-01-02-L3,J,1,3,1,0
3405803F0,D-06-03-L0,D,6,0,0,0
3405811F0,E-10-03-L3,E,10,3,1,36
3405812F0,D-10-02-L1,D,10,1,0,30
3405813F0,G-04-02-L3,G,4,3,1,48
3405966F0,G-01-03-L4,G,1,4,1,14
3405966F0-H,I-11-01-L5,I,11,5,1,8
3405966F0-KH,A-09-01-L5,A,9,5,1,46
3405967F0,I-06-01-L4,I,6,4,1,7
3405967F0-H,F-02-01-L6,F,2,6,1,4
3405967F0-KH,I-11-02-L5,I,11,5,1,23
3405968F0,B-11-02-L7,B,11,7,1,0
3405968F0-G,B-11-03-L7,B,11,7,1,9
3405968F0-KH,F-02-02-L6,F,2,6,1,6
3405969F0-KH,F-02-03-L6,F,2,6,1,6
3406000F0,C-08-03-L0,C,8,0,0,0
3406001F0,C-09-01-L0,C,9,0,0,0
3406002F0,C-09-02-L0,C,9,0,0,0
3406003F0,C-10-01-L0,C,10,0,0,0
3406018F0,A-07-02-L0,A,7,0,0,0
3406036F0,A-07-02-L2,A,7,2,0,12
3406038F0,A-11-02-L2,A,11,2,0,17
3406039F0,G-12-03-L2,G,12,2,0,10
3406040F0,D-09-02-L2,D,9,2,0,0
3406041F0,A-07-03-L2,A,7,2,0,0
3406042F0,E-11-01-L2,E,11,2,0,1
3406043F0,D-09-03-L2,D,9,2,0,1
3406103F0,I-06-02-L1,I,6,1,0,0
3406104F0,F-02-03-L1,F,2,1,0,0
3406107F0,F-09-03-L4,F,9,4,1,0
3406107F0CD,A-08-01-L0,A,8,0,0,0
3406111F0,C-05-01-L1,C,5,1,0,0
3406210F0,D-03-03-L4,D,3,4,1,10
3406222F0,A-12-03-L4,A,12,4,1,0
3406399F0,F-10-02-L4,F,10,4,1,1538
3407354F0,B-11-01-L1,B,11,1,0,0
3407450T0,J-18-02-L2,J,18,2,0,0
3407699F0,A-09-02-L5,A,9,5,1,0
3407700F0,A-09-03-L5,A,9,5,1,0
3407819F0,U-11-01-L5,U,11,5,1,21
3407837F0,G-04-03-L3,G,4,3,1,62
3407838F0,I-06-01-L3,I,6,3,1,62
3407839F0,I-06-02-L3,I,6,3,1,62
3408476T0-1,C-03-03-L2,C,3,2,0,0
3408479T0-1,J-03-03-L4,J,3,4,1,0
3408547T0-1,C-07-01-L1,C,7,1,0,0
3408548T0-1,J-01-01-L4,J,1,4,1,0
3408863F0,F-09-02-L4,F,9,4,1,0
3408948F0,A-12-03-L0,A,12,0,0,0
3408949F0,D-12-01-L0,D,12,0,0,0
3408950F0,G-06-03-L2,G,6,2,0,0
3408953F0,H-10-01-L4,H,10,4,1,0
3408972F0,B-06-01-L0,B,6,0,0,0
3408986F0,C-06-01-L0,C,6,0,0,0
3409073F0,G-12-02-L8,G,12,8,1,4
3409117F0,J-18-01-L2,J,18,2,0,6
3409198F0,G-03-02-L1,G,3,1,0,420
3409199F0,D-09-03-L1,D,9,1,0,124
35190062,C-06-03-L6,C,6,6,1,0
35190063,C-07-03-L6,C,7,6,1,0
35190280,A-06-02-L7,A,6,7,1,0
35190321,J-16-01-L6,J,16,6,1,0
35190322,A-12-02-L4,A,12,4,1,0
35190365,G-04-03-L5,G,4,5,1,0
35190504,G-07-03-L6,G,7,6,1,0
35190523,C-02-03-L0,C,2,0,0,14
35190598,F-12-03-L4,F,12,4,1,0
35190599,C-05-01-L5,C,5,5,1,0
35190932,G-12-03-L8,G,12,8,1,0
35190939,U-04-01-L6,U,4,6,1,0
35190940,H-07-02-L7,H,7,7,1,0
35190964,D-12-01-L5,D,12,5,1,0
3630000,D-09-01-L4,D,9,4,1,0
3720088,U-04-01-L4,U,4,4,1,0
3727779,B-10-03-L8,B,10,8,1,3
3727786,D-07-02-L6,D,7,6,1,0
3727801,I-02-03-L0,I,2,0,0,0
3727810,I-02-02-L0,I,2,0,0,0
3727846,H-08-02-L4,H,8,4,1,0
3727869,E-02-03-L0,E,2,0,0,0
3727875,F-02-02-L0,F,2,0,0,0
3727876,D-03-02-L4,D,3,4,1,0
3727877,D-01-01-L0,D,1,0,0,0
3727881,H-08-03-L4,H,8,4,1,0
3727891,I-03-01-L0,I,3,0,0,0
3728010,G-03-01-L0,G,3,0,0,0
3729559,F-02-01-L0,F,2,0,0,0
3730092J,D-10-01-L0,D,10,0,0,42
3730092L,C-07-02-L0,C,7,0,0,21
3730092M,B-11-01-L0,B,11,0,0,0
3730092N,D-05-03-L4,D,5,4,1,1
3730092P,H-11-01-L4,H,11,4,1,0
3730161C,D-04-02-L6,D,4,6,1,0
3730353B,E-09-01-L8,E,9,8,1,2
3730404,D-03-02-L6,D,3,6,1,0
3730504,J-15-01-L6,J,15,6,1,0
3730555A,I-05-01-L5,I,5,5,1,2
3730555B,D-03-01-L4,D,3,4,1,0
3730712,G-12-01-L6,G,12,6,1,74
3735507,I-08-02-L4,I,8,4,1,0
3735524,A-02-02-L6,A,2,6,1,203
3735525,H-09-03-L6,H,9,6,1,0
3735528,H-08-01-L4,H,8,4,1,0
3735555,E-06-01-L6,E,6,6,1,0
3735555SN,E-09-02-L8,E,9,8,1,4
3735561SN,E-09-03-L8,E,9,8,1,4
3735578,D-05-02-L6,D,5,6,1,61
3735603,G-12-02-L6,G,12,6,1,81
3735762,A-06-03-L7,A,6,7,1,11
3735766,D-04-01-L6,D,4,6,1,0
3735853,F-12-02-L1,F,12,1,0,0
3736001,D-03-02-L1,D,3,1,0,0
3736002,D-03-03-L1,D,3,1,0,0
3736006,J-14-01-L4,J,14,4,1,0
3736344,I-02-01-L7,I,2,7,1,0
3736354,U-02-01-L6,U,2,6,1,36
3736450,U-03-02-L1,U,3,1,0,12
3736450SN,B-11-01-L8,B,11,8,1,3
3736502,D-08-01-L8,D,8,8,1,0
3736522,F-07-01-L7,F,7,7,1,0
3736525,U-09-02-L4,U,9,4,1,3
3736526,D-09-01-L6,D,9,6,1,0
3736825,F-08-02-L6,F,8,6,1,0
3816992N0,D-05-02-L2,D,5,2,0,0
3930818AG,F-07-02-L7,F,7,7,1,6
3931256S07,I-08-02-L5,I,8,5,1,7
3931273,I-11-03-L5,I,11,5,1,7
3931275,A-10-01-L5,A,10,5,1,14
3931467S07,B-11-02-L8,B,11,8,1,4
3931519,A-10-02-L5,A,10,5,1,14
3932230,H-03-03-L2,H,3,2,0,1
4690212,B-01-01-L4,B,1,4,1,43
4690416,B-01-02-L4,B,1,4,1,43
4690488,B-01-03-L4,B,1,4,1,43
4690492,B-02-01-L4,B,2,4,1,43
4690494,B-02-02-L4,B,2,4,1,43
4690516,B-02-03-L4,B,2,4,1,43
47078,I-08-01-L7,I,8,7,1,0
5009001,B-01-02-L1,B,1,1,0,0
51000029A,F-07-01-L6,F,7,6,1,0
51000029BCD,I-04-01-L2,I,4,2,0,1
51000029BCE,D-08-02-L8,D,8,8,1,2
51000107E,H-07-03-L7,H,7,7,1,0
51000107F,D-02-01-L7,D,2,7,1,0
51000426,U-01-01-L6,U,1,6,1,32
51000504,D-08-01-L6,D,8,6,1,72
51000505,D-08-02-L6,D,8,6,1,70
51000596,G-04-03-L7,G,4,7,1,9
51000602,J-06-01-L0,J,6,0,0,4
51000619,B-11-02-L1,B,11,1,0,0
51000623,F-04-03-L1,F,4,1,0,0
51000646,U-08-03-L6,U,8,6,1,16
51000683,J-03-02-L7,J,3,7,1,10
51000689,B-12-01-L7,B,12,7,1,10
51000691-21S07,F-12-01-L2,F,12,2,0,0
51000691-22S07,B-12-02-L2,B,12,2,0,0
51000691S07,D-01-03-L3,D,1,3,1,87
51000692,F-07-03-L7,F,7,7,1,0
51000703,A-08-01-L6,A,8,6,1,40
5100070301,J-06-02-L0,J,6,0,0,2
51000704,A-08-02-L6,A,8,6,1,40
51000736,J-17-02-L6,J,17,6,1,62
51000753,A-08-03-L6,A,8,6,1,42
51000782,F-11-01-L8,F,11,8,1,2
51000810,A-08-03-L4,A,8,4,1,0
51000821,F-11-02-L8,F,11,8,1,3
51000824,J-06-03-L0,J,6,0,0,1
51000861,E-05-03-L6,E,5,6,1,9
51000862,G-09-03-L6,G,9,6,1,0
51000862SN,D-02-03-L8,D,2,8,1,4
51000961,F-11-03-L8,F,11,8,1,2
5100096101,J-06-01-L1,J,6,1,0,2
51000975,H-10-02-L6,H,10,6,1,0
51000987SN,A-06-01-L8,A,6,8,1,4
51002502U33,A-05-02-L5,A,5,5,1,15
51004136U48,J-06-02-L1,J,6,1,0,0
51004137U41,B-05-01-L6,B,5,6,1,2
51004391U4,C-09-03-L5,C,9,5,1,5
51004391U8,U-13-02-L3,U,13,3,1,9
51004743UA,I-02-02-L7,I,2,7,1,0
51004743UE,I-02-03-L7,I,2,7,1,0
51006522M0,E-02-01-L1,E,2,1,0,32
51007512U13,B-05-02-L6,B,5,6,1,2
51108708M0,A-02-01-L6,A,2,6,1,543
51164028F0,A-10-02-L0,A,10,0,0,463
51164031F0,F-04-01-L3,F,4,3,1,0
51164072F0,F-08-01-L6,F,8,6,1,0
51164089F0,J-10-01-L3,J,10,3,1,30
51164090F0,F-02-02-L1,F,2,1,0,439
51164098F0,G-09-03-L0,G,9,0,0,509
51164108F0,F-04-02-L3,F,4,3,1,69
51164109F0,E-12-01-L0,E,12,0,0,440
51164181F0,C-11-01-L1,C,11,1,0,287
51164195F0,B-03-01-L3,B,3,3,1,45
51164196F0,E-07-02-L3,E,7,3,1,18
51164272F0,B-05-03-L2,B,5,2,0,0
51164273F0,B-06-01-L2,B,6,2,0,0
51164286F0,D-04-02-L0,D,4,0,0,0
51164287F0,I-03-01-L3,I,3,3,1,0
51164289F0,I-06-01-L2,I,6,2,0,122
51164302F0,H-07-02-L3,H,7,3,1,0
51164302F0_SISMIC,E-11-02-L2,E,11,2,0,0
51164306F0,B-07-03-L2,B,7,2,0,0
51164333F0,G-09-01-L0,G,9,0,0,0
51164336F0,A-05-02-L3,A,5,3,1,0
51164365FC,I-05-02-L5,I,5,5,1,0
51164407F0,B-08-01-L0,B,8,0,0,1083
51164417F0,B-07-01-L0,B,7,0,0,825
51164478F0,I-05-01-L1,I,5,1,0,0
51164483F0,E-12-02-L0,E,12,0,0,517
51164495F0,F-02-01-L3,F,2,3,1,0
51164500F0,I-03-02-L3,I,3,3,1,76
51164507F0,J-13-01-L3,J,13,3,1,25
51164508F0,I-01-02-L2,I,1,2,0,160
51164543F0,E-10-01-L1,E,10,1,0,185
51164559F0,F-11-02-L5,F,11,5,1,0
51189523F0,A-10-02-L2,A,10,2,0,0
51189527F0,J-01-01-L6,J,1,6,1,0
51189790F0,D-07-03-L3,D,7,3,1,0
51189792F0,G-11-01-L3,G,11,3,1,0
51189885F0,H-08-01-L5,H,8,5,1,0
51189972F0,J-01-03-L3,J,1,3,1,0
51189973F0,F-02-02-L3,F,2,3,1,0
51189975F0,C-05-02-L1,C,5,1,0,0
51189977F0,C-05-03-L1,C,5,1,0,0
51229055F0,A-10-03-L0,A,10,0,0,463
51229171F0,F-11-03-L5,F,11,5,1,14
51229172F0,E-02-01-L5,E,2,5,1,60
51229315F0,F-09-03-L3,F,9,3,1,0
51229316F0,G-08-01-L3,G,8,3,1,0
51229321F0,B-06-02-L2,B,6,2,0,0
51229323F0,E-05-02-L0,E,5,0,0,0
51229333F0,D-05-01-L3,D,5,3,1,0
51229343F0,H-03-01-L4,H,3,4,1,0
51229357F0,E-05-03-L0,E,5,0,0,0
51229362F0,F-11-03-L3,F,11,3,1,0
51229363F0,D-04-01-L0,D,4,0,0,0
51229368F0,I-03-03-L3,I,3,3,1,0
51229369F0,G-01-01-L3,G,1,3,1,0
51229371FB,A-06-02-L8,A,6,8,1,0
51235002F0,F-10-01-L2,F,10,2,0,79
51235003F0,J-10-02-L3,J,10,3,1,46
51235004F0,D-04-03-L2,D,4,2,0,99
51235005F1,J-13-02-L3,J,13,3,1,54
51235006F1,J-16-01-L3,J,16,3,1,54
51235014F0,F-07-02-L0,F,7,0,0,0
51235027F0,I-06-02-L4,I,6,4,1,17
51235028F0,B-01-01-L3,B,1,3,1,70
51235029F0,B-03-02-L3,B,3,3,1,28
51235030F0,F-09-01-L2,F,9,2,0,100
51235034F0,H-07-03-L3,H,7,3,1,66
51235035F0,F-10-02-L2,F,10,2,0,94
51235042F0,A-11-02-L1,A,11,1,0,295
51235047F0,B-10-02-L2,B,10,2,0,148
51235048F0,E-02-01-L3,E,2,3,1,55
51235066F0,D-05-01-L0,D,5,0,0,0
51235067F0,G-06-03-L0,G,6,0,0,0
51235068F0,B-05-03-L1,B,5,1,0,0
51235072F0,A-09-02-L1,A,9,1,0,306
51235073F0,C-05-01-L2,C,5,2,0,149
51235076F0,G-10-01-L3,G,10,3,1,35
51235077F0,F-02-03-L3,F,2,3,1,71
51235078F0,B-10-03-L2,B,10,2,0,149
51235079F0,E-04-01-L0,E,4,0,0,0
51235082F0,I-09-01-L2,I,9,2,0,101
51235083F0,D-12-01-L1,D,12,1,0,295
51235084F0,E-02-01-L4,E,2,4,1,42
51235085F0,I-08-02-L3,I,8,3,1,51
51235087F0,A-11-02-L3,A,11,3,1,28
51235093F0,J-06-03-L1,J,6,1,0,1
51235094F0,J-06-01-L2,J,6,2,0,0
51235197F0,D-04-02-L3,D,4,3,1,3
51235199F0,B-03-02-L1,B,3,1,0,466
51235207F0,U-01-02-L2,U,1,2,0,0
51235211F0,E-02-02-L4,E,2,4,1,6
51235217F0,E-05-01-L2,E,5,2,0,111
51235218F0,J-05-03-L3,J,5,3,1,58
51235219F0,I-02-01-L3,I,2,3,1,58
51235220F0,H-01-03-L3,H,1,3,1,58
51235221F0,B-07-02-L3,B,7,3,1,53
51235222F0,B-07-03-L3,B,7,3,1,53
51235223F0,H-06-02-L3,H,6,3,1,63
51235224F0,B-09-01-L2,B,9,2,0,111
51235225F0,A-02-01-L2,A,2,2,0,68
51235226F0,B-01-02-L3,B,1,3,1,34
51235229F0,B-11-03-L8,B,11,8,1,6
51235238F0,J-01-02-L6,J,1,6,1,8
51235254F0,C-05-02-L2,C,5,2,0,0
51235255F0,C-05-03-L2,C,5,2,0,0
51235256F0,C-06-01-L2,C,6,2,0,0
51235257F0,C-06-02-L2,C,6,2,0,0
51235258F0,C-07-03-L5,C,7,5,1,0
51235259F0,B-05-03-L6,B,5,6,1,0
51235260F0,I-02-01-L5,I,2,5,1,0
51235262F0,C-03-03-L5,C,3,5,1,0
51235263F0,C-01-03-L5,C,1,5,1,0
51235265F0,C-04-03-L5,C,4,5,1,0
51235271F0,B-03-03-L1,B,3,1,0,459
51235272F0,B-02-02-L1,B,2,1,0,462
51235463F0S07,B-06-01-L6,B,6,6,1,2
51235464F0S07,B-06-02-L6,B,6,6,1,2
51235465F0S07,B-06-03-L6,B,6,6,1,2
51235466F0S07,B-07-01-L6,B,7,6,1,2
51235467F0,C-02-02-L1,C,2,1,0,288
51235469F0,I-05-02-L3,I,5,3,1,49
51235469F0S07,B-07-02-L6,B,7,6,1,2
51235470F0S07,B-07-03-L6,B,7,6,1,2
51235489F0,A-09-01-L4,A,9,4,1,0
51235489F0-K,U-08-03-L4,U,8,4,1,186
51235561F0,D-06-02-L4,D,6,4,1,234
51235563F0,A-07-03-L0,A,7,0,0,0
51235567F0,G-01-03-L2,G,1,2,0,271
51235571F0,B-08-01-L3,B,8,3,1,58
51235575F0,F-10-03-L2,F,10,2,0,90
51235579F0,C-08-01-L2,C,8,2,0,0
51235585F0-K,D-10-02-L2,D,10,2,0,153
51235631F0,B-05-01-L2,B,5,2,0,183
51235632F0,I-07-01-L1,I,7,1,0,498
51235644F1,D-01-01-L5,D,1,5,1,0
51235644F1-K,F-12-02-L6,F,12,6,1,51
51235645F1,D-01-02-L5,D,1,5,1,0
51235645F1-K,F-12-03-L6,F,12,6,1,51
51235661F0,B-12-01-L8,B,12,8,1,3
51235662F0,B-12-02-L8,B,12,8,1,3
51235668F0,C-01-01-L2,C,1,2,0,0
51235669F0,J-01-02-L4,J,1,4,1,0
51235670F0,U-14-01-L3,U,14,3,1,0
51235679F0,E-11-01-L0,E,11,0,0,0
51235682F0,E-11-03-L1,E,11,1,0,300
51235684F0,F-12-03-L1,F,12,1,0,300
51235685F0,I-11-01-L1,I,11,1,0,149
51235687F0,D-05-01-L1,D,5,1,0,149
51235740F0,F-05-02-L2,F,5,2,0,0
51235759F0,G-03-02-L4,G,3,4,1,7
51235759F0-K,J-06-02-L2,J,6,2,0,4
51235762F0,E-08-01-L1,E,8,1,0,0
51235769F0-K,U-04-02-L3,U,4,3,1,34
51235771F0,G-01-02-L3,G,1,3,1,28
51235772F0-K,A-06-03-L8,A,6,8,1,10
51235773F0,E-05-02-L2,E,5,2,0,97
51235773F0S07,I-06-01-L6,I,6,6,1,4
51235822F0-K,G-02-03-L5,G,2,5,1,98
51235823F0-K,A-11-01-L4,A,11,4,1,166
51235844F0-K,I-06-02-L6,I,6,6,1,3
51235867F0,F-01-02-L5,F,1,5,1,126
51235868F0,B-08-01-L6,B,8,6,1,3
51235869F0,H-01-01-L5,H,1,5,1,23
51235873F0,I-10-01-L6,I,10,6,1,102
51235874F0,A-04-01-L6,A,4,6,1,471
51235902F0,B-04-02-L2,B,4,2,0,113
51235903F0,B-09-03-L3,B,9,3,1,88
51235945F0,E-12-02-L2,E,12,2,0,30
51235946F0-K,B-09-02-L5,B,9,5,1,52
51235979F0,J-06-03-L2,J,6,2,0,0
51236020F0,G-01-02-L7,G,1,7,1,0
51236020F0-G,I-06-01-L7,I,6,7,1,21
51236021F0,G-01-03-L7,G,1,7,1,0
51236021F0-G,I-06-02-L7,I,6,7,1,21
51236022F0,H-03-01-L7,H,3,7,1,0
51236022F0-G,E-02-01-L7,E,2,7,1,24
51236027F0,U-13-02-L4,U,13,4,1,102
51236085F0,A-10-03-L5,A,10,5,1,12
51236118F0,J-01-03-L6,J,1,6,1,4
51236121F0,I-02-01-L6,I,2,6,1,4
51236124F0,H-08-02-L5,H,8,5,1,7
51236125F0,H-08-03-L5,H,8,5,1,7
51236142F0,I-02-02-L6,I,2,6,1,4
51236143F0,I-02-03-L6,I,2,6,1,4
51236146F0,I-11-01-L6,I,11,6,1,132
51236157F0,B-03-03-L5,B,3,5,1,0
51236179F0,B-09-02-L2,B,9,2,0,165
51236180F0,I-02-02-L2,I,2,2,0,276
51236202F0,E-10-01-L7,E,10,7,1,7
51236205F0,G-11-02-L3,G,11,3,1,18
51236221T0,H-02-01-L6,H,2,6,1,8
51236329F0,F-10-01-L4,F,10,4,1,1868
51236335F0,F-11-01-L6,F,11,6,1,72
51236453F0,C-05-03-L3,C,5,3,1,56
51236533F0,B-03-01-L4,B,3,4,1,1
51236548F0,U-09-01-L4,U,9,4,1,0
51236548F0-K,G-10-03-L6,G,10,6,1,124
51236549F0,E-01-02-L5,E,1,5,1,0
51236549F0-K,A-06-03-L6,A,6,6,1,62
51236561F0,D-02-02-L7,D,2,7,1,0
51236662F0,G-08-01-L7,G,8,7,1,6
51236667F0,G-08-02-L7,G,8,7,1,6
51236679F0,B-12-03-L8,B,12,8,1,3
51236690F0,G-06-01-L8,G,6,8,1,3
51236770F0,B-12-02-L7,B,12,7,1,0
51236771F0,B-12-03-L7,B,12,7,1,0
51236772F0,H-03-02-L7,H,3,7,1,0
51236795F0,J-07-01-L6,J,7,6,1,3
51236815F0,E-10-01-L8,E,10,8,1,0
51236843F0R14,I-05-01-L7,I,5,7,1,26
51236844F0R14,H-04-01-L0,H,4,0,0,19
51236845F0R14,F-05-01-L8,F,5,8,1,16
51236849F0,F-04-01-L5,F,4,5,1,54
51236867F0,G-08-03-L7,G,8,7,1,8
51236978F0,U-02-01-L2,U,2,2,0,0
51236992F0,G-06-02-L8,G,6,8,1,0
51237011F0,I-06-02-L0,I,6,0,0,0
51237088F0,B-03-02-L4,B,3,4,1,6
51237092F0,E-02-03-L4,E,2,4,1,18
51237110F0,G-06-01-L7,G,6,7,1,0
51237111F0,G-06-02-L7,G,6,7,1,0
51237112F0,G-06-03-L7,G,6,7,1,0
51237185F0,H-04-02-L0,H,4,0,0,1
51237186F0,H-04-03-L0,H,4,0,0,1
51237262F0,G-06-02-L1,G,6,1,0,411
51237264F0,H-03-02-L4,H,3,4,1,9
51237268F0,E-02-01-L6,E,2,6,1,2
51237279F0,G-02-01-L2,G,2,2,0,0
51237280F0,G-03-02-L2,G,3,2,0,0
51237282F0,G-05-02-L2,G,5,2,0,0
51237289F0,C-07-02-L1,C,7,1,0,0
51237290F0,C-01-01-L1,C,1,1,0,0
51237368F0,I-03-03-L1,I,3,1,0,716
51237369F0,D-02-01-L3,D,2,3,1,62
51237370F0,I-09-02-L2,I,9,2,0,101
51237371F0,D-10-02-L3,D,10,3,1,29
51237372F0,H-06-01-L4,H,6,4,1,7
51237373F0,A-11-03-L3,A,11,3,1,11
51237374F0,D-10-03-L3,D,10,3,1,29
51237375F0,H-06-02-L4,H,6,4,1,7
51237376F0,A-09-01-L3,A,9,3,1,11
51237392FA,A-09-01-L6,A,9,6,1,42
51237426F0AD,C-01-02-L2,C,1,2,0,0
51237427F0AD,G-11-03-L3,G,11,3,1,0
51237527F0,A-09-03-L4,A,9,4,1,0
51237553F0,E-10-02-L8,E,10,8,1,2
51237605F0,E-02-02-L7,E,2,7,1,20
51237608F0,A-02-01-L7,A,2,7,1,10
51237611F0,A-02-02-L7,A,2,7,1,10
51237614F0,A-02-03-L7,A,2,7,1,10
51254778A,C-01-01-L7,C,1,7,1,1
51254778B,E-06-01-L7,E,6,7,1,44
51254779A,C-01-02-L7,C,1,7,1,1
51254779B,E-06-02-L7,E,6,7,1,44
51254780A,H-03-03-L7,H,3,7,1,2
51254780B,E-02-03-L7,E,2,7,1,88
51254783A,H-04-01-L1,H,4,1,0,1
51254783B,E-10-03-L8,E,10,8,1,2
51254786A,D-09-01-L8,D,9,8,1,2
51254786B,F-05-02-L8,F,5,8,1,4
51254786C,D-09-02-L8,D,9,8,1,2
51255561,G-08-02-L6,G,8,6,1,0
51255589,U-03-01-L1,U,3,1,0,4
51256215C,G-06-03-L8,G,6,8,1,0
51256252SN,E-06-03-L7,E,6,7,1,6
51256257,C-01-01-L8,C,1,8,1,3
51256258,C-01-02-L8,C,1,8,1,3
51256260,H-06-01-L7,H,6,7,1,21
51256262,H-06-02-L7,H,6,7,1,21
5125626501,H-04-02-L1,H,4,1,0,2
51256273,A-07-03-L6,A,7,6,1,48
51256308,I-05-02-L7,I,5,7,1,61
51256341,H-04-03-L1,H,4,1,0,1
51256342,D-09-03-L8,D,9,8,1,2
51256343,H-06-03-L7,H,6,7,1,21
51256344,D-01-01-L7,D,1,7,1,21
51256347,F-01-01-L7,F,1,7,1,18
51256350,H-10-01-L7,H,10,7,1,6
51256487-05,J-18-01-L6,J,18,6,1,68
51256515,H-11-01-L6,H,11,6,1,0
51256520,I-01-01-L7,I,1,7,1,48
51256522,B-01-01-L8,B,1,8,1,7
51256526,I-04-01-L7,I,4,7,1,33
51256528SN,F-12-01-L8,F,12,8,1,2
51256532,U-05-01-L6,U,5,6,1,115
51256542S07,B-08-01-L5,B,8,5,1,0
51256592,F-12-02-L8,F,12,8,1,2
51256623,F-09-02-L6,F,9,6,1,0
51256642SN,H-10-02-L7,H,10,7,1,6
51256643SN,H-10-03-L7,H,10,7,1,6
51256645,D-09-02-L6,D,9,6,1,192
51256694S07,B-06-02-L0,B,6,0,0,0
51256694_ADPTS07,H-06-03-L4,H,6,4,1,0
51256695S07,C-02-01-L1,C,2,1,0,0
51256696S07,C-02-03-L1,C,2,1,0,0
51256699S07,F-12-03-L8,F,12,8,1,0
51256702S07,G-05-03-L1,G,5,1,0,0
51256703S07,G-05-02-L1,G,5,1,0,0
51256882,F-09-01-L0,F,9,0,0,348
51256887,H-04-01-L2,H,4,2,0,1
51256898,D-05-01-L7,D,5,7,1,3
51256974,D-06-03-L6,D,6,6,1,8
51256975,D-07-01-L6,D,7,6,1,0
51256976,U-11-01-L6,U,11,6,1,0
51257009,U-03-01-L0,U,3,0,0,0
51257012,A-11-03-L4,A,11,4,1,0
51257013,D-05-02-L7,D,5,7,1,0
51257020,E-10-02-L7,E,10,7,1,8
51257021,E-10-03-L7,E,10,7,1,4
51257038,C-01-03-L8,C,1,8,1,5
51257039,C-02-01-L8,C,2,8,1,5
51257064B,C-02-02-L8,C,2,8,1,0
51257090,H-04-02-L2,H,4,2,0,1
51257091S07,J-18-01-L5,J,18,5,1,9
51257092S07,J-18-02-L5,J,18,5,1,10
51257095,H-04-03-L2,H,4,2,0,1
51257123SN,A-07-01-L8,A,7,8,1,2
51257131AG,D-01-02-L7,D,1,7,1,12
51257137,I-03-02-L7,I,3,7,1,121
51257138,I-03-03-L7,I,3,7,1,126
51257144,H-09-01-L6,H,9,6,1,1
51257144SN,A-07-02-L8,A,7,8,1,2
51257160,E-06-03-L6,E,6,6,1,0
51257165,H-11-03-L6,H,11,6,1,228
51257172,I-01-02-L7,I,1,7,1,60
51257180,E-09-03-L6,E,9,6,1,72
51257182,F-02-03-L7,F,2,7,1,21
51257196SN,A-07-03-L8,A,7,8,1,2
51257200,D-09-01-L7,D,9,7,1,9
51257201,D-09-02-L7,D,9,7,1,9
51257202,D-09-03-L7,D,9,7,1,8
51257210,E-06-02-L6,E,6,6,1,588
51257212SN,D-05-03-L7,D,5,7,1,6
51257249,F-11-02-L6,F,11,6,1,69
51257250,F-11-03-L6,F,11,6,1,70
51257257,J-07-01-L0,J,7,0,0,1
51257287,A-03-02-L6,A,3,6,1,552
51257289,D-10-02-L6,D,10,6,1,262
51257430,U-03-02-L0,U,3,0,0,0
51257437,F-07-03-L6,F,7,6,1,0
51257455,J-03-03-L7,J,3,7,1,10
51257456,A-07-01-L6,A,7,6,1,16
51257457,D-04-03-L6,D,4,6,1,580
51257460SN,E-11-01-L8,E,11,8,1,2
51257472,U-06-02-L6,U,6,6,1,41
51257476,J-07-01-L7,J,7,7,1,0
51257477,J-07-02-L7,J,7,7,1,0
51257490,F-10-01-L6,F,10,6,1,75
51257692,A-03-01-L6,A,3,6,1,0
51257692A,A-11-02-L6,A,11,6,1,114
51257692B,F-08-01-L7,F,8,7,1,11
51257736,C-02-03-L8,C,2,8,1,3
51257738,J-07-03-L7,J,7,7,1,3
51257792,G-07-03-L4,G,7,4,1,0
51257794,F-07-03-L4,F,7,4,1,0
51257813,F-08-03-L6,F,8,6,1,0
51257823,U-02-01-L0,U,2,0,0,0
51257942,E-05-02-L6,E,5,6,1,18
51257942SN,C-03-01-L8,C,3,8,1,7
51257952,J-15-02-L1,J,15,1,0,15
51257952A,J-15-02-L2,J,15,2,0,0
51257999,U-02-02-L6,U,2,6,1,0
51300141FA,E-11-02-L8,E,11,8,1,2
51300160F0,H-03-03-L4,H,3,4,1,0
51300168F0,J-07-02-L0,J,7,0,0,0
51300180F0,J-07-03-L0,J,7,0,0,0
51300184F0,J-07-01-L1,J,7,1,0,0
51300229F0,J-07-02-L1,J,7,1,0,0
51300307F0,C-06-01-L1,C,6,1,0,0
51300312F0,F-09-02-L2,F,9,2,0,0
51300317F0,G-06-01-L0,G,6,0,0,0
51300318F0,E-06-02-L2,E,6,2,0,0
51300319F0,A-05-01-L2,A,5,2,0,0
51300324FA,B-12-02-L0,B,12,0,0,0
51300427F0,F-04-02-L0,F,4,0,0,0
51300503F0,A-10-02-L4,A,10,4,1,0
51300528F0,C-08-03-L4,C,8,4,1,0
51300574F0,B-11-01-L3,B,11,3,1,0
51300576F0,D-05-03-L2,D,5,2,0,0
51300594F0,A-11-01-L5,A,11,5,1,0
51300596F0,E-11-01-L5,E,11,5,1,0
51300598F0,A-11-02-L5,A,11,5,1,0
51300971F0,A-03-03-L1,A,3,1,0,0
51301170FA,B-12-03-L0,B,12,0,0,0
51301171FA,I-01-03-L1,I,1,1,0,0
51301173FA,B-11-03-L1,B,11,1,0,0
51305792F0,A-09-02-L6,A,9,6,1,39
51305959F0,I-01-03-L7,I,1,7,1,72
51305968F0,F-10-02-L6,F,10,6,1,0
51307402F0,D-05-02-L3,D,5,3,1,0
51307403F0,U-02-01-L3,U,2,3,1,0
51307601FA,C-06-02-L1,C,6,1,0,0
51307757FA,U-03-01-L6,U,3,6,1,5
51307819F0,A-05-03-L3,A,5,3,1,0
51310546F0,F-04-03-L3,F,4,3,1,69
51310557F0R07,D-01-01-L1,D,1,1,0,0
51310557F0R11,J-07-02-L6,J,7,6,1,0
51310557F0R13,F-12-01-L7,F,12,7,1,0
51310557F0R14,A-06-01-L5,A,6,5,1,0
51310558F0R07,J-09-01-L3,J,9,3,1,0
51310558F0R14,E-02-02-L6,E,2,6,1,0
51310590F0,E-12-03-L0,E,12,0,0,446
51310591F0,J-09-02-L3,J,9,3,1,56
51310599F0,A-11-03-L2,A,11,2,0,20
51310623F0,F-08-03-L1,F,8,1,0,217
51310655F0,A-06-02-L0,A,6,0,0,496
51310657F0,J-16-02-L3,J,16,3,1,40
51310659F0,C-01-02-L0,C,1,0,0,0
51310660F0,E-11-02-L0,E,11,0,0,0
51310662F0,C-04-03-L2,C,4,2,0,116
51310663F0,G-08-02-L3,G,8,3,1,42
51310664F0,G-10-02-L3,G,10,3,1,17
51310666F0,G-08-03-L3,G,8,3,1,42
51310667F0,G-10-03-L3,G,10,3,1,17
51310669F0,U-11-02-L5,U,11,5,1,5
51310670F0,I-02-02-L5,I,2,5,1,10
51310671F0AG,H-02-02-L6,H,2,6,1,4
51310671F0SN,A-06-01-L1,A,6,1,0,161
51310673F0,H-11-03-L4,H,11,4,1,2028
51310678F0,E-09-02-L0,E,9,0,0,451
51310682F0,A-09-02-L3,A,9,3,1,21
51310685F0,C-11-02-L1,C,11,1,0,287
51310686F0,C-12-01-L1,C,12,1,0,287
51310692F0,F-02-01-L1,F,2,1,0,0
51310693F0,I-02-01-L1,I,2,1,0,0
51310694F0,A-06-03-L0,A,6,0,0,496
51310697F0,F-07-01-L1,F,7,1,0,255
51310698F0,F-10-01-L3,F,10,3,1,34
51310700F0,J-09-03-L3,J,9,3,1,69
51310704F0R07,B-03-03-L3,B,3,3,1,51
51310710F0,A-11-01-L0,A,11,0,0,430
51310713F0,E-10-02-L1,E,10,1,0,128
51310718F0,E-07-01-L0,E,7,0,0,501
51310724F0,B-06-03-L2,B,6,2,0,183
51310725F0,B-07-01-L2,B,7,2,0,183
51310791F0,E-10-01-L0,E,10,0,0,521
51310807F0,B-04-01-L3,B,4,3,1,68
51310808F0,E-02-03-L6,E,2,6,1,3
51310809T0SN,D-07-03-L6,D,7,6,1,177
51310811F0,G-08-03-L1,G,8,1,0,216
51310812F0,G-11-02-L1,G,11,1,0,284
51310813F0,A-05-01-L1,A,5,1,0,284
51310841F0,E-01-01-L3,E,1,3,1,73
51310854F0,A-05-02-L0,A,5,0,0,594
51310855F0,C-12-02-L1,C,12,1,0,287
51310856F0,D-02-02-L3,D,2,3,1,71
51310857F0,A-04-01-L3,A,4,3,1,30
51310857F0SN,U-11-02-L6,U,11,6,1,59
51310860FA,I-08-01-L1,I,8,1,0,408
51310860FD,C-06-01-L3,C,6,3,1,45
51310860FESN,G-01-02-L5,G,1,5,1,201
51310861FA,D-02-03-L7,D,2,7,1,16
51310861FD,H-06-01-L6,H,6,6,1,2
51310861FESN,A-06-02-L5,A,6,5,1,24
51310862FA,D-01-03-L7,D,1,7,1,17
51310862FD,H-06-02-L6,H,6,6,1,2
51310862FESN,I-02-03-L5,I,2,5,1,28
51310863FA,E-03-02-L7,E,3,7,1,17
51310863FD,H-06-03-L6,H,6,6,1,2
51310863FESN,F-05-01-L7,F,5,7,1,28
51310864FD,U-01-01-L5,U,1,5,1,36
51310865FA,F-01-03-L5,F,1,5,1,21
51310866FA,C-11-02-L5,C,11,5,1,10
51310866FFAG,J-07-03-L1,J,7,1,0,1
51310867FA,C-12-01-L5,C,12,5,1,10
51310867FFAG,J-07-01-L2,J,7,2,0,1
51310868FA,C-10-01-L5,C,10,5,1,10
51310868FFAG,J-07-02-L2,J,7,2,0,1
51310869FA,A-11-03-L5,A,11,5,1,9
51310879F0R07,A-09-03-L3,A,9,3,1,0
51310881F0,A-06-02-L4,A,6,4,1,0
51310882F0,E-12-01-L1,E,12,1,0,0
51310884F0,D-09-01-L0,D,9,0,0,489
51310894F0,A-09-01-L0,A,9,0,0,451
51310895F0,G-05-01-L3,G,5,3,1,58
51310896F0,C-09-01-L1,C,9,1,0,307
51310896F0AG,U-12-01-L5,U,12,5,1,5
51310896F0SN,A-02-03-L1,A,2,1,0,184
51310897F0,C-12-01-L2,C,12,2,0,185
51310898F0,F-01-01-L4,F,1,4,1,14
51310899F0,B-06-02-L1,B,6,1,0,555
51310900F0,D-04-03-L3,D,4,3,1,58
51310902F0,C-12-02-L2,C,12,2,0,185
51310903F0,U-10-01-L3,U,10,3,1,20
51310904F0,C-10-02-L0,C,10,0,0,1302
51310905F0,A-10-03-L2,A,10,2,0,118
51310909F0,D-11-01-L1,D,11,1,0,106
51310913F0,A-11-02-L0,A,11,0,0,451
51310957F0,A-08-02-L0,A,8,0,0,514
51310957F0AG,U-12-02-L5,U,12,5,1,5
51310957F0SN,G-02-03-L1,G,2,1,0,336
51310964F0,D-08-01-L2,D,8,2,0,34
51310967F0,G-02-01-L1,G,2,1,0,398
51310973F0,A-04-01-L1,A,4,1,0,206
51310974F0,J-14-01-L3,J,14,3,1,28
51310975F0,E-09-01-L4,E,9,4,1,1412
51310976F0,F-11-01-L1,F,11,1,0,202
51310979T0SN,F-04-01-L7,F,4,7,1,27
51310998F0SN,B-09-03-L5,B,9,5,1,45
51311010M0,F-08-02-L7,F,8,7,1,6
56132756,G-07-03-L0,G,7,0,0,0
56132761,U-05-01-L4,U,5,4,1,0
56132774,I-10-02-L6,I,10,6,1,0
56135320,H-08-02-L6,H,8,6,1,0
56135323,E-05-01-L6,E,5,6,1,0
56135331,U-01-01-L0,U,1,0,0,0
56135334,U-04-02-L4,U,4,4,1,0
56150012,H-08-03-L6,H,8,6,1,0
56270,J-07-01-L3,J,7,3,1,3
56900533,H-02-01-L5,H,2,5,1,0
56900701,U-02-02-L0,U,2,0,0,0
56900702,J-11-02-L6,J,11,6,1,0
56900860,H-10-03-L6,H,10,6,1,0
56900920,D-05-01-L6,D,5,6,1,0
56900923,J-13-02-L6,J,13,6,1,0
56901001,E-04-01-L4,E,4,4,1,0
56901004,D-04-03-L0,D,4,0,0,0
56901014,D-03-03-L6,D,3,6,1,0
56901053,C-02-01-L0,C,2,0,0,0
56920160,A-02-03-L6,A,2,6,1,0
56920300,D-03-01-L6,D,3,6,1,0
56920984,C-07-01-L6,C,7,6,1,0
56940010,E-11-03-L8,E,11,8,1,0
56940011,C-03-02-L8,C,3,8,1,0
56940013,C-03-03-L8,C,3,8,1,0
56950081,I-10-03-L6,I,10,6,1,0
56950264,I-08-02-L6,I,8,6,1,0
59704,E-03-03-L7,E,3,7,1,18
59705,D-10-01-L8,D,10,8,1,19
59836,J-07-03-L2,J,7,2,0,1
59927,C-04-01-L8,C,4,8,1,3
627125,C-10-02-L6,C,10,6,1,0
627150,D-09-02-L4,D,9,4,1,228
627250,C-08-01-L0,C,8,0,0,0
706500TA,C-04-03-L0,C,4,0,0,0
706501TA,C-02-02-L0,C,2,0,0,0
706902A,G-05-02-L3,G,5,3,1,0
707052,U-02-02-L2,U,2,2,0,0
707115A,G-06-03-L1,G,6,1,0,2
707864,C-01-03-L1,C,1,1,0,0
7236021,H-05-01-L0,H,5,0,0,2
7236259,A-04-02-L3,A,4,3,1,15
730307,J-18-01-L4,J,18,4,1,0
730454,I-05-01-L0,I,5,0,0,0
730666-08,J-11-01-L4,J,11,4,1,0
731754,F-12-02-L7,F,12,7,1,0
731885,E-01-02-L0,E,1,0,0,0
731886,A-07-03-L4,A,7,4,1,0
732236,D-08-01-L4,D,8,4,1,0
732480,G-05-01-L1,G,5,1,0,0
732531,D-02-03-L1,D,2,1,0,0
732538C,B-05-02-L2,B,5,2,0,0
732538ECD,F-10-03-L6,F,10,6,1,0
732733B,A-04-03-L2,A,4,2,0,0
732740,C-09-01-L4,C,9,4,1,0
732744X,E-01-02-L3,E,1,3,1,0
732775,B-09-03-L2,B,9,2,0,0
732847,D-01-01-L2,D,1,2,0,0
733065,D-04-02-L4,D,4,4,1,0
754771,U-13-01-L4,U,13,4,1,0
755435,F-03-01-L0,F,3,0,0,0
755484,B-12-01-L1,B,12,1,0,0
755542,I-10-02-L4,I,10,4,1,0
755815,C-08-02-L1,C,8,1,0,0
755847,I-01-03-L0,I,1,0,0,0
755847-08,U-03-01-L4,U,3,4,1,0
759090,D-01-02-L2,D,1,2,0,0
759713,G-07-02-L1,G,7,1,0,0
759964E,B-01-02-L8,B,1,8,1,0
7S3491104220,H-05-02-L0,H,5,0,0,0
8066698,U-07-02-L6,U,7,6,1,40
8132882,H-02-01-L7,H,2,7,1,0
839744AG,H-05-01-L5,H,5,5,1,8
854392AG,U-02-02-L3,U,2,3,1,0
855869AG,U-13-01-L5,U,13,5,1,5
855869SN,D-10-02-L0,D,10,0,0,370
85930602T0,G-09-02-L0,G,9,0,0,0
85930702T0,D-06-02-L0,D,6,0,0,0
85930802T0,I-10-03-L0,I,10,0,0,0
85930902T0,H-03-02-L5,H,3,5,1,0
85931002T0,H-03-03-L5,H,3,5,1,0
85931102T0,H-02-02-L5,H,2,5,1,0
859385T0,A-12-01-L5,A,12,5,1,12
859399,E-08-01-L2,E,8,2,0,53
859402,E-09-03-L0,E,9,0,0,451
859403,D-08-01-L0,D,8,0,0,451
859422,I-09-01-L1,I,9,1,0,285
859422AG,H-02-03-L6,H,2,6,1,4
859422SN,G-11-01-L1,G,11,1,0,162
859423,C-09-03-L1,C,9,1,0,306
859423SN,A-02-01-L1,A,2,1,0,185
859424SN,A-05-02-L2,A,5,2,0,95
859427,E-01-03-L3,E,1,3,1,80
859427SN,B-12-03-L5,B,12,5,1,28
859430,G-07-02-L4,G,7,4,1,3953
859441,F-07-02-L1,F,7,1,0,253
859442,F-10-02-L3,F,10,3,1,34
859450,C-04-01-L0,C,4,0,0,894
859456,C-05-01-L0,C,5,0,0,854
859464,A-04-03-L3,A,4,3,1,15
859489,F-07-03-L1,F,7,1,0,253
859500,A-06-03-L5,A,6,5,1,13
859534,D-10-03-L2,D,10,2,0,119
859542,A-02-02-L2,A,2,2,0,60
859606T0,B-04-02-L3,B,4,3,1,72
859606T0SN,U-14-02-L4,U,14,4,1,78
859621,E-08-01-L3,E,8,3,1,15
859694,G-04-03-L1,G,4,1,0,370
859764,F-09-01-L4,F,9,4,1,2124
87000,F-01-02-L4,F,1,4,1,197
87004R06,D-01-01-L4,D,1,4,1,190
87007,B-03-03-L4,B,3,4,1,150
87015,D-01-02-L4,D,1,4,1,190
87028,A-02-01-L3,A,2,3,1,0
87031,B-04-01-L4,B,4,4,1,28
87035,D-01-03-L4,D,1,4,1,25
87037,B-04-02-L4,B,4,4,1,4
87063,G-03-03-L4,G,3,4,1,70
87074R14,I-05-01-L4,I,5,4,1,2
87199,U-10-02-L3,U,10,3,1,6
87301,I-05-02-L4,I,5,4,1,3
87329,B-04-03-L4,B,4,4,1,3
87340,F-04-01-L4,F,4,4,1,65
87352,B-05-01-L4,B,5,4,1,33
87381,E-01-01-L4,E,1,4,1,0
875646,G-01-02-L0,G,1,0,0,0
877067,G-01-03-L0,G,1,0,0,0
87722,E-01-02-L4,E,1,4,1,255
87723,F-04-02-L4,F,4,4,1,70
87727,F-04-03-L4,F,4,4,1,0
877495,B-05-01-L5,B,5,5,1,0
877633,C-06-02-L4,C,6,4,1,0
877791,F-01-01-L0,F,1,0,0,0
87790,U-07-01-L3,U,7,3,1,894
877942F,G-04-02-L1,G,4,1,0,196
878297,D-05-03-L0,D,5,0,0,0
878386,B-08-03-L0,B,8,0,0,0
879090,J-17-02-L4,J,17,4,1,0
879091,C-03-02-L4,C,3,4,1,0
87995,B-05-02-L4,B,5,4,1,30
883677,E-02-02-L1,E,2,1,0,0
885228,A-11-02-L4,A,11,4,1,0
885249,A-07-01-L4,A,7,4,1,0
88600,D-02-02-L1,D,2,1,0,0
88601,C-06-02-L3,C,6,3,1,0
88616,G-12-03-L1,G,12,1,0,18
886598,C-06-03-L4,C,6,4,1,0
886606,C-08-01-L4,C,8,4,1,0
886637,I-05-02-L0,I,5,0,0,0
886657,F-11-03-L4,F,11,4,1,0
886661,C-08-02-L0,C,8,0,0,35
886661CD,D-06-03-L4,D,6,4,1,0
886662,F-08-01-L0,F,8,0,0,6
886662CD,G-10-02-L4,G,10,4,1,0
88670,E-11-02-L5,E,11,5,1,0
88690,C-07-01-L0,C,7,0,0,3
886917,B-02-01-L0,B,2,0,0,0
887160,F-04-01-L0,F,4,0,0,0
88725,U-07-02-L3,U,7,3,1,856
887951,B-10-01-L3,B,10,3,1,0
887954,A-05-02-L1,A,5,1,0,0
887956,H-10-02-L4,H,10,4,1,0
887959,B-05-03-L0,B,5,0,0,0
88796,B-05-03-L4,B,5,4,1,78
887962,D-06-01-L4,D,6,4,1,0
887985,A-10-03-L4,A,10,4,1,0
888036A,F-05-01-L1,F,5,1,0,0
888039,C-07-01-L4,C,7,4,1,0
888040,C-07-02-L4,C,7,4,1,0
888205,D-01-03-L0,D,1,0,0,0
888208,I-01-01-L0,I,1,0,0,0
888210,G-05-02-L0,G,5,0,0,0
888215,G-05-03-L0,G,5,0,0,0
888218,I-01-02-L0,I,1,0,0,0
888219,E-03-01-L0,E,3,0,0,0
888220,E-03-02-L0,E,3,0,0,0
888243,E-03-03-L0,E,3,0,0,0
888244,I-07-01-L0,I,7,0,0,0
888255,C-06-03-L3,C,6,3,1,0
888280,B-04-01-L0,B,4,0,0,0
888283,I-04-01-L0,I,4,0,0,0
888289,F-02-02-L2,F,2,2,0,0
888290,G-08-01-L4,G,8,4,1,0
888291,H-06-03-L3,H,6,3,1,0
888292,E-12-03-L2,E,12,2,0,0
888301,D-04-03-L4,D,4,4,1,0
888327,C-08-02-L4,C,8,4,1,0
888328,C-09-02-L4,C,9,4,1,0
888356,C-05-03-L4,C,5,4,1,0
888359,I-08-01-L4,I,8,4,1,0
888364,C-09-03-L4,C,9,4,1,0
888368,A-03-02-L4,A,3,4,1,0
888385,C-10-01-L4,C,10,4,1,0
888391,E-02-01-L0,E,2,0,0,0
888414,C-10-02-L4,C,10,4,1,0
888417,C-11-01-L4,C,11,4,1,0
888422,C-11-02-L4,C,11,4,1,0
888427,G-02-01-L0,G,2,0,0,0
888459,B-05-02-L0,B,5,0,0,0
888459SET,I-09-01-L4,I,9,4,1,0
888468,I-09-02-L4,I,9,4,1,0
888501,G-02-01-L5,G,2,5,1,0
888566,G-08-03-L5,G,8,5,1,0
888568,U-01-02-L0,U,1,0,0,0
888592,B-02-02-L5,B,2,5,1,0
888593,B-02-03-L5,B,2,5,1,0
888596,D-11-01-L6,D,11,6,1,0
888597,B-03-01-L5,B,3,5,1,0
888606,I-07-02-L0,I,7,0,0,0
888619,D-02-01-L0,D,2,0,0,0
888620,F-04-03-L0,F,4,0,0,0
888621,D-02-02-L0,D,2,0,0,0
888633,G-05-01-L0,G,5,0,0,0
888640,F-01-03-L0,F,1,0,0,0
888647,D-02-03-L0,D,2,0,0,0
888649,F-01-02-L0,F,1,0,0,0
888670,J-16-02-L4,J,16,4,1,0
888677,C-03-02-L0,C,3,0,0,0
888690,I-10-03-L4,I,10,4,1,0
888693,F-03-02-L0,F,3,0,0,0
888694,G-09-01-L4,G,9,4,1,0
888697,I-02-01-L0,I,2,0,0,0
888697-08,A-06-03-L4,A,6,4,1,0
888700,F-08-03-L4,F,8,4,1,0
888711,F-08-01-L4,F,8,4,1,0
888715,G-09-02-L4,G,9,4,1,0
888724,G-01-01-L0,G,1,0,0,0
888727,G-09-03-L4,G,9,4,1,0
888733,F-03-03-L0,F,3,0,0,0
888740,G-04-01-L0,G,4,0,0,0
888750,C-03-01-L4,C,3,4,1,0
888768,E-02-02-L0,E,2,0,0,0
888772,J-17-01-L4,J,17,4,1,0
888783,I-10-01-L4,I,10,4,1,0
888793,G-04-02-L0,G,4,0,0,0
888795,C-08-01-L6,C,8,6,1,0
88882,F-01-03-L4,F,1,4,1,18
88883,D-01-01-L6,D,1,6,1,15
888836,F-08-02-L4,F,8,4,1,0
888844,F-03-01-L5,F,3,5,1,0
888846,B-04-03-L3,B,4,3,1,0
888849,C-06-01-L4,C,6,4,1,0
888861,E-12-03-L4,E,12,4,1,0
888864,C-12-01-L4,C,12,4,1,0
888866,G-07-01-L2,G,7,2,0,0
888933,E-09-02-L4,E,9,4,1,0
888946BJ,I-02-02-L3,I,2,3,1,0
888946DJ,D-01-03-L2,D,1,2,0,0
888946GCD,E-11-03-L4,E,11,4,1,0
888946GMCD,E-11-01-L4,E,11,4,1,0
888946RQ,F-08-01-L2,F,8,2,0,0
888946RR,D-03-01-L1,D,3,1,0,0
888946STCD,U-12-01-L4,U,12,4,1,0
888968,C-03-03-L0,C,3,0,0,0
889004,G-07-03-L1,G,7,1,0,0
889005,E-05-01-L1,E,5,1,0,0
889007,E-05-02-L1,E,5,1,0,0
889008,E-05-03-L1,E,5,1,0,0
889010,F-12-01-L0,F,12,0,0,0
889012,D-04-01-L1,D,4,1,0,0
889017,D-04-02-L1,D,4,1,0,0
889021,B-01-03-L1,B,1,1,0,0
889027,C-05-02-L0,C,5,0,0,0
889036,E-11-03-L0,E,11,0,0,0
889042,B-12-02-L1,B,12,1,0,0
889050,D-04-03-L1,D,4,1,0,0
889063,B-11-03-L0,B,11,0,0,0
889082,B-11-02-L3,B,11,3,1,0
889087,J-11-01-L5,J,11,5,1,0
889089,J-11-02-L5,J,11,5,1,0
889096,J-05-01-L6,J,5,6,1,0
889098,H-09-01-L5,H,9,5,1,0
889100,H-09-02-L5,H,9,5,1,0
889101,H-09-03-L5,H,9,5,1,0
889103,I-06-02-L2,I,6,2,0,0
889104,C-02-03-L2,C,2,2,0,0
889107,B-11-03-L3,B,11,3,1,0
889123,A-09-01-L2,A,9,2,0,0
889130,C-02-01-L5,C,2,5,1,0
889131,C-02-02-L5,C,2,5,1,0
889144,I-08-02-L7,I,8,7,1,0
889158,I-09-01-L5,I,9,5,1,0
889159,J-05-02-L6,J,5,6,1,0
889160,J-05-03-L6,J,5,6,1,0
889161,J-06-01-L5,J,6,5,1,0
889162,I-09-02-L5,I,9,5,1,0
889168,C-03-01-L1,C,3,1,0,0
889176,H-10-01-L5,H,10,5,1,0
889177,H-10-02-L5,H,10,5,1,0
889183,H-10-03-L5,H,10,5,1,0
889184,I-10-01-L5,I,10,5,1,0
889185F0,G-12-03-L4,G,12,4,1,0
889186F0,C-11-02-L0,C,11,0,0,0
889188F0,A-02-02-L1,A,2,1,0,0
889191F0,E-08-02-L2,E,8,2,0,0
889214F0,D-05-02-L1,D,5,1,0,0
889221F0,U-12-02-L4,U,12,4,1,0
889224F0,I-08-02-L0,I,8,0,0,0
889290F0,F-07-01-L2,F,7,2,0,0
889291F0,A-09-02-L2,A,9,2,0,0
889309F0,F-06-02-L4,F,6,4,1,0
889312F0,D-03-01-L0,D,3,0,0,0
889316F0,B-10-02-L1,B,10,1,0,0
889317F0,D-05-03-L1,D,5,1,0,0
889337F0,I-02-02-L1,I,2,1,0,0
889341F0,F-08-01-L1,F,8,1,0,0
889344F0,J-11-02-L4,J,11,4,1,0
889346F0,J-13-02-L4,J,13,4,1,0
889348F0,D-03-02-L0,D,3,0,0,0
889376F0,E-07-01-L1,E,7,1,0,0
889392F0,D-03-03-L0,D,3,0,0,0
889400F0,B-05-03-L5,B,5,5,1,0
889402F0,F-06-01-L0,F,6,0,0,0
889407F0,I-02-03-L1,I,2,1,0,0
889424,A-06-01-L3,A,6,3,1,0
889425,E-03-01-L3,E,3,3,1,0
889465F0,I-03-01-L1,I,3,1,0,0
889479FA,B-04-02-L0,B,4,0,0,0
889585FA,D-02-03-L2,D,2,2,0,0
889585FB,D-08-02-L2,D,8,2,0,0
889659,A-06-02-L3,A,6,3,1,0
889663,J-14-02-L3,J,14,3,1,0
889665,A-06-03-L3,A,6,3,1,0
889668,F-05-01-L0,F,5,0,0,0
889669,F-05-02-L0,F,5,0,0,0
889674F0,E-07-02-L1,E,7,1,0,0
889677,B-01-01-L0,B,1,0,0,0
889678,G-04-03-L0,G,4,0,0,0
889685F0,B-09-01-L0,B,9,0,0,0
889695F0,F-01-03-L3,F,1,3,1,0
889698F0,F-11-01-L2,F,11,2,0,0
889755,A-02-02-L3,A,2,3,1,0
889772AB,A-02-03-L2,A,2,2,0,26
889773AX,E-10-01-L5,E,10,5,1,5
889792F0,A-09-03-L2,A,9,2,0,0
889798,E-07-02-L0,E,7,0,0,0
889977F0,A-07-01-L1,A,7,1,0,0
890213F0,F-08-02-L2,F,8,2,0,0
890214F0,I-02-03-L3,I,2,3,1,0
890339F0,J-06-03-L3,J,6,3,1,0
890343F0,B-10-02-L3,B,10,3,1,0
890345F0,E-04-01-L2,E,4,2,0,0
890350F0,J-06-01-L4,J,6,4,1,0
890547FA,J-07-02-L3,J,7,3,1,0
890547FB,U-11-01-L3,U,11,3,1,0
890758F0,H-08-01-L6,H,8,6,1,0
891166FM,H-05-03-L0,H,5,0,0,2
891348F0,F-02-03-L0,F,2,0,0,0
891352F0,F-09-03-L1,F,9,1,0,0
891377,J-13-01-L4,J,13,4,1,0
891486FH,H-05-01-L1,H,5,1,0,0
891511F0,D-05-02-L0,D,5,0,0,0
891537F0,D-05-03-L3,D,5,3,1,0
891558F0,I-06-01-L0,I,6,0,0,0
895385BH,C-04-02-L8,C,4,8,1,0
90335,D-10-02-L8,D,10,8,1,0
91001159902,F-06-02-L6,F,6,6,1,0
954500131,E-10-02-L5,E,10,5,1,0
954500133,I-10-02-L5,I,10,5,1,0
A9F74216,U-01-02-L6,U,1,6,1,9
A9N18458,D-10-03-L8,D,10,8,1,10
AAA12703F0,J-03-01-L7,J,3,7,1,30
AAA12731F0,I-08-01-L2,I,8,2,0,174
AAA12734F0,C-07-01-L3,C,7,3,1,73
AAA12737F0,C-01-01-L3,C,1,3,1,70
AAA12739F0,B-06-01-L4,B,6,4,1,1
AAA12759F0,B-01-03-L8,B,1,8,1,11
AAA12772F0,C-08-02-L2,C,8,2,0,93
AAA12773F0,C-08-03-L2,C,8,2,0,92
AAA12774F0,B-11-01-L2,B,11,2,0,170
AAA12775F0,B-11-02-L2,B,11,2,0,170
AAA12861F0,B-05-01-L3,B,5,3,1,29
AAA12972F0-K,I-08-02-L2,I,8,2,0,143
AAA12973F0,E-05-03-L2,E,5,2,0,32
AAA12974F0-K,C-12-02-L5,C,12,5,1,34
AAA12976F0,E-02-03-L1,E,2,1,0,237
AAA12976F0-K,B-12-03-L2,B,12,2,0,181
AAA13036F0-K,B-08-01-L2,B,8,2,0,201
AAA13106F0,A-10-01-L1,A,10,1,0,197
AAA13118F0,D-01-02-L6,D,1,6,1,12
AAA20033F0,G-01-03-L3,G,1,3,1,86
AAA20107F0R14,H-05-02-L1,H,5,1,0,19
AAA20111F0,B-12-01-L3,B,12,3,1,47
AAS10003T0,D-09-01-L1,D,9,1,0,237
AAS10003T0AG,C-04-03-L8,C,4,8,1,3
AAS10003T0SN,B-05-02-L1,B,5,1,0,201
AAS10009T0,E-01-02-L1,E,1,1,0,340
AAS10014T0,F-10-03-L3,F,10,3,1,25
AAS10014T0SN,A-05-03-L5,A,5,5,1,14
AAS10016T0AG,C-07-03-L7,C,7,7,1,8
AAS10016T0SN,G-07-02-L2,G,7,2,0,62
AAS10021T0,U-01-02-L5,U,1,5,1,6
AAS10021T0-EPK,F-08-03-L7,F,8,7,1,0
AAS10022T0,U-02-01-L5,U,2,5,1,6
AAS10022T0-EPK,I-10-01-L7,I,10,7,1,0
AAS10028T0,G-07-01-L0,G,7,0,0,596
AAS10037T0,E-08-02-L3,E,8,3,1,14
AAS10040T0,J-07-03-L6,J,7,6,1,3
AAS10040T0SN,B-06-01-L5,B,6,5,1,39
AAS10041T0,C-05-01-L8,C,5,8,1,3
AAS10042T0SN,B-06-02-L5,B,6,5,1,39
AAS10043T0,J-06-02-L5,J,6,5,1,9
AAS10043T0SN,B-06-03-L5,B,6,5,1,39
AAS10044T0SN,G-01-01-L5,G,1,5,1,78
AAS10045T0SN,B-07-01-L5,B,7,5,1,39
AAS10046T0,C-05-02-L8,C,5,8,1,3
AAS10047T0,C-05-03-L8,C,5,8,1,3
AAS10048T0,I-10-02-L7,I,10,7,1,6
AAS10049T0,I-10-03-L7,I,10,7,1,6
AAS10050T0,C-06-01-L8,C,6,8,1,3
AAS10051T0,C-06-02-L8,C,6,8,1,3
AAS10066T0,G-11-03-L1,G,11,1,0,179
AAS10069T0,I-02-03-L2,I,2,2,0,137
AAS10070T0,G-03-01-L6,G,3,6,1,5
AAS10073T0,B-07-02-L1,B,7,1,0,417
AAS10073T0AG,J-02-01-L7,J,2,7,1,24
AAS10073T0SN,E-06-01-L0,E,6,0,0,399
AAS10087T0,G-10-01-L1,G,10,1,0,191
AAS10088T0,A-02-03-L3,A,2,3,1,23
AAS10099T0,A-05-03-L1,A,5,1,0,177
AAS10123T0,G-03-03-L5,G,3,5,1,136
AAS10125T0SN,G-09-01-L7,G,9,7,1,6
AAS10126T0,I-10-01-L1,I,10,1,0,216
AAS10132T0,J-06-02-L4,J,6,4,1,11
AAS10137T0,B-04-01-L5,B,4,5,1,84
AAS10137T0AG,C-06-03-L8,C,6,8,1,3
AAS10137T0SN,G-09-02-L7,G,9,7,1,6
AAS10168T0,G-03-02-L6,G,3,6,1,5
AAS10244T0,H-05-02-L5,H,5,5,1,0
AAS10245T0,H-05-03-L5,H,5,5,1,0
AAS10246T0,J-08-01-L5,J,8,5,1,0
AAS10247T0,J-08-02-L5,J,8,5,1,0
AAS10248T0,A-02-01-L5,A,2,5,1,0
AAS10249T0,A-02-02-L5,A,2,5,1,0
AAS10250T0,J-08-03-L5,J,8,5,1,0
AAS10252T0,E-03-01-L5,E,3,5,1,0
AAS10255T0,E-03-02-L5,E,3,5,1,0
AAS10311T0,A-09-02-L0,A,9,0,0,523
AAS10312T0,H-03-01-L3,H,3,3,1,77
AAS10490T0,I-01-03-L2,I,1,2,0,160
AAS10491T0,A-03-01-L3,A,3,3,1,25
AAS10512T0AG,B-02-01-L8,B,2,8,1,4
AAS10571T0,I-07-02-L1,I,7,1,0,278
AAS10572T0,D-02-01-L1,D,2,1,0,284
AAS10573T0,I-03-01-L2,I,3,2,0,137
AAS10574T0,B-08-02-L6,B,8,6,1,1
AAS10575T0,F-12-03-L7,F,12,7,1,4
AAS10591T0,C-07-02-L3,C,7,3,1,0
AAS10592T0,B-12-02-L3,B,12,3,1,0
AAS10593T0,C-01-02-L3,C,1,3,1,0
AAS10594T0,C-01-03-L3,C,1,3,1,0
AAS10596T0,C-02-01-L3,C,2,3,1,0
AAS10597T0,C-04-03-L3,C,4,3,1,0
AAS10605T0,C-02-02-L3,C,2,3,1,0
AAS10612T0,C-02-03-L3,C,2,3,1,0
AAS10635T0,H-11-02-L4,H,11,4,1,0
AAS10638T0,E-08-03-L2,E,8,2,0,53
AAS10648T0,G-03-03-L6,G,3,6,1,0
AAS10649T0,F-01-01-L2,F,1,2,0,133
AAS10650T0,B-08-03-L6,B,8,6,1,1
AAS10664T0,B-05-02-L3,B,5,3,1,0
AAS10669T0,B-05-03-L3,B,5,3,1,0
AAS10670T0,B-06-01-L3,B,6,3,1,0
AAS10671T0,A-08-01-L8,A,8,8,1,4
AAS10675T0R07,F-11-02-L2,F,11,2,0,80
AAS10676T0R07,H-02-01-L3,H,2,3,1,62
AAS10678T0R07,H-01-02-L5,H,1,5,1,20
AAS10679T0,F-02-03-L2,F,2,2,0,143
AAS10680T0,H-01-03-L5,H,1,5,1,20
AAS10681T0R07,F-11-03-L2,F,11,2,0,80
AAS10682T0R07,A-10-02-L1,A,10,1,0,162
AAS10683T0R07,A-06-01-L2,A,6,2,0,71
AAS10684T0R07,E-09-01-L2,E,9,2,0,82
AAS10685T0R07,E-09-02-L2,E,9,2,0,73
AAS10697T0R07,B-02-03-L1,B,2,1,0,310
AAS10698T0,B-03-01-L1,B,3,1,0,310
AAS10699T0R07,C-02-03-L5,C,2,5,1,29
AAS10700T0,C-03-01-L5,C,3,5,1,29
AAS10701T0,D-12-01-L3,D,12,3,1,8
AAS10702T0,J-06-03-L4,J,6,4,1,4
AAS10707T0,I-06-01-L5,I,6,5,1,0
AAS10708T0,F-05-02-L7,F,5,7,1,0
AAS10709T0,I-06-02-L5,I,6,5,1,0
AAS10711T0,H-06-01-L5,H,6,5,1,0
AAS10713T0,H-02-02-L7,H,2,7,1,38
AAS10714T0,J-10-01-L7,J,10,7,1,19
AAS10715T0,J-10-02-L7,J,10,7,1,19
AAS10716T0,B-01-01-L7,B,1,7,1,19
AAS10718T0,U-04-02-L6,U,4,6,1,76
AAS10720T0,B-01-02-L7,B,1,7,1,19
AAS10721T0,B-01-03-L7,B,1,7,1,19
AAS10722T0,B-02-01-L7,B,2,7,1,19
AAS10723T0,B-02-02-L7,B,2,7,1,19
AAS10733T0,A-06-02-L2,A,6,2,0,104
AAS10733T0AG,B-02-02-L8,B,2,8,1,4
AAS10733T0SN,C-06-03-L2,C,6,2,0,66
AAS10737T0,F-08-03-L2,F,8,2,0,90
AAS10738T0,F-09-03-L2,F,9,2,0,89
AAS10752T0-EPK,C-07-01-L8,C,7,8,1,0
AAS10753T0-EPK,C-07-02-L8,C,7,8,1,0
AAS10820T0,E-09-01-L1,E,9,1,0,174
AAS10832T0,G-10-02-L0,G,10,0,0,0
AAS10833T0,G-10-03-L0,G,10,0,0,0
AAS10834T0,B-10-01-L0,B,10,0,0,0
AAS10835T0,I-11-01-L0,I,11,0,0,0
AAS10836T0,I-11-02-L0,I,11,0,0,0
AAS10838T0,G-10-01-L4,G,10,4,1,0
AAS10839T0,I-11-03-L0,I,11,0,0,0
AAS10840T0,A-04-01-L0,A,4,0,0,0
AAS10841T0,A-04-02-L0,A,4,0,0,0
AAS10842T0,C-02-02-L4,C,2,4,1,0
AAS10844T0,A-04-03-L0,A,4,0,0,0
AAS10845T0,E-08-01-L0,E,8,0,0,0
AAS10846T0,E-08-02-L0,E,8,0,0,0
AAS10847T0,B-10-02-L0,B,10,0,0,0
AAS10848T0,E-08-03-L0,E,8,0,0,0
AAS10850T0,D-07-01-L0,D,7,0,0,0
AAS10851T0,D-07-02-L0,D,7,0,0,0
AAS10852T0,D-07-03-L0,D,7,0,0,0
AAS10855T0,G-11-01-L0,G,11,0,0,0
AAS10860T0,G-11-02-L0,G,11,0,0,0
AAS10861T0,G-11-03-L0,G,11,0,0,0
AAS10862T0,G-10-01-L0,G,10,0,0,0
AAS10869T0,E-11-03-L2,E,11,2,0,72
AAS10870T0,C-03-01-L3,C,3,3,1,36
AAS10871T0,G-12-01-L3,G,12,3,1,18
AAS10873T0,G-12-02-L3,G,12,3,1,18
AAS10876T0R07,U-05-01-L3,U,5,3,1,14
AAS10881T0R07,U-05-02-L3,U,5,3,1,14
AAS10886T0,I-06-01-L1,I,6,1,0,586
AAS10887T0,G-12-03-L3,G,12,3,1,18
AAS10888T0,D-10-01-L2,D,10,2,0,76
AAS10891T0,D-03-01-L2,D,3,2,0,81
AAS10894T0,F-10-01-L0,F,10,0,0,0
AAS10895T0R14,A-08-02-L8,A,8,8,1,2
AAS10896T0R07,A-08-01-L3,A,8,3,1,14
AAS10896T0R14,A-08-03-L8,A,8,8,1,2
AAS10897T0,D-09-01-L3,D,9,3,1,16
AAS10898T0,D-09-02-L3,D,9,3,1,16
AAS10905T0,C-07-03-L3,C,7,3,1,33
AAS10907T0,J-15-01-L3,J,15,3,1,26
AAS10908T0,J-15-02-L3,J,15,3,1,26
AAS10909T0,D-02-03-L3,D,2,3,1,52
AAS10910T0,D-11-01-L8,D,11,8,1,2
AAS10913T0,B-02-03-L8,B,2,8,1,4
AAS10915T0,U-03-01-L3,U,3,3,1,22
AAS10916T0,U-03-02-L3,U,3,3,1,22
AAS10921T0,H-05-01-L3,H,5,3,1,45
AAS10923T0,B-10-03-L0,B,10,0,0,987
AAS10924T0,F-04-01-L1,F,4,1,0,343
AAS10944T0,F-10-02-L0,F,10,0,0,0
AAS10945T0,F-10-03-L0,F,10,0,0,0
AAS30032TA,D-01-03-L6,D,1,6,1,2
AAS30095TA,B-04-02-L5,B,4,5,1,0
AAS30113TA,F-04-01-L6,F,4,6,1,2
AAS30113TASN,E-11-03-L5,E,11,5,1,13
AAS30113TB,F-04-02-L6,F,4,6,1,2
AAS30113TBSN,D-10-01-L5,D,10,5,1,13
AAS30113TC,F-04-03-L6,F,4,6,1,2
AAS30113TCSN,D-10-02-L5,D,10,5,1,13
AAS30114TA,J-09-01-L6,J,9,6,1,2
AAS30114TASN,D-10-03-L5,D,10,5,1,13
AAS30114TB,J-09-02-L6,J,9,6,1,2
AAS30114TBSN,A-08-01-L5,A,8,5,1,13
AAS30114TC,J-09-03-L6,J,9,6,1,2
AAS30114TCSN,A-08-02-L5,A,8,5,1,13
AAS40372T0,E-12-01-L8,E,12,8,1,6
AAS40373T0,G-09-03-L7,G,9,7,1,18
AAS40374T0,E-12-02-L8,E,12,8,1,6
AAS40397T0,J-06-03-L5,J,6,5,1,10
AAS40399T0,J-04-01-L6,J,4,6,1,5
AAS40400T0,H-05-03-L1,H,5,1,0,1
AAS40621TB,F-09-01-L6,F,9,6,1,0
AAS40621TR,G-08-01-L6,G,8,6,1,0
AAS40621TXG,E-12-03-L8,E,12,8,1,2
AAS40621TZ,E-08-02-L6,E,8,6,1,0
AAS40629T0,G-05-01-L6,G,5,6,1,3
AAS40630T0,A-05-03-L2,A,5,2,0,124
AAS40647T0,G-05-02-L6,G,5,6,1,6
AAS40647T0SN,A-09-01-L8,A,9,8,1,3
AAS40651T0SN,A-12-01-L0,A,12,0,0,309
AAS40652T0,I-11-02-L1,I,11,1,0,175
AAS40653T0SN,F-03-02-L2,F,3,2,0,99
AAS40654T0,J-18-01-L3,J,18,3,1,25
AAS40654T0SN,F-03-03-L2,F,3,2,0,99
AAS40655T0,G-05-03-L6,G,5,6,1,5
AAS40656T0SN,E-02-01-L2,E,2,2,0,100
AAS40896TA,H-05-01-L2,H,5,2,0,0
AAS41086T0,E-10-02-L0,E,10,0,0,0
AAS41213T0,E-03-01-L6,E,3,6,1,3
AAS41214TB,E-03-02-L6,E,3,6,1,3
AAS41277TB,C-07-03-L8,C,7,8,1,3
AAS41481TA,F-01-02-L2,F,1,2,0,166
AAS41481TB,G-03-03-L2,G,3,2,0,163
AAS41481TC,H-02-03-L7,H,2,7,1,36
AAS41482T0,I-05-01-L2,I,5,2,0,166
AAS41483TA,C-08-03-L5,C,8,5,1,36
AAS41483TB,H-02-03-L5,H,2,5,1,18
AAS41484T0,I-05-02-L2,I,5,2,0,166
AAS41485T0,E-01-01-L2,E,1,2,0,166
AAS41510T0,J-05-01-L5,J,5,5,1,18
AAS41512T0,B-01-01-L2,B,1,2,0,152
AAS41517TC,C-07-03-L1,C,7,1,0,306
AAS41518TA,B-01-02-L2,B,1,2,0,148
AAS41518TB,B-01-03-L2,B,1,2,0,150
AAS41518TC,B-02-01-L2,B,2,2,0,149
AAS41583T0,C-08-01-L1,C,8,1,0,298
AAS41584T0,G-05-03-L2,G,5,2,0,148
AAS41585T0,B-02-02-L2,B,2,2,0,145
AAS41586T0,B-02-03-L2,B,2,2,0,145
AAS41588T0,E-01-01-L1,E,1,1,0,453
AAS41589TA,F-09-02-L0,F,9,0,0,632
AAS41589TB,F-09-03-L0,F,9,0,0,632
AAS41592T0,B-03-01-L2,B,3,2,0,149
AAS41625T0,B-03-02-L2,B,3,2,0,159
AAS41626T0,I-11-01-L3,I,11,3,1,38
AAS41642T0,I-10-03-L5,I,10,5,1,8
AAS41643T0,J-13-01-L5,J,13,5,1,8
AAS41724T0,E-01-02-L2,E,1,2,0,166
AAS41725T0,E-03-03-L6,E,3,6,1,18
AAS41727TA,E-12-03-L1,E,12,1,0,198
AAS41727TB,A-09-01-L1,A,9,1,0,197
AAS41760T0,I-07-01-L6,I,7,6,1,0
AAS41761T0,A-09-02-L8,A,9,8,1,2
AAS41907T0,A-09-02-L4,A,9,4,1,186
AAS42036T0,U-14-02-L3,U,14,3,1,6
AAS42164T0,C-03-02-L3,C,3,3,1,59
AAS42165TASN,A-06-02-L6,A,6,6,1,118
AAS42165TBSN,A-12-01-L6,A,12,6,1,59
AAS42165TCSN,A-12-02-L6,A,12,6,1,59
AAS42165TDSN,A-12-03-L6,A,12,6,1,59
AAS42295T0,G-09-03-L1,G,9,1,0,0
AAS42296T0,A-03-01-L1,A,3,1,0,0
AAS42297T0,J-05-02-L5,J,5,5,1,0
AAS42357T0,G-01-01-L1,G,1,1,0,0
AAS42359T0,E-08-02-L1,E,8,1,0,0
AAS42362T0,C-08-01-L7,C,8,7,1,0
AAS42370T0,B-02-03-L7,B,2,7,1,18
AAS42371T0,A-10-01-L6,A,10,6,1,54
AAS42376T0,H-05-02-L2,H,5,2,0,1
AAS42385T0,G-10-02-L6,G,10,6,1,220
AAS49802T0,J-13-01-L6,J,13,6,1,311
AAS49804T0,F-07-02-L2,F,7,2,0,115
AAS49831T0,I-10-02-L1,I,10,1,0,461
AAS49847T0,H-05-03-L2,H,5,2,0,2
AAS49901T0,I-08-02-L1,I,8,1,0,471
AAS49961T0,U-05-02-L6,U,5,6,1,61
AAS49963T0,E-10-03-L4,E,10,4,1,0
AAV14221,B-09-01-L6,B,9,6,1,0
AAV17870,B-06-02-L4,B,6,4,1,43
AAV17874,B-06-03-L4,B,6,4,1,40
AAV23775,C-12-02-L4,C,12,4,1,0
AAV24160,I-09-02-L1,I,9,1,0,0
AAV24161,H-05-02-L3,H,5,3,1,0
AAV24162,H-02-02-L3,H,2,3,1,0
AAV24163,G-12-01-L2,G,12,2,0,0
AAV33176,D-09-02-L0,D,9,0,0,0
AAV33177,D-09-03-L0,D,9,0,0,0
AAV36546R12,J-13-01-L7,J,13,7,1,8
AAV36546S07,U-08-02-L3,U,8,3,1,22
AAV36551R12,H-08-01-L7,H,8,7,1,8
AAV36551R14,E-04-01-L5,E,4,5,1,22
AAV36551S07,U-11-02-L3,U,11,3,1,17
AAV41876,C-03-01-L2,C,3,2,0,0
AAV41876S07,B-03-01-L8,B,3,8,1,0
AAV41878,J-01-03-L4,J,1,4,1,0
AAV41885,U-08-03-L3,U,8,3,1,0
AAV42403,A-06-01-L6,A,6,6,1,0
AAV42412,F-09-03-L6,F,9,6,1,0
AAV43538,E-01-03-L1,E,1,1,0,438
AAV43632,D-03-02-L2,D,3,2,0,117
AAV43635,G-05-03-L3,G,5,3,1,47
AAV49636,G-12-01-L0,G,12,0,0,616
AAV50992,F-07-03-L2,F,7,2,0,0
AAV52067,A-07-01-L0,A,7,0,0,0
AAV55545,G-03-03-L1,G,3,1,0,453
AAV55917,E-01-03-L2,E,1,2,0,0
AAV55931,E-02-02-L3,E,2,3,1,43
AAV60690,E-07-02-L4,E,7,4,1,338
AAV60877,B-07-01-L4,B,7,4,1,17
AAV61012,D-10-02-L4,D,10,4,1,0
AAV64158,F-08-02-L0,F,8,0,0,0
AAV80194,U-13-02-L5,U,13,5,1,6
AAV80205,U-14-01-L5,U,14,5,1,6
AAV82271,J-13-02-L7,J,13,7,1,6
AAV86003,H-08-02-L7,H,8,7,1,7
AAV88178,B-04-03-L0,B,4,0,0,0
AAV91761,C-02-03-L4,C,2,4,1,0
ABL6TS06U,B-10-01-L2,B,10,2,0,39
ABL6TS16U,A-08-02-L3,A,8,3,1,11
ACTPC6ASFLS30WE,I-04-01-L4,I,4,4,1,320
AEMOE05B25B2115E2,C-08-01-L8,C,8,8,1,3
AEMOK05B55E511,B-03-02-L5,B,3,5,1,45
AEMON05B55B511000M,C-08-02-L8,C,8,8,1,3
AEMOO05E800011,J-16-01-L7,J,16,7,1,6
AEMOQ05B85F811000M,C-08-03-L8,C,8,8,1,3
AEMOS05B55B5215E5,C-09-01-L8,C,9,8,1,3
AEMSO05B55E521,J-16-02-L7,J,16,7,1,6
AEMST05B55E521,C-09-02-L8,C,9,8,1,3
AGDOLAP28188,G-12-01-L5,G,12,5,1,0
AGDOLAP28190,J-05-03-L5,J,5,5,1,0
AGDOLAP28195,B-03-02-L8,B,3,8,1,0
AGDOLAP28196,I-09-01-L3,I,9,3,1,0
AGDOLAP28199,B-09-02-L6,B,9,6,1,0
AGDOLAP28596,I-02-01-L4,I,2,4,1,0
AGDOLAP28802,C-04-01-L2,C,4,2,0,0
AGDOLAP28804,F-12-02-L2,F,12,2,0,0
AGS490502-01,E-03-03-L5,E,3,5,1,3
AGSC72891-04,B-10-02-L5,B,10,5,1,0
AGSC72922-01,A-02-03-L5,A,2,5,1,0
AGSC72974-22,E-06-01-L5,E,6,5,1,0
AGSC72974-23,E-06-02-L5,E,6,5,1,0
AGSC72974-24,E-06-03-L5,E,6,5,1,0
AGSC73386-01,B-10-03-L5,B,10,5,1,0
AGSC73451-01,D-05-01-L5,D,5,5,1,0
AGSC73716-01,D-05-02-L5,D,5,5,1,0
AGSC73717-01,D-05-03-L5,D,5,5,1,0
AGSC73726-03,F-08-01-L5,F,8,5,1,0
AGSC73726-04,F-08-02-L5,F,8,5,1,0
AGSC73761-02,F-08-03-L5,F,8,5,1,0
AGSC73761-05,A-03-01-L7,A,3,7,1,0
AGSC74270-10,H-06-02-L5,H,6,5,1,5
AGSC74272-01,G-09-01-L5,G,9,5,1,0
AGSC74448-01,B-03-01-L7,B,3,7,1,11
AGSC74448-02,J-04-01-L5,J,4,5,1,11
AGSH31601-01,C-09-03-L8,C,9,8,1,5
AGSH35446-01,C-10-01-L8,C,10,8,1,1
AGSI03560-01,D-02-01-L5,D,2,5,1,0
AHMOF05B85F811,A-03-02-L7,A,3,7,1,6
AMB00194,G-12-02-L4,G,12,4,1,1342
AMB00204,H-11-02-L6,H,11,6,1,0
AMB00374,U-12-01-L6,U,12,6,1,0
AMB00447,I-08-01-L0,I,8,0,0,0
AMB00448,A-03-01-L0,A,3,0,0,0
AMB00456,A-10-03-L1,A,10,1,0,0
AMB00512,I-11-03-L1,I,11,1,0,229
AMB00513,G-02-02-L5,G,2,5,1,0
AMB00525,B-02-01-L5,B,2,5,1,148
AMB00577,E-02-03-L3,E,2,3,1,1
AMB00578,B-03-02-L7,B,3,7,1,0
AMB00628,A-10-01-L4,A,10,4,1,0
AMB00754,B-09-03-L6,B,9,6,1,1
AMB00755,B-10-01-L6,B,10,6,1,0
AMPERMETRE169,J-08-01-L0,J,8,0,0,0
AMPERMETRE617,A-03-03-L7,A,3,7,1,6
AMT000155-02,D-02-02-L5,D,2,5,1,0
AMT000195-01,G-09-02-L5,G,9,5,1,0
AMT000926-01,G-12-02-L5,G,12,5,1,0
AMT000936-01,B-11-01-L5,B,11,5,1,0
AMT002863-01,U-07-01-L4,U,7,4,1,0
AMT002883-01,U-07-02-L4,U,7,4,1,0
AMT003166-05,U-02-02-L5,U,2,5,1,0
AMT204220-01,C-08-02-L7,C,8,7,1,12
AMTH04261-01,C-08-03-L7,C,8,7,1,16
AMTH06656-01,U-03-01-L5,U,3,5,1,0
BBV14869,I-11-01-L4,I,11,4,1,0
BBV15648,B-07-02-L4,B,7,4,1,6
BBV17284,H-08-03-L7,H,8,7,1,13
BBV19284,A-09-03-L8,A,9,8,1,2
BBV19285,J-08-02-L0,J,8,0,0,1
BBV19286,C-10-02-L8,C,10,8,1,3
BBV19287,B-03-03-L8,B,3,8,1,4
BBV19288,D-12-01-L8,D,12,8,1,2
BBV19290,J-17-01-L7,J,17,7,1,6
BBV19619,B-07-03-L4,B,7,4,1,6
BBV22062,I-11-02-L4,I,11,4,1,0
BBV22837,C-04-01-L4,C,4,4,1,0
BBV24192,E-05-01-L4,E,5,4,1,0
BBV24940,U-01-01-L4,U,1,4,1,0
BBV25627,I-07-02-L6,I,7,6,1,6
BBV27828,I-11-03-L4,I,11,4,1,0
BBV27844,B-03-03-L7,B,3,7,1,14
BBV31367,G-08-02-L4,G,8,4,1,0
BBV31368,G-08-03-L4,G,8,4,1,0
BBV31369,E-06-01-L4,E,6,4,1,0
BBV31551,A-07-01-L7,A,7,7,1,7
BBV31555,A-07-02-L7,A,7,7,1,7
BBV34228,A-07-03-L7,A,7,7,1,7
BBV34230,E-11-01-L7,E,11,7,1,7
BBV34232,J-05-01-L7,J,5,7,1,28
BBV34233,E-11-02-L7,E,11,7,1,7
BBV34236,E-11-03-L7,E,11,7,1,7
BBV34241,D-10-01-L7,D,10,7,1,7
BBV34246,D-10-02-L7,D,10,7,1,7
BBV34247,D-10-03-L7,D,10,7,1,7
BBV34650,J-15-02-L4,J,15,4,1,0
BBV34679,C-07-03-L4,C,7,4,1,0
BBV37577,A-08-01-L7,A,8,7,1,7
BBV40299,F-04-02-L7,F,4,7,1,6
BBV40669,A-08-02-L7,A,8,7,1,7
BBV40670,A-08-03-L7,A,8,7,1,7
BBV40671,D-11-01-L7,D,11,7,1,7
BBV40678,A-10-01-L8,A,10,8,1,2
BBV40679,A-10-02-L8,A,10,8,1,2
BBV40691,J-17-02-L7,J,17,7,1,6
BBV40784,D-07-03-L4,D,7,4,1,2
BBV41038,C-11-01-L8,C,11,8,1,5
BBV41047,J-05-02-L7,J,5,7,1,28
BBV41049,E-12-01-L7,E,12,7,1,7
BBV41228,E-12-02-L7,E,12,7,1,7
BBV41440,B-04-01-L7,B,4,7,1,14
BBV41443,C-11-02-L8,C,11,8,1,5
BBV41956,C-01-03-L7,C,1,7,1,9
BBV44337,C-12-01-L8,C,12,8,1,5
BBV44643,A-10-03-L8,A,10,8,1,2
BBV44645,C-12-02-L8,C,12,8,1,5
BBV44646,E-04-01-L8,E,4,8,1,5
BBV44647,D-03-01-L8,D,3,8,1,5
BBV44648,D-03-02-L8,D,3,8,1,5
BBV45114,G-10-03-L4,G,10,4,1,0
BBV45462,E-01-03-L0,E,1,0,0,0
BBV46299,F-12-01-L4,F,12,4,1,0
BBV48821,G-11-01-L4,G,11,4,1,0
BBV49196,E-08-03-L4,E,8,4,1,0
BBV49257,B-04-01-L1,B,4,1,0,352
BBV49262,B-04-02-L1,B,4,1,0,352
BBV55406,F-06-01-L4,F,6,4,1,0
BBV57728,J-15-01-L4,J,15,4,1,0
BBV59583,E-12-03-L7,E,12,7,1,7
BBV59723,A-09-01-L7,A,9,7,1,7
BBV60758,C-09-02-L1,C,9,1,0,0
BBV61183,C-04-02-L4,C,4,4,1,0
BF4-24VDC,F-02-02-L5,F,2,5,1,0
BF4-48VDC,C-05-03-L5,C,5,5,1,0
BLRCH104A125B48,E-07-01-L7,E,7,7,1,0
BQT38304,E-07-02-L7,E,7,7,1,0
BQT38955,A-05-01-L0,A,5,0,0,2
BQT41857,E-07-03-L7,E,7,7,1,0
BRU58791,D-03-03-L8,D,3,8,1,0
BRU58794,F-06-01-L8,F,6,8,1,0
BRU63807,F-06-02-L8,F,6,8,1,0
BRU66032,J-08-03-L0,J,8,0,0,0
BRU71170,J-08-01-L1,J,8,1,0,0
BRU71262,G-07-01-L8,G,7,8,1,0
BRU82376,H-03-02-L3,H,3,3,1,192
BRU87488,G-07-02-L8,G,7,8,1,0
BW467,J-01-01-L7,J,1,7,1,12
C1034V100,E-07-03-L3,E,7,3,1,0
C1036E040,D-09-03-L3,D,9,3,1,0
C1036E100,C-04-01-L5,C,4,5,1,0
C103TM016,F-12-01-L3,F,12,3,1,0
C1042D100,G-02-02-L7,G,2,7,1,0
C104TM016,J-08-02-L1,J,8,1,0,0
C104TM050,A-11-01-L8,A,11,8,1,0
C104TM063,H-07-01-L6,H,7,6,1,0
C104TM100,U-14-02-L5,U,14,5,1,0
C10S4,A-12-02-L5,A,12,5,1,0
C163TM160,J-04-02-L6,J,4,6,1,20
C16S3,G-02-01-L4,G,2,4,1,3
C253TM250,I-01-01-L6,I,1,6,1,0
C254TM250,G-07-03-L8,G,7,8,1,0
C25S3,E-01-03-L4,E,1,4,1,0
C25S4,B-04-01-L8,B,4,8,1,0
C32WA5970E,B-04-02-L7,B,4,7,1,10
C4042D400,J-13-02-L5,J,13,5,1,0
C40S4,D-03-01-L7,D,3,7,1,0
C6332D630,I-03-01-L6,I,3,6,1,0
C63S4,J-08-03-L1,J,8,1,0,0
CESU-001,E-10-03-L5,E,10,5,1,16
CESU-002,D-09-01-L5,D,9,5,1,16
CF36/10,E-10-01-L6,E,10,6,1,48
CF36/2.5,G-08-03-L6,G,8,6,1,369
CF36/50,E-05-01-L8,E,5,8,1,0
CF36/6.3,I-11-02-L6,I,11,6,1,99
CSTP25-20-200,D-12-01-L6,D,12,6,1,40
CUS-Y2540113-SEG,J-08-01-L2,J,8,2,0,0
CUS-Y2540513-SYC,J-08-02-L2,J,8,2,0,0
DISI_SOKET10,B-08-01-L4,B,8,4,1,1
DRC007897-01,H-06-03-L5,H,6,5,1,0
E142317B2M0B98L,B-08-02-L4,B,8,4,1,8
E44231FB4M0E38M,J-08-03-L2,J,8,2,0,0
E74632QHBM0C88M,B-10-02-L6,B,10,6,1,0
EAV14115,B-04-02-L8,B,4,8,1,8
EAV14460,H-11-01-L7,H,11,7,1,6
EAV14610,I-04-01-L5,I,4,5,1,11
EAV15118,A-12-01-L3,A,12,3,1,0
EAV18146,B-04-03-L7,B,4,7,1,14
EAV19212,B-05-01-L7,B,5,7,1,14
EAV19224,B-05-02-L7,B,5,7,1,14
EAV25748,C-05-03-L0,C,5,0,0,228
EAV25749,J-18-02-L4,J,18,4,1,454
EAV28981,J-09-01-L5,J,9,5,1,6
EAV43345,C-07-03-L0,C,7,0,0,163
EAV45262,B-06-03-L1,B,6,1,0,0
EAV45626R14,A-10-02-L6,A,10,6,1,36
EAV53363,E-05-02-L8,E,5,8,1,3
EAV53378,E-05-03-L8,E,5,8,1,0
EAV53379,D-04-01-L8,D,4,8,1,0
EAV53383,H-11-02-L7,H,11,7,1,6
EAV55085,C-02-01-L7,C,2,7,1,9
EAV57108,G-03-01-L7,G,3,7,1,21
EAV61396,C-03-01-L0,C,3,0,0,289
EAV62986,C-03-03-L3,C,3,3,1,43
EAV63071,C-04-01-L3,C,4,3,1,42
EAV64872,D-04-02-L8,D,4,8,1,3
EAV64873,D-04-03-L8,D,4,8,1,3
EAV66405R12,A-08-01-L2,A,8,2,0,64
EAV66405S07,H-05-03-L3,H,5,3,1,140
EAV66649R12,H-06-01-L0,H,6,0,0,1
EAV66649R14,E-03-02-L3,E,3,3,1,51
EAV66650R12,D-03-02-L7,D,3,7,1,11
EAV66650R14,H-01-02-L7,H,1,7,1,38
EAV66653R14,A-11-02-L8,A,11,8,1,2
EAV66654R12,H-11-03-L7,H,11,7,1,7
EAV66654S07,A-10-01-L3,A,10,3,1,27
EAV66656R12,D-03-03-L7,D,3,7,1,8
EAV66656R14,D-03-01-L5,D,3,5,1,29
EAV70647-018R10,H-06-02-L0,H,6,0,0,0
EAV70647-042R10,C-09-01-L7,C,9,7,1,0
EAV70647R10,B-05-02-L5,B,5,5,1,0
EAV71015,F-06-01-L7,F,6,7,1,0
EAV75985,D-05-01-L4,D,5,4,1,0
EAV81627,E-09-01-L3,E,9,3,1,0
EAV84107,A-10-02-L3,A,10,3,1,6
EAV84745,G-02-02-L4,G,2,4,1,6
EAV84813,H-10-03-L4,H,10,4,1,0
EAV84822,E-06-02-L4,E,6,4,1,0
EAV86412,A-09-02-L7,A,9,7,1,7
EAV92430,A-12-02-L3,A,12,3,1,1
EAV92988,E-08-03-L1,E,8,1,0,343
EAV93562,D-07-01-L1,D,7,1,0,344
EAV93856,G-02-03-L4,G,2,4,1,6
EIBAD0443-01,B-11-02-L5,B,11,5,1,0
EIBAD1038-02,G-09-03-L5,G,9,5,1,0
EIBAD1110-01,A-03-01-L5,A,3,5,1,0
EIBAD1114-02,A-03-02-L5,A,3,5,1,0
EIBAD1180-01,D-02-03-L5,D,2,5,1,0
EIBAD1183-02,D-06-01-L7,D,6,7,1,0
EIBAD1183-03,D-06-02-L7,D,6,7,1,0
EIBAE1018-01,A-03-03-L5,A,3,5,1,0
EIBAE1025-02R27,A-11-03-L8,A,11,8,1,0
EIBAE1036-02R27,A-12-01-L8,A,12,8,1,0
EIBAE1075-02,E-07-01-L5,E,7,5,1,0
EIBAE1076-01,I-03-02-L6,I,3,6,1,0
EIBAE1098-01,E-07-02-L5,E,7,5,1,0
EIBAE1115-02,C-08-01-L5,C,8,5,1,0
EIBAE1119-01,G-12-03-L5,G,12,5,1,0
EIBAE1119-02,E-07-03-L5,E,7,5,1,0
EIBAE1148-01,A-09-03-L7,A,9,7,1,6
EMS58582,H-06-03-L0,H,6,0,0,2
ESY0068F0,A-02-03-L0,A,2,0,0,760
ESY0178F0,I-11-02-L3,I,11,3,1,16
ESY0179F0,I-10-01-L2,I,10,2,0,64
EXE172512A0S,A-11-01-L2,A,11,2,0,0
EXE173112A0S,A-11-01-L1,A,11,1,0,27
EXE173112B0S,J-03-01-L5,J,3,5,1,0
EXE173125C0S,B-08-02-L3,B,8,3,1,0
EXE173125C1B,F-07-01-L8,F,7,8,1,0
EXE51223044F0SC,I-09-01-L0,I,9,0,0,0
EXECOTO,A-12-02-L8,A,12,8,1,0
EXEEDSHT12A2A,B-10-03-L6,B,10,6,1,0
EXEPLWD,F-05-02-L1,F,5,1,0,0
EXEPLWS,A-03-03-L6,A,3,6,1,0
EXETRKAA,F-10-01-L1,F,10,1,0,0
EXETRKAAP,B-11-01-L6,B,11,6,1,0
EXETRKBA,E-09-02-L3,E,9,3,1,0
EXETRKCA,F-05-01-L3,F,5,3,1,0
FIBERCAB072,D-12-01-L7,D,12,7,1,4
FIBERCAB079,C-02-02-L7,C,2,7,1,50
FIBERCAB083,A-11-01-L6,A,11,6,1,129
FIBERCAB085,A-12-03-L5,A,12,5,1,337
FIXED_CART,E-06-01-L3,E,6,3,1,37
FUSE6.3,A-10-01-L7,A,10,7,1,0
GDE14563,B-08-03-L4,B,8,4,1,36
GDE31924,U-08-02-L6,U,8,6,1,40
GDE33134,J-02-02-L7,J,2,7,1,40
GDE55471,H-04-01-L4,H,4,4,1,0
GDE64866,H-07-02-L6,H,7,6,1,31
GDE65821,H-07-03-L6,H,7,6,1,63
GDE66765,I-01-02-L6,I,1,6,1,67
GDE68041,E-06-02-L3,E,6,3,1,90
GDE76221,D-02-01-L6,D,2,6,1,4
GDE80040,B-09-01-L4,B,9,4,1,40
GDE80046,B-09-02-L4,B,9,4,1,36
GDE88004,F-05-01-L5,F,5,5,1,0
GDE88039,I-02-02-L4,I,2,4,1,5
GDE88041,I-01-01-L4,I,1,4,1,5
GDE88912,J-04-02-L5,J,4,5,1,132
GDE96320,B-09-03-L4,B,9,4,1,24
GEX16549-05,A-12-03-L8,A,12,8,1,0
GEX16797,U-03-02-L5,U,3,5,1,0
GEX16802,U-04-01-L5,U,4,5,1,0
GEX27771,D-06-01-L5,D,6,5,1,0
GEX27787,D-06-02-L5,D,6,5,1,0
GEX37214,C-04-01-L1,C,4,1,0,0
GEX37215,E-03-03-L1,E,3,1,0,45
GEX37216,J-11-01-L3,J,11,3,1,0
GEX40253,I-01-03-L6,I,1,6,1,0
GEX41549R07,H-08-01-L3,H,8,3,1,38
GEX41549R14,E-01-01-L7,E,1,7,1,14
GEX41877,D-03-03-L2,D,3,2,0,81
GEX61578,G-04-01-L5,G,4,5,1,0
GEX61581,D-12-01-L4,D,12,4,1,0
GEX62583,E-09-03-L3,E,9,3,1,18
GEX62985,D-02-02-L6,D,2,6,1,6
GEX69885R14,H-06-01-L1,H,6,1,0,1
GEX70294R14,H-06-02-L1,H,6,1,0,1
GEX70801R14,H-06-03-L1,H,6,1,0,1
GEX77045,E-10-01-L3,E,10,3,1,17
GEX77196,H-06-01-L2,H,6,2,0,2
GEX77198,E-10-02-L3,E,10,3,1,16
GEX77200,H-06-02-L2,H,6,2,0,1
GEX77202R07,J-18-02-L3,J,18,3,1,22
GEX77202R14,F-04-03-L7,F,4,7,1,12
GEX77203,H-03-03-L3,H,3,3,1,50
GEX77205,J-03-02-L5,J,3,5,1,13
GEX77206R07,A-08-03-L3,A,8,3,1,14
GEX77206R14,H-06-03-L2,H,6,2,0,1
GEX77207R14,J-09-01-L0,J,9,0,0,1
GEX77208R07,D-11-01-L3,D,11,3,1,13
GEX77208R14,J-09-02-L0,J,9,0,0,1
GEX77209R14,J-09-03-L0,J,9,0,0,1
GEX82623,E-06-01-L1,E,6,1,0,190
GEX83019,B-04-03-L2,B,4,2,0,125
GEX83373,A-08-03-L5,A,8,5,1,17
GEX83374,F-12-02-L3,F,12,3,1,16
GEX83381,F-12-03-L3,F,12,3,1,17
GEX83383,D-08-01-L3,D,8,3,1,19
GEX87189,J-03-03-L5,J,3,5,1,13
GEX87323,B-12-03-L3,B,12,3,1,40
GEX87337,C-08-01-L3,C,8,3,1,33
GEX94427,J-02-01-L0,J,2,0,0,4
GEX99641,F-03-01-L3,F,3,3,1,45
GNL00012,J-09-01-L1,J,9,1,0,0
GNL00022,J-05-03-L7,J,5,7,1,0
GNL00071,B-01-03-L0,B,1,0,0,0
GNL00193,D-06-03-L5,D,6,5,1,0
GNL00222,J-02-02-L0,J,2,0,0,0
GNL00233,G-06-01-L5,G,6,5,1,0
GNL00234,J-04-01-L7,J,4,7,1,0
GNL00235,B-05-03-L7,B,5,7,1,0
GNL00244,J-15-02-L6,J,15,6,1,0
GNL00280,B-06-01-L7,B,6,7,1,0
GNL00478,E-08-03-L6,E,8,6,1,0
GNL00496,J-09-02-L1,J,9,1,0,0
GNL00499,J-02-03-L0,J,2,0,0,0
GNL00659,G-07-02-L6,G,7,6,1,0
GNL00661,F-12-02-L4,F,12,4,1,0
GNL00770,F-01-02-L7,F,1,7,1,0
GNL00811,U-02-01-L1,U,2,1,0,0
GNL00813,U-13-02-L6,U,13,6,1,0
GNL00818,E-10-02-L4,E,10,4,1,0
GNL00819,F-06-01-L6,F,6,6,1,0
GNL00851,E-11-02-L4,E,11,4,1,0
GNL00856,U-03-02-L4,U,3,4,1,0
GNL00857,J-18-02-L0,J,18,0,0,0
GNL00858,J-15-01-L1,J,15,1,0,0
GNL00862,E-01-02-L7,E,1,7,1,0
GNL00917,U-02-02-L1,U,2,1,0,0
GNL00940,B-06-02-L7,B,6,7,1,0
GNL00941,C-06-02-L5,C,6,5,1,0
GNL00948,J-07-03-L3,J,7,3,1,0
GNL00996,U-14-01-L6,U,14,6,1,0
GNL00999,E-10-01-L4,E,10,4,1,0
GS2AH535,J-09-03-L1,J,9,1,0,0
GV1L3,B-06-01-L1,B,6,1,0,6
GV2APN01,B-04-03-L1,B,4,1,0,0
GV2P10,U-04-02-L5,U,4,5,1,2
GV4APN01,U-01-01-L3,U,1,3,1,0
GV4LE80S,A-07-01-L3,A,7,3,1,0
HE-12-IF,H-11-01-L3,H,11,3,1,0
HE-33,F-07-02-L8,F,7,8,1,6
HE-S-36,E-09-01-L6,E,9,6,1,0
HK46G113P120V,J-09-01-L2,J,9,2,0,0
HK46G113S-220VAC,A-10-02-L7,A,10,7,1,0
HRB15288,C-09-01-L6,C,9,6,1,0
HRB19905,C-06-03-L1,C,6,1,0,0
HRB25227,C-08-02-L3,C,8,3,1,104
HRB32870,F-06-01-L1,F,6,1,0,0
HRB33614,I-03-03-L6,I,3,6,1,11
HRB35358,I-04-01-L3,I,4,3,1,0
HRB35359,J-06-01-L3,J,6,3,1,5
HRB35360,D-12-01-L2,D,12,2,0,0
HRB35370,G-09-01-L1,G,9,1,0,0
HRB35380,I-09-02-L3,I,9,3,1,0
HRB37035,G-03-02-L0,G,3,0,0,0
HRB37769,A-12-02-L2,A,12,2,0,0
HRB38367,A-12-03-L2,A,12,2,0,0
HRB38368,I-01-01-L3,I,1,3,1,0
HRB51653,A-10-01-L2,A,10,2,0,2
HRB51667,A-10-03-L7,A,10,7,1,7
HRB51883,G-10-02-L1,G,10,1,0,0
HRB52844,I-01-02-L3,I,1,3,1,0
HRB53713,J-11-02-L3,J,11,3,1,14
HRB55925,I-01-03-L3,I,1,3,1,0
HRB57391,J-02-01-L3,J,2,3,1,0
HRB57440,J-02-02-L3,J,2,3,1,0
HRB60034,J-02-03-L3,J,2,3,1,0
HRB6336400,D-09-02-L5,D,9,5,1,18
HRB64624,I-02-03-L4,I,2,4,1,67
HRB64626,H-02-01-L4,H,2,4,1,67
HRB64828,J-09-01-L4,J,9,4,1,63
HRB64830,J-09-02-L4,J,9,4,1,63
HRB65944,G-06-01-L2,G,6,2,0,142
HRB80976,E-06-03-L3,E,6,3,1,28
HRB81078,A-11-03-L0,A,11,0,0,558
HUA15560,B-09-03-L0,B,9,0,0,0
HUA23187,B-09-03-L8,B,9,8,1,0
HUA23189,C-09-02-L6,C,9,6,1,0
HUA39662,D-06-03-L7,D,6,7,1,0
HVX0F362512T,A-11-03-L1,A,11,1,0,13
HVX0F363112T,C-06-03-L0,C,6,0,0,0
HVX0HNDL0001,U-03-02-L6,U,3,6,1,101
HVX0MCH125DC,H-10-01-L3,H,10,3,1,1
JLJ3932708,J-16-01-L5,J,16,5,1,7
JLJ3932709,U-05-01-L5,U,5,5,1,8
JLJ3932819S07,F-07-03-L8,F,7,8,1,4
JLJ3932855S07,U-05-02-L5,U,5,5,1,6
JLJ3932969,J-09-02-L2,J,9,2,0,1
JLJ3932970,J-09-03-L2,J,9,2,0,1
JLJ3932971,J-02-01-L1,J,2,1,0,2
JLJ3932972,H-07-01-L0,H,7,0,0,1
JLJ3933198S07,U-06-01-L5,U,6,5,1,8
JLJ3935916,F-09-01-L7,F,9,7,1,6
JLJ3936055,G-08-01-L8,G,8,8,1,3
JLJ3936143,G-08-02-L8,G,8,8,1,3
JLJ3936584,G-08-03-L8,G,8,8,1,3
JPS80174,E-02-02-L5,E,2,5,1,0
JYT11061,D-02-03-L6,D,2,6,1,14
JYT17272,I-05-01-L6,I,5,6,1,0
JYT18398,F-09-01-L5,F,9,5,1,0
JYT21669,B-11-03-L5,B,11,5,1,0
JYT30348,H-07-02-L0,H,7,0,0,1
JYT33655S07,F-09-02-L7,F,9,7,1,0
JYT35041_SETR27,J-02-02-L1,J,2,1,0,0
JYT35046,F-09-02-L5,F,9,5,1,0
JYT37347,F-11-02-L1,F,11,1,0,531
JYT37348,F-01-03-L2,F,1,2,0,364
JYT37348-K,D-08-02-L3,D,8,3,1,116
JYT37349,A-08-02-L2,A,8,2,0,182
JYT37349-K,H-02-02-L4,H,2,4,1,58
JYT37493,F-09-03-L5,F,9,5,1,0
JYT47165,G-10-01-L5,G,10,5,1,0
JYT47170,G-10-02-L5,G,10,5,1,0
JYT51423,C-12-01-L0,C,12,0,0,0
JYT70340,U-06-02-L5,U,6,5,1,0
JYT95090,G-03-01-L1,G,3,1,0,0
JYT96080,U-05-02-L4,U,5,4,1,0
JYT96081,A-11-03-L6,A,11,6,1,0
JYT96087,A-08-01-L4,A,8,4,1,0
K1I023NCH,H-07-03-L0,H,7,0,0,0
KABLOETK5,U-01-01-L1,U,1,1,0,0
KARKASCMC4417CS07,I-10-02-L2,I,10,2,0,0
KARKASDM1A81856S07,D-08-02-L0,D,8,0,0,0
KARKASDMAE48603S07,C-08-03-L3,C,8,3,1,0
KARKASQM4329CS07,D-07-03-L2,D,7,2,0,0
KL-721-616/019-044,G-11-01-L6,G,11,6,1,0
LA4DA2N,B-11-02-L6,B,11,6,1,5
LAD8N11,I-09-02-L6,I,9,6,1,0
LADN31,G-08-02-L0,G,8,0,0,0
LAG8N113,H-05-01-L4,H,5,4,1,0
LAG8N113P,H-05-02-L4,H,5,4,1,0
LC1D128M7,H-07-01-L1,H,7,1,0,3
LC1D258ED,J-02-03-L1,J,2,1,0,0
LC1D38BNE,C-06-03-L5,C,6,5,1,0
LC1D80GD,A-11-01-L7,A,11,7,1,0
LC1DT20P7,H-07-02-L1,H,7,1,0,0
LED-BP11-0030,C-09-01-L2,C,9,2,0,0
LED-EM-220VAC-GRN,F-12-03-L2,F,12,2,0,0
LED-EM-220VAC-RED,G-12-02-L2,G,12,2,0,0
LED-EM-24VDC-GRN,G-08-01-L2,G,8,2,0,0
LED-EM-24VDC-RED,G-12-01-L1,G,12,1,0,0
LED-EM-24VDC-YLW,G-10-01-L2,G,10,2,0,0
LED-EM-48VDC-GRN,H-08-02-L3,H,8,3,1,5
LED-EM-48VDC-RED,G-07-01-L3,G,7,3,1,4
LOCK-PART-010,J-02-01-L2,J,2,2,0,0
LT6CT8001,A-02-01-L8,A,2,8,1,3
LTMR08EBD,D-10-03-L1,D,10,1,0,0
LTMT9RJ401,H-02-03-L4,H,2,4,1,10
LTMTCTV100T,F-08-01-L3,F,8,3,1,17
LTMTCTV25T,A-03-02-L3,A,3,3,1,15
LTMTCTV3T,A-10-03-L3,A,10,3,1,6
LTMTCUF,F-03-02-L3,F,3,3,1,34
LTMTIN42FM,J-04-01-L3,J,4,3,1,47
LTMTMFM,J-03-01-L3,J,3,3,1,44
LU9R03,B-05-01-L1,B,5,1,0,0
LV432598T,E-08-03-L3,E,8,3,1,2
LV434220,G-03-01-L3,G,3,3,1,0
LVM02128X0,A-03-03-L3,A,3,3,1,0
LVM02708X0,H-05-03-L4,H,5,4,1,100
LVM02732X0,J-09-03-L4,J,9,4,1,73
LVM02910,G-07-02-L3,G,7,3,1,0
LVM02918,A-12-03-L3,A,12,3,1,0
LVM04654X0,B-10-01-L4,B,10,4,1,0
LVM04660X0,J-02-02-L2,J,2,2,0,0
LVM05006X0,U-12-01-L3,U,12,3,1,16
LVM05021X0,B-11-03-L6,B,11,6,1,196
LVM05047X0,B-12-01-L6,B,12,6,1,14
LVM09814,G-10-03-L5,G,10,5,1,0
LVM20001,E-09-02-L1,E,9,1,0,0
LVM20002,C-04-02-L2,C,4,2,0,0
LVM20004,F-07-03-L0,F,7,0,0,11
LVM20007,G-02-03-L0,G,2,0,0,36
LVM20011,A-05-03-L4,A,5,4,1,0
LVM20015,I-03-02-L1,I,3,1,0,1
LVM20016,I-10-01-L0,I,10,0,0,1
LVM20053XD-101R07,H-04-02-L4,H,4,4,1,0
LVM20558XF-104R14,U-06-01-L4,U,6,4,1,0
LVM20807X0R14,G-05-01-L4,G,5,4,1,133
LVM31023X0,B-07-01-L1,B,7,1,0,0
LVM31046X0,H-11-02-L3,H,11,3,1,0
LVM31125X0,H-04-03-L4,H,4,4,1,0
LVM32505X0,G-07-03-L3,G,7,3,1,0
LVM32506X0,D-11-01-L0,D,11,0,0,0
LVMZ0016X0,B-12-02-L6,B,12,6,1,2
LVMZ0181X0,F-03-01-L4,F,3,4,1,63
LVMZ0182X0,G-05-02-L4,G,5,4,1,26
LVMZ0192,B-10-02-L4,B,10,4,1,31
LVMZ0194,G-05-03-L4,G,5,4,1,70
LVMZ1133X0,B-10-03-L4,B,10,4,1,43
LVMZ1402X0,U-12-02-L3,U,12,3,1,364
LVMZ1479X0,E-05-01-L3,E,5,3,1,0
LVMZ1481X0,H-11-03-L3,H,11,3,1,0
LVMZ1487X0,D-04-01-L2,D,4,2,0,0
LVMZ1502X0,F-03-02-L4,F,3,4,1,0
LVMZ1507X0,G-01-01-L6,G,1,6,1,0
LVMZ1514X0,U-13-01-L3,U,13,3,1,0
LVMZ1518X0,B-02-01-L1,B,2,1,0,0
LVMZ1522X0,G-01-02-L6,G,1,6,1,0
MC000028,G-02-03-L7,G,2,7,1,0
MC02537T0,E-12-01-L6,E,12,6,1,54
MC02538T0,A-10-03-L6,A,10,6,1,60
MC02539T0,F-01-03-L7,F,1,7,1,30
MC02540T0,U-10-01-L6,U,10,6,1,0
MC02541T0,U-10-02-L6,U,10,6,1,0
MC02543T0,C-02-03-L7,C,2,7,1,0
MC02544T0,C-03-01-L7,C,3,7,1,0
MC02545T0,C-03-02-L7,C,3,7,1,0
MC02546T0,C-03-03-L7,C,3,7,1,0
MC02547T0,C-04-01-L7,C,4,7,1,0
MC02548T0,C-04-02-L7,C,4,7,1,0
MC02572T0,G-11-01-L2,G,11,2,0,71
MC02574T0,D-09-03-L5,D,9,5,1,21
MC02575T0,A-02-02-L8,A,2,8,1,3
MC1041,A-02-03-L8,A,2,8,1,3
MC1042,E-06-01-L8,E,6,8,1,3
MC1044,J-06-01-L7,J,6,7,1,0
MC1044-G,J-06-02-L7,J,6,7,1,18
MC1045,C-04-03-L7,C,4,7,1,0
MC1045-G,C-05-01-L7,C,5,7,1,9
MC110002,F-03-02-L1,F,3,1,0,340
MC110003,F-03-03-L1,F,3,1,0,338
MC110034,I-11-03-L3,I,11,3,1,0
MC1156,F-03-02-L5,F,3,5,1,1
MC1160,F-04-03-L5,F,4,5,1,1
MC1161,F-03-03-L5,F,3,5,1,1
MC1162,G-05-01-L5,G,5,5,1,1
MC1163,G-05-02-L5,G,5,5,1,1
MC1164,B-12-03-L6,B,12,6,1,0
MC1165,G-06-01-L6,G,6,6,1,0
MC1166,G-06-02-L6,G,6,6,1,0
MC1167,G-06-03-L6,G,6,6,1,0
MC1168,C-01-01-L6,C,1,6,1,0
MC128-K,J-01-02-L7,J,1,7,1,26
MC134-01,J-16-02-L5,J,16,5,1,12
MC136,H-10-02-L3,H,10,3,1,36
MC150048,I-05-02-L6,I,5,6,1,3
MC150050,D-11-01-L5,D,11,5,1,31
MC150051,F-12-01-L5,F,12,5,1,17
MC150052,E-01-01-L6,E,1,6,1,48
MC150055,G-01-03-L6,G,1,6,1,5
MC150056,F-05-01-L6,F,5,6,1,8
MC150107,F-06-02-L1,F,6,1,0,411
MC150126,A-09-03-L6,A,9,6,1,39
MC150169,F-09-03-L7,F,9,7,1,0
MC150170,G-10-01-L7,G,10,7,1,0
MC170009,H-04-01-L7,H,4,7,1,0
MC170010,H-04-02-L7,H,4,7,1,0
MC2007,J-17-01-L5,J,17,5,1,30
MC2008,F-12-02-L5,F,12,5,1,60
MC2009,J-01-01-L5,J,1,5,1,67
MC2010,C-07-01-L5,C,7,5,1,134
MC2011,I-03-01-L5,I,3,5,1,31
MC2012,C-09-01-L5,C,9,5,1,62
MC2013,J-02-03-L2,J,2,2,0,2
MC2036,H-01-01-L0,H,1,0,0,4
MC2037,H-07-03-L1,H,7,1,0,27
MC2038,H-01-02-L0,H,1,0,0,54
MC204,I-08-01-L6,I,8,6,1,0
MC2134,H-07-01-L2,H,7,2,0,0
MC221104,F-05-02-L5,F,5,5,1,0
MC221170,A-11-02-L7,A,11,7,1,0
MC221171,G-10-02-L7,G,10,7,1,0
MC221172,G-10-03-L7,G,10,7,1,0
MC221173,A-11-03-L7,A,11,7,1,0
MC221174,A-12-01-L7,A,12,7,1,0
MC221175,J-14-01-L7,J,14,7,1,0
MC221176,J-14-02-L7,J,14,7,1,0
MC221177,A-12-02-L7,A,12,7,1,0
MC221178,A-12-03-L7,A,12,7,1,0
MC221179,J-15-01-L7,J,15,7,1,0
MC221180,J-15-02-L7,J,15,7,1,0
MC221181,G-01-01-L8,G,1,8,1,0
MC223267,J-09-01-L7,J,9,7,1,18
MC223269,I-11-01-L7,I,11,7,1,9
MC223271,I-11-02-L7,I,11,7,1,9
MC224099,J-09-02-L5,J,9,5,1,0
MC224100,J-09-03-L5,J,9,5,1,0
MC224103,I-07-01-L5,I,7,5,1,0
MC226173,B-04-03-L8,B,4,8,1,4
MC290,C-08-02-L5,C,8,5,1,29
MC310007,D-04-02-L5,D,4,5,1,0
MC310011,A-06-03-L2,A,6,2,0,0
MC310015,D-03-02-L5,D,3,5,1,0
MC310039,E-01-02-L6,E,1,6,1,0
MC310042,C-10-02-L5,C,10,5,1,0
MC310043,D-04-03-L5,D,4,5,1,0
MC310044,E-10-01-L2,E,10,2,0,0
MC310052,D-03-03-L5,D,3,5,1,0
MC310053,F-06-01-L5,F,6,5,1,0
MC350005,D-06-01-L0,D,6,0,0,0
MC350006,F-07-01-L5,F,7,5,1,0
MC350007,I-07-01-L2,I,7,2,0,0
MC350008,I-07-02-L2,I,7,2,0,0
MC350009,F-06-02-L5,F,6,5,1,0
MC350011,F-04-02-L2,F,4,2,0,0
MC350020,F-07-02-L5,F,7,5,1,0
MC350025,G-07-01-L5,G,7,5,1,1
MC350028,E-10-02-L2,E,10,2,0,0
MC350037,E-05-02-L3,E,5,3,1,0
MC350061,E-02-02-L2,E,2,2,0,0
MC350062,E-02-03-L2,E,2,2,0,0
MC350098,F-07-03-L5,F,7,5,1,0
MC350099,G-08-01-L5,G,8,5,1,0
MC350100,A-12-01-L4,A,12,4,1,0
MC350101,C-03-02-L1,C,3,1,0,0
MC350102,U-10-01-L4,U,10,4,1,0
MC350103,E-10-03-L0,E,10,0,0,0
MC350104,G-07-02-L5,G,7,5,1,0
MC350105,G-07-03-L5,G,7,5,1,0
MC350106,E-10-03-L2,E,10,2,0,0
MC350107,D-09-01-L2,D,9,2,0,0
MC350131,H-01-03-L0,H,1,0,0,0
MC350137,I-11-03-L7,I,11,7,1,0
MC350138,J-06-03-L7,J,6,7,1,0
MC350139R12,U-06-01-L6,U,6,6,1,0
MC350140,F-06-02-L7,F,6,7,1,0
MC367,F-05-02-L6,F,5,6,1,18
MC368,J-10-01-L6,J,10,6,1,18
MC370032,B-05-01-L8,B,5,8,1,0
MC370033,J-11-01-L7,J,11,7,1,0
MC382,G-06-01-L3,G,6,3,1,110
MC410001,C-09-02-L7,C,9,7,1,14
MC410002,C-09-03-L7,C,9,7,1,14
MC418,D-10-03-L6,D,10,6,1,0
MC419,E-02-03-L5,E,2,5,1,70
MC422,G-01-02-L8,G,1,8,1,5
MC423,A-04-01-L7,A,4,7,1,9
MC450010,G-01-03-L5,G,1,5,1,98
MC450012,I-07-01-L7,I,7,7,1,27
MC450013,C-10-01-L7,C,10,7,1,14
MC450133,A-04-02-L7,A,4,7,1,24
MC470001,U-10-02-L4,U,10,4,1,189
MC470115,A-04-03-L7,A,4,7,1,9
MC470117,E-08-01-L7,E,8,7,1,9
MC5005,B-06-02-L3,B,6,3,1,175
MC5006,E-11-03-L6,E,11,6,1,192
MC5007,C-01-01-L5,C,1,5,1,195
MC5009,J-05-01-L4,J,5,4,1,63
MC5010,I-01-02-L4,I,1,4,1,46
MC510002,E-06-02-L8,E,6,8,1,7
MC510010,J-08-02-L7,J,8,7,1,2
MC573,B-05-02-L8,B,5,8,1,4
MC630,E-06-01-L2,E,6,2,0,128
MC650059,B-04-03-L5,B,4,5,1,58
MC650068R18,G-01-03-L8,G,1,8,1,0
MC650069R18,F-01-01-L8,F,1,8,1,0
MC650070R18,E-08-02-L7,E,8,7,1,0
MC650071R18,E-08-03-L7,E,8,7,1,0
MC653,F-11-01-L3,F,11,3,1,22
MC770121,H-09-02-L6,H,9,6,1,0
MCSESU083FN0,J-18-02-L6,J,18,6,1,0
MESAN5820E-110VDC,U-01-02-L3,U,1,3,1,20
MESAN895-110VDCRED,J-17-01-L3,J,17,3,1,24
METSEION7400,H-07-02-L2,H,7,2,0,0
METSEION92040,E-03-01-L4,E,3,4,1,5
METSEION92140,C-01-02-L6,C,1,6,1,0
METSEPM5320,F-01-02-L8,F,1,8,1,2
METSEPM5561,C-01-03-L6,C,1,6,1,0
METSEPM5650,F-02-03-L5,F,2,5,1,0
METSEPM82401,B-05-03-L8,B,5,8,1,1
MFR34424,C-09-01-L3,C,9,3,1,25
MFR36733,B-09-03-L1,B,9,1,0,348
MFR38057S07,C-05-01-L3,C,5,3,1,25
MFR38068,C-04-02-L3,C,4,3,1,25
MFR38500,H-03-01-L6,H,3,6,1,6
MFR38539S07,C-09-02-L3,C,9,3,1,25
MFR38793,C-09-03-L3,C,9,3,1,24
MFR38799,H-03-02-L6,H,3,6,1,6
MFR39067,C-10-01-L3,C,10,3,1,25
MFR39398,I-07-02-L5,I,7,5,1,12
MFR39474,H-04-03-L7,H,4,7,1,24
MFR39937,H-07-03-L2,H,7,2,0,2
MFR40141,J-10-01-L0,J,10,0,0,2
MFR40738,H-01-01-L1,H,1,1,0,4
MFR42021,H-08-03-L3,H,8,3,1,0
MFR42412,D-03-01-L3,D,3,3,1,0
MFR42428,D-03-02-L3,D,3,3,1,0
MFR42515,D-07-01-L7,D,7,7,1,6
MFR49235,C-10-02-L3,C,10,3,1,25
MFR49290,U-07-01-L5,U,7,5,1,0
MFR49910,C-11-01-L3,C,11,3,1,25
MFR50501,B-06-01-L8,B,6,8,1,6
MFR53058,C-11-02-L3,C,11,3,1,0
MFR6869500,H-01-02-L1,H,1,1,0,0
MFR77945,J-10-02-L0,J,10,0,0,2
MFR77955,J-10-01-L1,J,10,1,0,2
MFR78459,C-10-02-L7,C,10,7,1,12
MFR79360,H-01-03-L1,H,1,1,0,4
MFR79458,I-07-02-L7,I,7,7,1,11
MFR92472,J-10-02-L6,J,10,6,1,10
MMC9,F-07-02-L6,F,7,6,1,0
MNE-ACTPC6ASFLS10W,E-03-02-L4,E,3,4,1,64
MNE-ACTPC6ASFLS5WE,U-07-02-L5,U,7,5,1,51
MV261400,H-01-01-L2,H,1,2,0,1
MV261401,H-01-02-L2,H,1,2,0,1
MVFDE36U40AL5,E-07-01-L6,E,7,6,1,117
MVFDE36U63AL5,D-07-02-L7,D,7,7,1,45
NAT17082,B-01-03-L3,B,1,3,1,0
NAT28082,J-11-02-L7,J,11,7,1,0
NAT28083,G-07-01-L7,G,7,7,1,0
NAT28085-001S07,D-07-03-L7,D,7,7,1,0
NAT28085-002S07,J-10-02-L1,J,10,1,0,0
NAT28085S07,G-07-02-L7,G,7,7,1,0
NHA10901,A-07-02-L3,A,7,3,1,7
NHA12446,I-01-03-L4,I,1,4,1,6
NHA12476,H-01-03-L2,H,1,2,0,3
NHA12854,C-02-01-L6,C,2,6,1,1
NHA13012,C-02-02-L6,C,2,6,1,1
NHA13072,J-03-01-L0,J,3,0,0,2
NHA14487,B-08-02-L0,B,8,0,0,1099
NHA14490,B-07-03-L0,B,7,0,0,0
NHA15014,J-02-01-L6,J,2,6,1,0
NHA16968,J-05-02-L4,J,5,4,1,7
NHA19683S07,A-07-03-L3,A,7,3,1,7
NHA20233R14,J-10-01-L2,J,10,2,0,1
NHA20422S07,E-03-03-L4,E,3,4,1,1
NHA22910,E-03-02-L2,E,3,2,0,7
NHA27269,A-03-01-L4,A,3,4,1,1968
NHA31278,H-01-01-L3,H,1,3,1,0
NHA40168,J-17-02-L5,J,17,5,1,4
NHA40857,I-07-01-L4,I,7,4,1,0
NHA41450,B-10-03-L1,B,10,1,0,0
NHA42283,F-03-03-L4,F,3,4,1,27
NHA48752,B-07-03-L1,B,7,1,0,243
NHA53589,B-08-01-L1,B,8,1,0,243
NHA54099,E-07-03-L1,E,7,1,0,0
NHA66417,H-01-02-L3,H,1,3,1,0
NHA72325,G-03-02-L3,G,3,3,1,77
NHA72589,B-08-03-L3,B,8,3,1,57
NHA74459,J-05-03-L4,J,5,4,1,66
NHA87539,E-03-03-L3,E,3,3,1,21
NHA87539-K,E-05-01-L5,E,5,5,1,42
NHA88868,G-06-02-L2,G,6,2,0,150
NHA88871,G-02-01-L3,G,2,3,1,75
NNZ23522,B-01-01-L6,B,1,6,1,28
NNZ23525,B-01-02-L6,B,1,6,1,28
NNZ63591,E-10-02-L6,E,10,6,1,0
NNZ73708,F-08-02-L3,F,8,3,1,86
NNZ74761,A-04-01-L5,A,4,5,1,0
NNZ76185,A-04-02-L5,A,4,5,1,0
NNZ76187,H-04-01-L5,H,4,5,1,0
NNZ76335,A-04-03-L5,A,4,5,1,0
NNZ77523,C-09-02-L5,C,9,5,1,32
NNZ78724,J-03-02-L0,J,3,0,0,2
NNZ79178,E-08-01-L5,E,8,5,1,0
NNZ80694,B-12-01-L5,B,12,5,1,0
NNZ80695,E-01-01-L5,E,1,5,1,0
NNZ80743,E-08-02-L5,E,8,5,1,0
NNZ80782,E-08-03-L5,E,8,5,1,0
NNZ81788,I-01-01-L5,I,1,5,1,0
NNZ81807,E-01-03-L6,E,1,6,1,0
NNZ82268,H-05-01-L6,H,5,6,1,0
NNZ82562,H-07-01-L5,H,7,5,1,0
NNZ83210,B-01-01-L5,B,1,5,1,0
NNZ84360,D-07-01-L5,D,7,5,1,0
NNZ84362,D-07-02-L5,D,7,5,1,0
NNZ84499,D-07-03-L5,D,7,5,1,0
NNZ85228,E-12-02-L6,E,12,6,1,36
NNZ87665,H-04-02-L5,H,4,5,1,0
NNZ87920,H-05-02-L6,H,5,6,1,0
NNZ88435,E-05-02-L5,E,5,5,1,0
NNZ88544,J-03-03-L0,J,3,0,0,2
NNZ88574,E-05-03-L5,E,5,5,1,0
NNZ88604,J-10-02-L2,J,10,2,0,1
NNZ88609,H-08-01-L0,H,8,0,0,1
NNZ89030S07,J-03-01-L1,J,3,1,0,0
NNZ89478,B-01-02-L5,B,1,5,1,0
NNZ93413,G-11-01-L5,G,11,5,1,0
NNZ93424,D-04-01-L5,D,4,5,1,0
NNZ94067,G-11-02-L5,G,11,5,1,0
NNZ96686,G-11-03-L5,G,11,5,1,0
NSYLAM3M,J-03-02-L1,J,3,1,0,2
NSYLAMLDS,B-06-02-L8,B,6,8,1,0
NVE11103,D-10-01-L6,D,10,6,1,48
NVE11105,E-01-03-L7,E,1,7,1,16
NVE11108,U-12-02-L6,U,12,6,1,32
NVE11138,H-05-01-L7,H,5,7,1,16
NVE12761,C-04-03-L4,C,4,4,1,0
NVE12773,I-03-03-L0,I,3,0,0,0
NVE13753,J-02-02-L6,J,2,6,1,64
NVE14992,H-05-03-L6,H,5,6,1,3
NVE18124,J-02-03-L6,J,2,6,1,39
NVE19342,B-06-03-L0,B,6,0,0,0
NVE20194,D-09-03-L4,D,9,4,1,0
NVE20210,E-01-01-L0,E,1,0,0,0
NVE23154,F-02-01-L7,F,2,7,1,20
NVE25093,B-01-03-L6,B,1,6,1,57
NVE25419,B-02-01-L6,B,2,6,1,99
NVE26684,E-06-03-L8,E,6,8,1,43
NVE26691,D-05-01-L8,D,5,8,1,43
NVE28501,D-05-02-L8,D,5,8,1,0
NVE42047,J-03-03-L1,J,3,1,0,0
NVE44360,F-08-03-L3,F,8,3,1,18
NVE44362,I-10-01-L3,I,10,3,1,19
NVE44363,E-07-03-L0,E,7,0,0,420
NVE46947,C-02-01-L2,C,2,2,0,76
NVE54755,H-03-03-L6,H,3,6,1,39
NVE54757,J-04-01-L4,J,4,4,1,66
NVE54761,E-11-01-L3,E,11,3,1,132
NVE58874,F-03-01-L6,F,3,6,1,29
NVE63136,B-02-02-L6,B,2,6,1,56
NVE63141,J-03-01-L2,J,3,2,0,2
NVE65935R12,H-05-02-L7,H,5,7,1,17
NVE65935R14,H-08-02-L0,H,8,0,0,11
NVE65935S07,D-07-01-L3,D,7,3,1,27
NVE66003,G-06-02-L3,G,6,3,1,0
NVE66007,F-01-01-L6,F,1,6,1,0
NVE66009,H-11-01-L5,H,11,5,1,0
NVE71463,U-04-01-L3,U,4,3,1,0
NVE72937,B-08-03-L2,B,8,2,0,0
NVE74895,D-07-02-L1,D,7,1,0,334
NVE83009R12,G-04-02-L5,G,4,5,1,70
NVE83009S07,B-03-03-L2,B,3,2,0,16
NVE83303,F-10-02-L1,F,10,1,0,0
NVE83318,E-03-03-L2,E,3,2,0,0
NVE83407,D-02-01-L2,D,2,2,0,0
NVE83472,B-10-01-L1,B,10,1,0,310
NVE83485,E-03-01-L2,E,3,2,0,101
NVE83501,E-03-02-L1,E,3,1,0,0
NVE83511,C-11-01-L5,C,11,5,1,0
NVE84039,F-10-03-L1,F,10,1,0,0
NVE84041,A-03-02-L1,A,3,1,0,0
NVE84042,D-07-03-L1,D,7,1,0,0
NVE84046-007R10,H-08-03-L0,H,8,0,0,0
NVE84046-012R10,C-02-03-L6,C,2,6,1,0
NVE84046-355R10,C-03-01-L6,C,3,6,1,0
NVE84046-366R10,H-08-01-L1,H,8,1,0,0
NVE84374,F-12-02-L0,F,12,0,0,380
NVE84918,H-01-01-L6,H,1,6,1,8
NVE84919,H-01-02-L6,H,1,6,1,0
NVE84920,H-01-03-L6,H,1,6,1,9
NVE84922,U-08-02-L5,U,8,5,1,0
NVE84925R10,J-03-01-L6,J,3,6,1,0
NVE88767,I-02-01-L2,I,2,2,0,212
NVE90311,G-08-01-L1,G,8,1,0,321
NVE90312,F-05-02-L3,F,5,3,1,56
NVE90313,H-06-01-L3,H,6,3,1,56
NVE93679,I-03-02-L5,I,3,5,1,96
NVE95219,G-08-02-L1,G,8,1,0,321
NVE95220,I-07-01-L3,I,7,3,1,52
NVE95221,J-03-02-L3,J,3,3,1,59
NX7230484,I-07-02-L3,I,7,3,1,9
OGH0212,B-11-01-L4,B,11,4,1,3
OGH0604,H-08-02-L1,H,8,1,0,5
OGH0606,B-11-02-L4,B,11,4,1,13
OGH0607,B-11-03-L4,B,11,4,1,10
OKK00018,B-12-01-L4,B,12,4,1,3
OKK00534,I-07-02-L4,I,7,4,1,6
OKK01243,H-07-01-L4,H,7,4,1,26
OKK01253,H-07-02-L4,H,7,4,1,26
OKK01254,H-07-03-L4,H,7,4,1,26
OKK01886,B-12-02-L4,B,12,4,1,13
OKK01888,B-12-03-L4,B,12,4,1,13
OKK02060,J-02-01-L4,J,2,4,1,114
OKK02154,J-03-02-L2,J,3,2,0,0
OKK02538,C-03-02-L6,C,3,6,1,10
OKK02559,G-06-01-L4,G,6,4,1,3
OKK03448,G-07-03-L7,G,7,7,1,0
OKK03507,B-06-03-L7,B,6,7,1,0
OKK03508,B-07-01-L7,B,7,7,1,0
OKK03509,F-01-03-L8,F,1,8,1,0
OKK03510,B-07-02-L7,B,7,7,1,0
OKK03511,G-02-01-L8,G,2,8,1,0
OKK03512,G-03-02-L7,G,3,7,1,0
OKK03513,G-02-02-L8,G,2,8,1,0
OKK03514,G-02-03-L8,G,2,8,1,0
OKK03515,F-02-01-L8,F,2,8,1,0
OKK03517,D-05-03-L8,D,5,8,1,0
OKK03518,H-08-03-L1,H,8,1,0,0
OKK03519,H-08-01-L2,H,8,2,0,0
OKK03556,J-03-03-L2,J,3,2,0,0
P3F30-CGGGGAAENABA,H-08-02-L2,H,8,2,0,0
P3G32CGG1AAA1NABBA,H-08-03-L2,H,8,2,0,0
P3L30-CGGGA-SAENA-,G-06-02-L4,G,6,4,1,0
P3L30CGGGASAENABAA,D-02-01-L4,D,2,4,1,0
P3T32CGG1AAA1NABAA,J-11-01-L0,J,11,0,0,0
P3U30-6BAA3BBAA,E-11-02-L3,E,11,3,1,0
P5L30CECEMEHHHBAFI,C-03-03-L6,C,3,6,1,0
P5L30EEDELDBAABAE,E-05-01-L7,E,5,7,1,0
P7M-SET0002,D-02-02-L4,D,2,4,1,2
P7M-SET0018,J-11-02-L0,J,11,0,0,1
P7M-SET4131,B-07-01-L8,B,7,8,1,2
P7M-SET4135,J-01-02-L0,J,1,0,0,2
P7M-SET4136,J-01-03-L0,J,1,0,0,2
P7M-SET4556,J-11-01-L1,J,11,1,0,1
P7M-SET4557,J-11-02-L1,J,11,1,0,1
P7M-SET5106,J-01-01-L1,J,1,1,0,2
P7M10029,E-09-02-L6,E,9,6,1,123
P7M12015,J-01-01-L0,J,1,0,0,2
P7M12017,B-02-03-L6,B,2,6,1,24
P7M13002,C-07-02-L5,C,7,5,1,25
P7M14005,F-02-02-L8,F,2,8,1,7
P7M16001SET,F-06-01-L2,F,6,2,0,36
P7M16079,F-03-02-L6,F,3,6,1,3
P7M17001,G-12-03-L6,G,12,6,1,84
P7M17002,D-06-01-L6,D,6,6,1,149
P7M17010,C-08-03-L1,C,8,1,0,299
P7M17026,A-04-03-L6,A,4,6,1,156
P7M17084,C-04-01-L6,C,4,6,1,27
P7M17101,D-03-03-L3,D,3,3,1,68
P7M17102,G-10-02-L2,G,10,2,0,52
P7M17103SET,B-06-03-L8,B,6,8,1,2
P7M17140,F-12-03-L5,F,12,5,1,15
P7M17143,U-08-03-L5,U,8,5,1,6
P7M18023,J-04-02-L4,J,4,4,1,66
P7M18034,E-11-03-L3,E,11,3,1,132
PAS600L,D-05-03-L6,D,5,6,1,6
PHA14081,A-07-01-L5,A,7,5,1,18
PHA14086,A-07-02-L5,A,7,5,1,18
PHA24106,U-09-01-L6,U,9,6,1,36
PHA25036,E-07-01-L4,E,7,4,1,8
PHA25392,G-08-01-L0,G,8,0,0,2
PHA25458,F-07-01-L0,F,7,0,0,2
PHA26967R10,F-02-01-L4,F,2,4,1,0
PHA37060,E-06-02-L0,E,6,0,0,348
PHA38174,I-09-02-L0,I,9,0,0,356
PHA39569,F-02-03-L8,F,2,8,1,0
PHA40102,C-12-01-L3,C,12,3,1,0
PHA77817,C-04-02-L6,C,4,6,1,4
PHA77820,C-04-03-L6,C,4,6,1,4
PHA81106,F-03-03-L6,F,3,6,1,58
PHA96752S07,H-05-03-L7,H,5,7,1,0
PHN-0308029,D-10-01-L4,D,10,4,1,0
PHN-2868606,G-06-03-L4,G,6,4,1,37
PHN-2904599,I-03-03-L5,I,3,5,1,2
PHN-2907719,H-11-02-L5,H,11,5,1,6
PHN-3024478,A-05-01-L4,A,5,4,1,0
PHN-3026272,C-08-02-L6,C,8,6,1,0
PHN-3044814,G-02-02-L0,G,2,0,0,0
PIXSET000046,E-11-01-L6,E,11,6,1,0
PIXSET000450,J-09-02-L7,J,9,7,1,0
PKR16399,F-10-01-L5,F,10,5,1,0
PKR28822,B-12-01-L0,B,12,0,0,10
PKR38566,F-10-02-L5,F,10,5,1,0
PKR40755S07,E-05-02-L7,E,5,7,1,7
PKR42621,E-05-03-L7,E,5,7,1,7
PKR42622,H-09-01-L7,H,9,7,1,7
PKR42624,H-09-02-L7,H,9,7,1,7
PKR42628,G-11-01-L7,G,11,7,1,6
PKR42633,G-11-02-L7,G,11,7,1,6
PKR42697,G-11-03-L7,G,11,7,1,6
PKR42698,J-09-03-L7,J,9,7,1,12
PKR42700,F-10-01-L7,F,10,7,1,6
PKR42704,F-10-02-L7,F,10,7,1,6
PKR42705,F-03-01-L7,F,3,7,1,14
PKR42706,J-11-01-L2,J,11,2,0,1
PKR42798,H-09-03-L7,H,9,7,1,7
PKR42978,F-08-01-L8,F,8,8,1,12
PKR42979,G-05-01-L7,G,5,7,1,12
PKR42980,F-10-03-L7,F,10,7,1,6
PKR45330S07,D-02-03-L4,D,2,4,1,0
PKR45632,C-07-01-L2,C,7,2,0,133
PKR56799,J-02-02-L4,J,2,4,1,42
PKR58155,F-08-02-L8,F,8,8,1,0
PKR58162,J-18-01-L7,J,18,7,1,0
PKR58163,F-08-03-L8,F,8,8,1,0
PKR59589,G-02-02-L3,G,2,3,1,199
PKR59590,G-02-03-L3,G,2,3,1,199
PKR59591,H-04-01-L3,H,4,3,1,199
PKR78310,J-01-02-L1,J,1,1,0,2
PKR91906,J-02-03-L4,J,2,4,1,22
PT570110,E-07-02-L6,E,7,6,1,8
PT78740,E-07-03-L6,E,7,6,1,8
QGH17901,A-05-03-L0,A,5,0,0,399
QGH20773,F-12-03-L0,F,12,0,0,368
QGH28830,U-07-01-L6,U,7,6,1,39
QGH30355,J-01-03-L1,J,1,1,0,2
QGH30391,H-03-01-L5,H,3,5,1,10
QGH32762,B-03-01-L6,B,3,6,1,28
QGH35858,J-18-02-L7,J,18,7,1,6
QGH36704,G-11-02-L2,G,11,2,0,57
QGH42623,J-11-02-L2,J,11,2,0,0
QGH42626,H-09-01-L0,H,9,0,0,0
QGH42900,H-09-02-L0,H,9,0,0,0
QGH43015,H-09-03-L0,H,9,0,0,0
QGH44733,G-10-01-L6,G,10,6,1,315
QGH46836R07,F-02-02-L4,F,2,4,1,0
QGH49263,A-05-01-L7,A,5,7,1,6
QGH49270,A-05-02-L7,A,5,7,1,6
QGH49432,G-03-01-L8,G,3,8,1,7
QGH54010,E-05-03-L3,E,5,3,1,100
QGH65581,J-01-01-L2,J,1,2,0,2
QGH66332-49,C-11-01-L7,C,11,7,1,0
QGH66332-70,G-03-02-L8,G,3,8,1,5
QGH66357,A-05-03-L7,A,5,7,1,6
QGH68575,B-03-02-L6,B,3,6,1,61
QGH68580,D-06-01-L1,D,6,1,0,451
QGH68582,B-03-03-L6,B,3,6,1,30
QGH71808,D-06-02-L1,D,6,1,0,0
QGH71867,D-06-03-L1,D,6,1,0,1
QGH72768,D-05-02-L4,D,5,4,1,0
QGH82656,C-05-01-L4,C,5,4,1,0
QGH83395,B-07-02-L8,B,7,8,1,6
QGH83730,J-01-02-L2,J,1,2,0,4
QGH83736,J-01-03-L2,J,1,2,0,4
QGH83945,H-02-01-L0,H,2,0,0,4
QGH90952,B-07-03-L8,B,7,8,1,5
REL15007,H-02-02-L0,H,2,0,0,0
REL15014,I-01-01-L1,I,1,1,0,0
REL15051,B-08-01-L8,B,8,8,1,0
REL52004,B-07-02-L2,B,7,2,0,12
REL52008,F-05-01-L4,F,5,4,1,2
REL52009,G-06-03-L3,G,6,3,1,0
REL52011,H-02-03-L3,H,2,3,1,0
REL52018,I-03-01-L4,I,3,4,1,0
REL52022,B-04-01-L6,B,4,6,1,0
REL52921,C-05-01-L6,C,5,6,1,0
REL59917,H-02-03-L0,H,2,0,0,0
RESISTOR130OHM,G-05-02-L7,G,5,7,1,0
RI02,F-07-01-L4,F,7,4,1,0
RK-926-315-BD,H-02-01-L1,H,2,1,0,1
RK-926-315-BL,H-02-02-L1,H,2,1,0,1
RM35JA32MW,U-14-02-L6,U,14,6,1,0
ROZET-EM-BROZET18,F-11-02-L4,F,11,4,1,0
RSB2A080ED,A-04-02-L6,A,4,6,1,68
RSP25-11003Z6TT-SC,D-04-01-L7,D,4,7,1,7
S1A11835SN,G-12-01-L7,G,12,7,1,6
S1A11836,J-01-03-L7,J,1,7,1,15
S1A13835,E-05-02-L4,E,5,4,1,0
S1A15653,F-06-02-L2,F,6,2,0,0
S1A17088,U-02-01-L4,U,2,4,1,1380
S1A18951,D-04-02-L7,D,4,7,1,5
S1A19358,B-09-01-L1,B,9,1,0,0
S1A19359,I-01-02-L5,I,1,5,1,18
S1A19361,B-10-03-L3,B,10,3,1,48
S1A20643,F-02-02-L7,F,2,7,1,10
S1A20811,A-04-01-L4,A,4,4,1,0
S1A22391,H-09-01-L3,H,9,3,1,7
S1A22486,G-12-02-L7,G,12,7,1,1
S1A22613,G-11-02-L4,G,11,4,1,0
S1A23008,A-04-03-L1,A,4,1,0,206
S1A23251,A-07-02-L1,A,7,1,0,289
S1A23397,G-03-03-L8,G,3,8,1,7
S1A24150,U-09-01-L5,U,9,5,1,16
S1A24152,H-07-02-L5,H,7,5,1,17
S1A24828,G-11-03-L4,G,11,4,1,0
S1A25599,G-12-03-L7,G,12,7,1,10
S1A25783,U-09-02-L5,U,9,5,1,15
S1A25814,I-01-03-L5,I,1,5,1,30
S1A25957,G-02-03-L2,G,2,2,0,0
S1A25967,G-04-01-L2,G,4,2,0,0
S1A27099,J-17-01-L6,J,17,6,1,50
S1A27817,G-07-03-L2,G,7,2,0,63
S1A28558,J-04-02-L7,J,4,7,1,0
S1A30039,D-07-01-L4,D,7,4,1,0
S1A34242,G-08-02-L2,G,8,2,0,76
S1A34846,B-02-03-L0,B,2,0,0,0
S1A34848,G-03-03-L0,G,3,0,0,0
S1A35572,A-07-03-L1,A,7,1,0,136
S1A37536,C-11-01-L6,C,11,6,1,0
S1A37586S,B-09-02-L0,B,9,0,0,0
S1A38031,B-07-03-L7,B,7,7,1,14
S1A38033,B-08-01-L7,B,8,7,1,14
S1A38465,B-01-02-L0,B,1,0,0,0
S1A38648,C-05-02-L7,C,5,7,1,9
S1A39140,E-01-01-L8,E,1,8,1,7
S1A40494,D-08-02-L4,D,8,4,1,0
S1A41028,F-03-01-L2,F,3,2,0,0
S1A41443,E-01-02-L8,E,1,8,1,7
S1A41573,E-08-01-L4,E,8,4,1,0
S1A41933,F-05-02-L4,F,5,4,1,20
S1A42806,C-03-03-L4,C,3,4,1,0
S1A42884,J-14-02-L4,J,14,4,1,0
S1A42885,E-08-02-L4,E,8,4,1,0
S1A45741,U-10-01-L5,U,10,5,1,15
S1A46595,E-01-03-L8,E,1,8,1,7
S1A47334,F-07-01-L3,F,7,3,1,7
S1A50471,F-03-01-L8,F,3,8,1,7
S1A50595,C-12-02-L0,C,12,0,0,77
S1A50818,G-09-01-L8,G,9,8,1,3
S1A50820,F-03-02-L8,F,3,8,1,7
S1A51232,F-11-01-L4,F,11,4,1,0
S1A52369,G-03-03-L3,G,3,3,1,44
S1A52413,B-09-01-L3,B,9,3,1,28
S1A63489,C-07-02-L2,C,7,2,0,169
S1A65648,F-03-03-L8,F,3,8,1,7
S1A65946,G-04-02-L2,G,4,2,0,0
S1A66370,G-04-01-L8,G,4,8,1,7
S1A67175,B-08-02-L7,B,8,7,1,14
S1A67176,B-08-03-L7,B,8,7,1,14
S1A67178,G-04-02-L8,G,4,8,1,7
S1A68105,B-09-01-L7,B,9,7,1,14
S1A68107,B-09-02-L7,B,9,7,1,14
S1A68123,B-09-03-L7,B,9,7,1,14
S1A68920,C-10-01-L1,C,10,1,0,73
S1A68921,J-16-01-L4,J,16,4,1,0
S1A68922,E-09-01-L7,E,9,7,1,9
S1A68923,B-11-02-L0,B,11,0,0,0
S1A68924,E-11-02-L6,E,11,6,1,52
S1A70177,B-12-03-L1,B,12,1,0,310
S1A70323,J-08-01-L4,J,8,4,1,0
S1A71076R10,H-02-03-L1,H,2,1,0,2
S1A73352,E-09-02-L7,E,9,7,1,6
S1A74397,J-17-02-L3,J,17,3,1,90
S1A74776,G-09-02-L8,G,9,8,1,5
S1A74778,G-09-03-L8,G,9,8,1,5
S1A76775,H-02-01-L2,H,2,2,0,2
S1A77781,B-03-02-L0,B,3,0,0,0
S1A79496,H-01-03-L7,H,1,7,1,140
S1A80474,J-16-02-L6,J,16,6,1,243
S1A80586,I-03-01-L7,I,3,7,1,28
S1A80600,C-10-01-L6,C,10,6,1,0
S1A81405-008R10,A-03-01-L8,A,3,8,1,0
S1A84011,C-05-02-L4,C,5,4,1,0
S1A84768,A-02-01-L4,A,2,4,1,0
S1A85882,A-02-02-L4,A,2,4,1,0
S1A88184,E-05-03-L4,E,5,4,1,0
S1A89043,A-08-03-L2,A,8,2,0,0
S1A89414,A-05-01-L3,A,5,3,1,24
S1A90548,B-03-01-L0,B,3,0,0,0
S1A90812,B-10-01-L7,B,10,7,1,14
S1A90814,B-10-02-L7,B,10,7,1,14
S1A91664,D-10-03-L0,D,10,0,0,460
S1A91668,B-02-01-L3,B,2,3,1,94
S1A91862,G-04-03-L8,G,4,8,1,7
S1A91943,E-02-01-L8,E,2,8,1,7
S1A91944,E-02-02-L8,E,2,8,1,7
S1A91945,E-02-03-L8,E,2,8,1,7
S1A92071,H-09-03-L4,H,9,4,1,0
S1A92263,G-02-02-L1,G,2,1,0,366
S1A93302,I-03-02-L0,I,3,0,0,0
S1A93757,C-05-02-L6,C,5,6,1,0
S1A96904,A-03-02-L8,A,3,8,1,5
S1B11977,D-01-01-L8,D,1,8,1,7
S1B12501,B-11-03-L2,B,11,2,0,113
S1B13759,E-11-01-L1,E,11,1,0,136
S1B18405,F-12-01-L1,F,12,1,0,139
S1B18646,F-04-01-L2,F,4,2,0,0
S1B23211,A-02-03-L4,A,2,4,1,0
S1B23238,C-05-03-L6,C,5,6,1,1
S1B23253,D-01-02-L8,D,1,8,1,1
S1B23255,D-01-03-L8,D,1,8,1,1
S1B25914,H-09-01-L1,H,9,1,0,0
S1B27049,U-02-02-L4,U,2,4,1,0
S1B27927,G-02-01-L7,G,2,7,1,15
S1B28347,B-08-02-L1,B,8,1,0,466
S1B28636,F-04-02-L5,F,4,5,1,40
S1B28639,E-12-01-L3,E,12,3,1,14
S1B28641,U-09-01-L3,U,9,3,1,14
S1B28642,U-09-02-L3,U,9,3,1,14
S1B28947,H-07-01-L3,H,7,3,1,2
S1B28950,A-04-02-L4,A,4,4,1,0
S1B29170,H-09-02-L4,H,9,4,1,0
S1B30019,G-12-01-L4,G,12,4,1,14
S1B32159,F-04-01-L8,F,4,8,1,26
S1B32736,H-09-02-L1,H,9,1,0,2
S1B33086,H-01-01-L4,H,1,4,1,0
S1B33086R10,I-03-02-L4,I,3,4,1,7
S1B34391,I-10-03-L1,I,10,1,0,218
S1B35575,F-03-02-L7,F,3,7,1,16
S1B42175,E-06-03-L4,E,6,4,1,50
S1B44814,E-09-03-L7,E,9,7,1,10
S1B45034,A-03-03-L8,A,3,8,1,5
S1B45130,B-10-01-L5,B,10,5,1,39
S1B45131,G-06-02-L5,G,6,5,1,36
S1B45714,E-07-01-L8,E,7,8,1,5
S1B46674,H-07-03-L5,H,7,5,1,0
S1B46834,A-05-02-L4,A,5,4,1,320
S1B52154,D-08-01-L7,D,8,7,1,10
S1B53255,G-04-03-L2,G,4,2,0,0
S1B54338,U-09-02-L6,U,9,6,1,42
S1B56277,H-02-02-L2,H,2,2,0,4
S1B59137,D-04-01-L4,D,4,4,1,0
S1B59157,H-09-03-L1,H,9,1,0,2
S1B60455,A-04-03-L4,A,4,4,1,722
S1B60456,F-04-02-L1,F,4,1,0,252
S1B63319-135S07,F-11-02-L3,F,11,3,1,0
S1B63319-157S07,H-04-03-L5,H,4,5,1,0
S1B63319-186S07,H-09-01-L2,H,9,2,0,0
S1B63319-228S07,F-07-02-L3,F,7,3,1,0
S1B63319-284S07,H-02-03-L2,H,2,2,0,0
S1B63319-289S07,H-09-02-L2,H,9,2,0,0
S1B63319-297S07,H-09-03-L2,H,9,2,0,0
S1B63319-334S07,J-10-01-L5,J,10,5,1,0
S1B63319-348S07,H-10-01-L0,H,10,0,0,0
S1B63319-399S07,E-07-02-L8,E,7,8,1,0
S1B63319-400S07,H-10-02-L0,H,10,0,0,0
S1B63319-415S07,B-08-02-L8,B,8,8,1,0
S1B63319-418S07,H-10-03-L0,H,10,0,0,0
S1B63319-486S07,H-09-02-L3,H,9,3,1,0
S1B63319-536S07,J-08-01-L6,J,8,6,1,0
S1B63319-635S07,E-12-02-L3,E,12,3,1,0
S1B63319-735S07,H-10-01-L1,H,10,1,0,0
S1B63319-736S07,H-10-02-L1,H,10,1,0,0
S1B63319-737S07,J-05-01-L0,J,5,0,0,0
S1B63319-739S07,C-05-03-L7,C,5,7,1,0
S1B63319-745S07,H-10-03-L1,H,10,1,0,0
S1B63319S07,F-01-01-L3,F,1,3,1,0
S1B63323-004S07,B-10-03-L7,B,10,7,1,0
S1B63323-1001S07,F-06-01-L3,F,6,3,1,0
S1B63323-1020S07,H-10-01-L2,H,10,2,0,0
S1B63323-1022S07,H-10-02-L2,H,10,2,0,0
S1B63323-1045S07,I-01-02-L1,I,1,1,0,0
S1B63323-1054S07,H-10-03-L2,H,10,2,0,0
S1B63323-1074S07,F-01-02-L6,F,1,6,1,0
S1B63323-1111S07,C-06-01-L6,C,6,6,1,0
S1B63323-1112S07,F-01-03-L6,F,1,6,1,0
S1B63323-1131S07,J-05-02-L0,J,5,0,0,0
S1B63323-1135S07,J-13-01-L0,J,13,0,0,0
S1B63323-1171S07,J-13-02-L0,J,13,0,0,0
S1B63323-1208S07,F-10-03-L5,F,10,5,1,0
S1B63323-1237S07,J-13-01-L1,J,13,1,0,0
S1B63323-1278S07,J-13-02-L1,J,13,1,0,0
S1B63323-1324S07,C-01-01-L4,C,1,4,1,0
S1B63323-1325S07,J-05-03-L0,J,5,0,0,0
S1B63323-1400S07,F-04-02-L8,F,4,8,1,0
S1B63323-1466S07,J-13-01-L2,J,13,2,0,0
S1B63323-1510S07,J-05-01-L1,J,5,1,0,0
S1B63323-1511S07,J-05-02-L1,J,5,1,0,0
S1B63323-1512S07,J-05-03-L1,J,5,1,0,0
S1B63323-1513S07,J-13-02-L2,J,13,2,0,0
S1B63323-1515S07,F-03-03-L7,F,3,7,1,0
S1B63323-1516S07,J-05-01-L2,J,5,2,0,0
S1B63323-1517S07,J-16-01-L0,J,16,0,0,0
S1B63323-1518S07,J-05-02-L2,J,5,2,0,0
S1B63323-1519S07,J-16-02-L0,J,16,0,0,0
S1B63323-399S07,J-06-01-L6,J,6,6,1,0
S1B63323-464S07,G-10-03-L2,G,10,2,0,0
S1B63323-477S07,J-06-02-L3,J,6,3,1,0
S1B63323-647S07,J-16-01-L1,J,16,1,0,0
S1B63323-862S07,E-12-03-L3,E,12,3,1,0
S1B63323-911S07,D-10-01-L3,D,10,3,1,0
S1B63323-912S07,D-08-02-L7,D,8,7,1,0
S1B63323-913S07,E-07-03-L8,E,7,8,1,0
S1B63323S07,C-12-02-L3,C,12,3,1,0
S1B66039,J-08-02-L4,J,8,4,1,6
S1B72008,G-06-01-L1,G,6,1,0,0
S1B72022,F-04-03-L2,F,4,2,0,0
S1B81606,B-03-03-L0,B,3,0,0,0
S1B88264,G-05-01-L2,G,5,2,0,0
S1B90388,J-07-01-L5,J,7,5,1,30
S1B98321,F-04-03-L8,F,4,8,1,7
S202-C32,B-07-02-L5,B,7,5,1,0
S202-C6,A-09-03-L0,A,9,0,0,0
S2500925P01-ETK-1,J-16-02-L1,J,16,1,0,0
S2500925P02-ETK-2,J-16-01-L2,J,16,2,0,0
S2500925P03-ETK-3,J-16-02-L2,J,16,2,0,0
S2500925P04-ETK-4,J-17-01-L0,J,17,0,0,0
S2502618PLT-1,J-17-02-L0,J,17,0,0,1
S2505015ETIKET_1,J-17-01-L1,J,17,1,0,0
S2506318PLT-5,J-17-02-L1,J,17,1,0,1
S2C-H6R,G-06-02-L0,G,6,0,0,0
S6-CT-CMC12MX,D-06-01-L8,D,6,8,1,3
S6-CT-CMC1LX,B-08-03-L8,B,8,8,1,5
S6-CT-CMC1MX,C-11-02-L7,C,11,7,1,9
S6-CT-CMC2LX,J-17-01-L2,J,17,2,0,1
S6-CT-CMC2MX,E-12-01-L5,E,12,5,1,13
S6-CT-CMC3MX,J-02-01-L5,J,2,5,1,12
S6-CT-CMC4MX,E-09-01-L5,E,9,5,1,15
S6-CT-DMAED1C,J-05-01-L3,J,5,3,1,48
S6-CT-DMAED1X,B-04-02-L6,B,4,6,1,2
S6-CT-DMHTD1X,J-06-02-L6,J,6,6,1,10
S6-CT-DMHTD3C,C-05-02-L5,C,5,5,1,24
S6-CT-DMHTD3X,G-09-02-L1,G,9,1,0,144
S6-CT-DMHTS1C,E-04-01-L3,E,4,3,1,24
S6-CT-DMHTS1X,F-07-03-L3,F,7,3,1,19
S6-CT-DMHTS3X,A-07-01-L2,A,7,2,0,86
S6-CT-DMTTD3X,I-10-03-L2,I,10,2,0,60
S6-CT-DMTTS1X,B-06-03-L3,B,6,3,1,40
S6-CT-DMTTS3X,G-11-03-L2,G,11,2,0,67
S6-CT-PHA67826,J-08-03-L4,J,8,4,1,3
S6-CT-PHA67832,D-01-03-L5,D,1,5,1,45
S6-KK-O-CT-DM,F-06-02-L3,F,6,3,1,960
S6-KK-O-CT-GB,J-10-01-L4,J,10,4,1,94
S6-KK-O-VT-DM,I-03-03-L4,I,3,4,1,250
S6-KK-O-VT-DMC,G-04-01-L4,G,4,4,1,52
S6-TM-O-F,F-02-03-L4,F,2,4,1,474
S6-TM-O-RJ45,A-11-01-L3,A,11,3,1,486
S6-VT-CM1X,J-01-02-L5,J,1,5,1,11
S6-VT-CM2X,C-06-01-L7,C,6,7,1,9
S6-VT-CMC12MX,D-06-02-L8,D,6,8,1,3
S6-VT-CMC1LX,B-09-01-L8,B,9,8,1,5
S6-VT-CMC1MX,C-12-01-L7,C,12,7,1,9
S6-VT-CMC2LX,J-17-02-L2,J,17,2,0,1
S6-VT-CMC2MX,E-12-02-L5,E,12,5,1,13
S6-VT-CMC3MX,J-02-02-L5,J,2,5,1,12
S6-VT-CMC4MX,E-09-02-L5,E,9,5,1,15
S6-VT-CMXAUX2,J-05-03-L2,J,5,2,0,2
S6-VT-DMAED1C,J-05-02-L3,J,5,3,1,48
S6-VT-PHA67814,I-08-01-L3,I,8,3,1,24
SARF-REU-0064,J-02-03-L5,J,2,5,1,0
SARF-REU-0106,D-06-03-L8,D,6,8,1,0
SARF-REU-0136,J-04-01-L0,J,4,0,0,0
SARF-REU-0138,H-11-01-L0,H,11,0,0,0
SARF-REU-0146,G-03-03-L7,G,3,7,1,0
SARF-REU-0148,F-09-01-L8,F,9,8,1,0
SARF-REU-0164,H-11-02-L0,H,11,0,0,0
SARF-REU-0241,J-04-02-L0,J,4,0,0,0
SARF-REU-0248,J-04-01-L1,J,4,1,0,0
SARF-REU-0273,F-09-02-L8,F,9,8,1,0
SE25-01325,F-09-03-L8,F,9,8,1,0
SE25-01354,G-10-01-L8,G,10,8,1,3
SE25-02188,F-11-01-L7,F,11,7,1,0
SE25-02220,G-05-01-L8,G,5,8,1,0
SE25-02532,G-10-02-L8,G,10,8,1,0
SE25-02595,F-11-02-L7,F,11,7,1,6
SE25-C1415,G-10-03-L8,G,10,8,1,0
SEM101093-01,B-12-02-L5,B,12,5,1,0
SET00003,U-01-02-L4,U,1,4,1,0
SET00005,C-09-03-L0,C,9,0,0,0
SET00007,D-11-01-L2,D,11,2,0,0
SETSM600013,C-07-03-L2,C,7,2,0,0
SETSM600015S07,J-07-01-L4,J,7,4,1,0
SETSM600016S07,H-01-02-L4,H,1,4,1,0
SETSM600020S07,H-11-03-L0,H,11,0,0,1
SETSM600039S07,C-01-02-L4,C,1,4,1,1
SETSM600046,A-04-01-L8,A,4,8,1,3
SETSM600060,J-06-03-L6,J,6,6,1,10
SETSM600061,J-10-02-L5,J,10,5,1,20
SETSM600063,I-04-01-L6,I,4,6,1,10
SETSM600064,I-08-01-L5,I,8,5,1,20
SETSM600067,G-02-01-L6,G,2,6,1,10
SETSM600086,H-11-01-L1,H,11,1,0,1
SETSM600087,J-04-02-L1,J,4,1,0,2
SETSM600088,H-11-02-L1,H,11,1,0,1
SETSM600142S07,D-07-01-L2,D,7,2,0,0
SETSM600261,H-11-03-L1,H,11,1,0,1
SETSM600262,H-11-01-L2,H,11,2,0,1
SETSM600263,H-11-02-L2,H,11,2,0,1
SETSM600351S07,G-02-02-L6,G,2,6,1,0
SETSM600423,J-08-01-L7,J,8,7,1,0
SETSM600424,C-12-02-L7,C,12,7,1,0
SETSM600425,U-13-01-L6,U,13,6,1,0
SETSM600429,J-04-01-L2,J,4,2,0,2
SETSM600466,J-04-02-L2,J,4,2,0,2
SETSM600472,H-11-03-L2,H,11,2,0,1
SETSM600473,J-14-01-L0,J,14,0,0,1
SETSM600475,H-03-01-L0,H,3,0,0,2
SETSM600479,J-14-02-L0,J,14,0,0,1
SETSM600480,H-03-02-L0,H,3,0,0,2
SETSM600491,C-01-03-L4,C,1,4,1,1
SETSM600492,C-02-01-L4,C,2,4,1,1
SF-FB12,B-09-01-L5,B,9,5,1,0
SF-FB13,C-07-02-L6,C,7,6,1,0
SF-FB15,E-12-02-L4,E,12,4,1,0
SF-FB16,E-12-01-L2,E,12,2,0,0
SF-FB21,B-09-02-L1,B,9,1,0,0
SF-FB26,J-07-02-L5,J,7,5,1,0
SF-FB48,A-07-02-L4,A,7,4,1,0
SFCBFR014,C-06-02-L6,C,6,6,1,0
SIBA30-109-13/125A,H-01-01-L7,H,1,7,1,0
SIBA_30-109-13/100,J-02-03-L7,J,2,7,1,0
SMTAMB001,D-06-02-L6,D,6,6,1,0
SMTAMB022,C-09-03-L6,C,9,6,1,0
SPARE_STARKLT,J-14-01-L1,J,14,1,0,0
SPK51000107E,A-07-02-L6,A,7,6,1,0
ST269-401-401,B-08-02-L5,B,8,5,1,0
ST434-010-004,U-10-02-L5,U,10,5,1,0
ST434-010-024,H-11-03-L5,H,11,5,1,19
ST436-101-030,F-11-03-L7,F,11,7,1,0
TME43529,C-11-01-L0,C,11,0,0,362
TRF003224,A-06-01-L7,A,6,7,1,0
TRF004938,J-14-02-L1,J,14,1,0,1
TRF006364,A-04-02-L8,A,4,8,1,3
TRFESITAS001,G-07-02-L0,G,7,0,0,567
TRFESITAS004,E-09-03-L5,E,9,5,1,15
TRFESITAS005,C-06-02-L7,C,6,7,1,9
TRFESITAS006,C-06-03-L7,C,6,7,1,9
TRFESITAS007,G-06-03-L5,G,6,5,1,60
TRFESITAS008,C-07-01-L7,C,7,7,1,9
TRFESITAS010,B-08-03-L5,B,8,5,1,66
TRFESITAS011,C-02-02-L2,C,2,2,0,99
TRFESITAS014,G-07-01-L1,G,7,1,0,159
TRFESITAS015,U-14-01-L4,U,14,4,1,81
TRFESITAS016,D-08-01-L5,D,8,5,1,15
TRFESITAS017,E-10-03-L6,E,10,6,1,48
TUR10002,J-14-01-L2,J,14,2,0,8
TUR10003,J-14-02-L2,J,14,2,0,8
TUR10004,J-15-01-L0,J,15,0,0,9
VAMP4RSE,J-10-02-L4,J,10,4,1,0
VDISFD006VO,E-04-01-L7,E,4,7,1,0
VIKO043E43E36G,A-04-03-L8,A,4,8,1,3
VJKO023E26E000,G-03-02-L5,G,3,5,1,72
VJKP023G16G000,E-12-03-L6,E,12,6,1,36
VJKR023E23E000M,E-08-01-L8,E,8,8,1,12
VJKR023H000000M,E-08-02-L8,E,8,8,1,3
VOLTMETRE316,H-03-03-L0,H,3,0,0,2
VPI62401,B-09-02-L8,B,9,8,1,4
VPI62415,H-01-03-L4,H,1,4,1,12
VW3A8306R03,J-07-02-L4,J,7,4,1,2
XB4BA42,J-15-02-L0,J,15,0,0,0
XB5AVG3,J-08-03-L7,J,8,7,1,0
ZB4BZ62,G-08-03-L0,G,8,0,0,0
ZB5AD2,G-03-01-L5,G,3,5,1,67
ZB5AG7D,E-01-03-L5,E,1,5,1,0
