material_id,position_id,rack,bay,level,needs_rt,zwm92_picks
03811061N0,F-12-03-L0,F,12,0,0,7
03812736N0,G-05-03-L0,G,5,0,0,84
03814388N0-N,H-04-02-L4,H,4,4,1,2
03814399N0-N,J-05-02-L5,J,5,5,1,3
03814402N0-N,E-09-01-L1,E,9,1,0,10
03815808N0-N,F-02-03-L3,F,2,3,1,2
03815811N0-N,J-04-01-L7,J,4,7,1,3
03815813N0-N,J-01-01-L4,J,1,4,1,4
03816489N0,A-10-03-L0,A,10,0,0,6
03816490N0-N,A-05-02-L2,A,5,2,0,11
03816491N0-N,U-01-01-L2,U,1,2,0,12
03816492N0-N,U-10-01-L2,U,10,2,0,6
03816493N0-N,F-07-01-L0,F,7,0,0,24
03816494N0-N,J-17-01-L1,J,17,1,0,17
03816495N0-N,G-08-01-L1,G,8,1,0,23
03816496N0,A-05-01-L4,A,5,4,1,0
03816496N0-N,F-09-03-L2,F,9,2,0,16
03817244N0,D-01-01-L6,D,1,6,1,1
1022025N,C-09-03-L7,C,9,7,1,0
11845604,F-09-02-L6,F,9,6,1,0
11845606Z,U-11-01-L6,U,11,6,1,0
1277066SNRYC,D-08-02-L2,D,8,2,0,9
1277504,G-11-03-L1,G,11,1,0,13
1350150120,C-08-01-L8,C,8,8,1,0
17422411Z,C-01-03-L8,C,1,8,1,0
17426018,F-08-01-L6,F,8,6,1,0
17426022,C-09-03-L6,C,9,6,1,0
1781757,C-04-02-L6,C,4,6,1,0
1946501,E-07-03-L2,E,7,2,0,16
1949754,I-05-02-L2,I,5,2,0,160
1949764,I-05-02-L1,I,5,1,0,160
1949765,E-01-01-L0,E,1,0,0,160
1949771,H-09-02-L2,H,9,2,0,25
1949773,H-09-03-L0,H,9,0,0,25
1949775,H-09-03-L1,H,9,1,0,25
1949777,A-02-01-L2,A,2,2,0,21
1949779SN,D-02-02-L1,D,2,1,0,72
1949785SN,G-07-03-L1,G,7,1,0,26
1949801,D-06-02-L0,D,6,0,0,16
1949869,H-05-02-L5,H,5,5,1,2
1949870,H-05-02-L6,H,5,6,1,2
1949871,H-05-02-L7,H,5,7,1,2
1MRK002136-B,F-08-01-L3,F,8,3,1,0
1MRK002136-E,C-12-01-L3,C,12,3,1,0
1SNA166875R2300,I-06-01-L7,I,6,7,1,1
21167100,C-07-02-L6,C,7,6,1,0
21186059,F-10-02-L6,F,10,6,1,0
21213320,E-08-03-L6,E,8,6,1,0
21231324,F-08-03-L6,F,8,6,1,0
21285212,B-05-03-L6,B,5,6,1,0
21431228Z,D-04-02-L7,D,4,7,1,0
21528185,D-07-01-L6,D,7,6,1,0
21528195,F-10-03-L6,F,10,6,1,0
23STFILM,D-10-02-L6,D,10,6,1,0
25222143,F-05-01-L8,F,5,8,1,0
25222348,F-05-02-L8,F,5,8,1,0
25222770,A-06-01-L6,A,6,6,1,0
25262316,U-06-01-L5,U,6,5,1,0
25262336,A-06-03-L6,A,6,6,1,0
25266303,F-07-02-L7,F,7,7,1,0
25266304,F-07-03-L7,F,7,7,1,0
25266305,A-02-03-L7,A,2,7,1,0
25268014,E-06-03-L2,E,6,2,0,20
26326007,J-03-01-L4,J,3,4,1,4
26326007-120V,E-08-01-L3,E,8,3,1,0
3052076,U-02-01-L2,U,2,2,0,9
3052077,F-04-03-L2,F,4,2,0,90
3116725,J-14-02-L6,J,14,6,1,0
3401405F0,I-01-02-L2,I,1,2,0,522
3402403F0,C-10-01-L6,C,10,6,1,0
3403899F0,C-04-02-L7,C,4,7,1,0
3403900F0,C-04-03-L7,C,4,7,1,0
3403904F0,D-06-02-L1,D,6,1,0,16
3403910F0,J-07-02-L1,J,7,1,0,173
3403913F0,F-05-02-L2,F,5,2,0,70
3403914F0,C-01-03-L1,C,1,1,0,48
3403915F0,H-02-02-L5,H,2,5,1,3
3403917F0,H-08-02-L1,H,8,1,0,30
3403918F0,F-09-03-L0,F,9,0,0,16
3403925F0,G-12-02-L7,G,12,7,1,0
3403929F0,G-06-02-L1,G,6,1,0,51
3403933F0,B-01-02-L2,B,1,2,0,69
340393501,B-05-01-L7,B,5,7,1,0
3403939F0,J-07-01-L0,J,7,0,0,176
3403940F0,J-02-02-L6,J,2,6,1,5
3403941T0,E-08-02-L7,E,8,7,1,0
3403941T0AG,U-12-01-L1,U,12,1,0,5
3403941T0SN,B-03-02-L0,B,3,0,0,66
3403949F0,J-08-02-L0,J,8,0,0,136
3403950F0,F-01-02-L5,F,1,5,1,3
3403963F0,D-07-02-L0,D,7,0,0,13
3403966F0,F-02-03-L2,F,2,2,0,177
3403978F0,J-02-01-L2,J,2,2,0,502
3403979F0,J-02-01-L1,J,2,1,0,502
3403981F0,J-01-01-L0,J,1,0,0,446
3403982F0,B-09-03-L0,B,9,0,0,56
3403984F0,H-04-01-L2,H,4,2,0,185
3403985F0,H-04-02-L0,H,4,0,0,185
3403986F0,E-01-01-L1,E,1,1,0,160
3403987F0,H-09-03-L2,H,9,2,0,25
3403988F0,I-05-02-L0,I,5,0,0,160
3403989F0,I-09-01-L1,I,9,1,0,24
3403991F0,I-03-03-L7,I,3,7,1,3
3403992F0,J-06-01-L5,J,6,5,1,2
3404000F0,J-01-01-L1,J,1,1,0,446
3404001F0,B-09-03-L2,B,9,2,0,56
3404004F0,J-03-03-L1,J,3,1,0,446
3404005F0,B-09-03-L1,B,9,1,0,56
3404006F0,J-03-03-L0,J,3,0,0,446
3404012F0,I-03-03-L2,I,3,2,0,299
3404013F0,C-05-01-L1,C,5,1,0,42
3404042F0,C-03-02-L1,C,3,1,0,43
3404043F0,J-14-02-L1,J,14,1,0,15
3404044F0,B-02-02-L2,B,2,2,0,68
3404045F0,I-03-03-L3,I,3,3,1,3
3404046F0,C-07-01-L1,C,7,1,0,39
3404047F0,U-10-02-L0,U,10,0,0,6
3404075F0,D-05-02-L1,D,5,1,0,19
3404076F0,B-08-02-L1,B,8,1,0,58
3404079F0,H-05-01-L0,H,5,0,0,157
3404080F0,F-11-02-L0,F,11,0,0,9
3404082F0,G-06-03-L2,G,6,2,0,50
3404083F0,I-03-03-L1,I,3,1,0,299
3404097F0,I-02-01-L0,I,2,0,0,407
3404098F0,C-07-03-L0,C,7,0,0,39
3404102F0SN,I-05-01-L0,I,5,0,0,162
3404106F0SN,I-03-03-L4,I,3,4,1,3
3404142F0,J-17-01-L2,J,17,2,0,17
3404143F0,J-17-02-L0,J,17,0,0,17
3404186FPR12,F-02-03-L4,F,2,4,1,2
3404190F0AG,U-13-01-L0,U,13,0,0,5
3404190F0SN,F-02-03-L5,F,2,5,1,2
3404190T0SN,F-02-01-L1,F,2,1,0,182
3404249F0,J-04-01-L2,J,4,2,0,319
3404251F0,J-03-02-L0,J,3,0,0,451
3404258F0,F-04-02-L1,F,4,1,0,92
3404270FBR07,E-02-03-L2,E,2,2,0,103
3404270FPR12,J-07-03-L3,J,7,3,1,2
3404272F0,J-09-01-L0,J,9,0,0,90
3404273F0,E-09-03-L1,E,9,1,0,10
3404308F0,F-04-03-L0,F,4,0,0,92
3404312F0,E-02-01-L0,E,2,0,0,111
3404313FPR12,J-07-03-L4,J,7,4,1,2
3404314FBR14,J-07-03-L5,J,7,5,1,2
3404314FPR12,J-07-03-L6,J,7,6,1,2
3404315FBR14,J-07-03-L7,J,7,7,1,2
3404315FPR12,G-03-01-L3,G,3,3,1,2
3404316FPR12,H-03-02-L3,H,3,3,1,3
3404317FPR12,F-04-03-L6,F,4,6,1,1
3404318FPR12,F-04-03-L7,F,4,7,1,1
3404352F0,G-02-02-L4,G,2,4,1,2
3404354F0,A-02-01-L0,A,2,0,0,21
3404355F0,D-12-01-L2,D,12,2,0,6
3404356F0,H-10-02-L1,H,10,1,0,19
3404357F0,I-10-02-L2,I,10,2,0,18
3404438FPR12,F-02-03-L6,F,2,6,1,2
3404440FBR07,F-04-02-L2,F,4,2,0,92
3404440FPR12,F-02-03-L7,F,2,7,1,2
3404462F0,I-02-02-L2,I,2,2,0,398
3404463F0,I-02-03-L0,I,2,0,0,398
3404464F0,I-02-01-L1,I,2,1,0,399
3404467F0,H-02-01-L1,H,2,1,0,385
3404468F0,I-02-02-L0,I,2,0,0,398
3404470F0,I-02-03-L1,I,2,1,0,398
3404473F0,I-02-03-L2,I,2,2,0,398
3404474F0,I-02-02-L1,I,2,1,0,398
3404708F0,H-01-03-L0,H,1,0,0,451
3404709F0,J-03-01-L1,J,3,1,0,451
3404717FBR07,D-01-03-L1,D,1,1,0,94
3404717FBR14,G-03-01-L4,G,3,4,1,2
3404718FBR07,F-04-01-L0,F,4,0,0,93
3404718FBR14,G-03-01-L5,G,3,5,1,2
3404719F0,E-03-02-L2,E,3,2,0,80
3404720F0,J-09-03-L0,J,9,0,0,89
3404721F0,I-07-02-L0,I,7,0,0,78
3404722F0,G-12-03-L0,G,12,0,0,11
3404725F0,B-11-02-L2,B,11,2,0,53
3404726F0,B-11-01-L2,B,11,2,0,53
3404729F0,B-11-03-L0,B,11,0,0,53
3404730F0,C-11-01-L0,C,11,0,0,34
3404731F0,B-11-01-L0,B,11,0,0,53
3404732F0,C-06-03-L2,C,6,2,0,39
3404733F0,C-06-03-L1,C,6,1,0,39
3404734F0,B-11-02-L0,B,11,0,0,53
3404735F0,B-11-02-L1,B,11,1,0,53
3404752F0,B-12-02-L1,B,12,1,0,53
3404756F0,I-10-01-L0,I,10,0,0,19
3404790F0,B-09-02-L2,B,9,2,0,56
3404791F0,J-09-03-L1,J,9,1,0,89
3405054F0,H-02-02-L0,H,2,0,0,378
3405054T0,G-04-03-L1,G,4,1,0,118
3405064F0-K,G-04-01-L1,G,4,1,0,125
3405075F0,C-09-01-L1,C,9,1,0,36
3405103F0,F-06-02-L6,F,6,6,1,0
3405107F0,B-03-01-L6,B,3,6,1,0
3405190F0,U-03-01-L2,U,3,2,0,8
3405192F0,G-12-02-L2,G,12,2,0,11
3405193F0,D-06-01-L1,D,6,1,0,16
3405195F0,A-09-03-L2,A,9,2,0,7
3405205F0,B-04-03-L7,B,4,7,1,0
3405209F0,B-02-01-L3,B,2,3,1,0
3405210F0,A-11-02-L7,A,11,7,1,0
3405211F0,A-11-03-L7,A,11,7,1,0
3405212F0,B-02-02-L3,B,2,3,1,0
3405214F0,B-02-03-L3,B,2,3,1,0
3405216F0,B-02-01-L4,B,2,4,1,0
3405220F0,B-02-02-L4,B,2,4,1,0
3405243F0,A-12-01-L7,A,12,7,1,0
3405261F0,A-08-01-L7,A,8,7,1,0
3405264F0,F-06-01-L8,F,6,8,1,0
3405265F0,F-06-02-L8,F,6,8,1,0
3405266F0,G-07-01-L8,G,7,8,1,0
3405267F0,G-07-02-L8,G,7,8,1,0
3405269F0,G-07-03-L8,G,7,8,1,0
3405270F0,G-08-01-L8,G,8,8,1,0
3405271F0,F-08-03-L8,F,8,8,1,0
3405273F0-K,D-06-01-L0,D,6,0,0,16
3405294F0,J-15-01-L1,J,15,1,0,15
3405296F0,E-05-01-L8,E,5,8,1,0
3405309F0-K,G-07-01-L7,G,7,7,1,0
3405310F0,H-02-02-L6,H,2,6,1,3
3405310F0-K,F-08-02-L3,F,8,3,1,0
3405311F0,J-06-02-L7,J,6,7,1,2
3405338F0,J-15-01-L2,J,15,2,0,15
3405341F0,C-12-02-L6,C,12,6,1,0
3405355F0-K,E-05-02-L8,E,5,8,1,0
3405356F0,I-03-03-L5,I,3,5,1,3
3405364F0,A-12-02-L7,A,12,7,1,0
3405366F0,G-09-01-L8,G,9,8,1,0
3405374F0,C-08-02-L8,C,8,8,1,0
3405375F0,U-11-02-L2,U,11,2,0,5
3405376F0,A-05-02-L4,A,5,4,1,0
3405383F0,A-05-03-L4,A,5,4,1,0
3405384F0,A-05-01-L5,A,5,5,1,0
3405387F0,H-02-02-L7,H,2,7,1,3
3405387F0-K,D-04-02-L8,D,4,8,1,0
3405388F0-K,D-04-03-L8,D,4,8,1,0
3405389F0,J-04-02-L3,J,4,3,1,3
3405390F0,J-04-01-L4,J,4,4,1,3
3405392F0,A-03-01-L2,A,3,2,0,17
3405397F0,U-01-01-L1,U,1,1,0,12
3405398F0,D-06-01-L2,D,6,2,0,16
3405412F0,B-11-03-L8,B,11,8,1,0
3405434T0S07,E-07-03-L8,E,7,8,1,0
3405435F0,C-06-03-L8,C,6,8,1,0
3405444T0R14,E-08-02-L3,E,8,3,1,0
3405445F0,J-17-01-L4,J,17,4,1,0
3405453T0R14,A-05-02-L5,A,5,5,1,0
3405454F0,J-17-02-L4,J,17,4,1,0
3405472F0,B-07-02-L7,B,7,7,1,0
3405473F0,C-01-01-L8,C,1,8,1,0
3405474F0,C-03-02-L8,C,3,8,1,0
3405544F0,J-16-02-L7,J,16,7,1,0
3405544F0-K,B-05-03-L2,B,5,2,0,62
3405583F0,F-11-01-L8,F,11,8,1,0
3405583F0-K,A-03-02-L1,A,3,1,0,17
3405584F0,F-12-02-L8,F,12,8,1,0
3405584F0-K,A-03-02-L2,A,3,2,0,17
3405585F0-K,A-03-02-L0,A,3,0,0,17
3405610F0,E-10-01-L7,E,10,7,1,0
3405611F0,E-10-02-L7,E,10,7,1,0
3405612F0,G-09-02-L8,G,9,8,1,0
3405613F0,G-09-03-L8,G,9,8,1,0
3405618F0,J-10-02-L4,J,10,4,1,0
3405619F0,B-01-01-L3,B,1,3,1,0
3405636F0,C-05-03-L8,C,5,8,1,0
3405638F0,E-12-01-L8,E,12,8,1,0
3405639F0,E-12-02-L8,E,12,8,1,0
3405640F0,G-10-01-L7,G,10,7,1,0
3405641F0,B-11-01-L8,B,11,8,1,0
3405701F0,J-10-02-L7,J,10,7,1,0
3405718F0,U-10-02-L6,U,10,6,1,0
3405719F0,A-08-03-L7,A,8,7,1,0
3405720F0,A-03-01-L8,A,3,8,1,0
3405735F0,J-08-03-L4,J,8,4,1,1
3405736F0,G-04-01-L4,G,4,4,1,1
3405740F0,G-10-02-L7,G,10,7,1,0
3405743F0,E-11-02-L6,E,11,6,1,0
3405753F0,A-03-02-L8,A,3,8,1,0
3405772F0,E-12-03-L8,E,12,8,1,0
3405803F0,B-09-02-L7,B,9,7,1,0
3405811F0,C-09-03-L1,C,9,1,0,36
3405812F0,I-08-02-L0,I,8,0,0,30
3405813F0,C-01-03-L0,C,1,0,0,48
3405966F0,A-09-02-L0,A,9,0,0,7
3405966F0-H,J-01-01-L5,J,1,5,1,4
3405966F0-KH,F-07-03-L1,F,7,1,0,23
3405967F0,U-07-01-L0,U,7,0,0,7
3405967F0-H,I-02-02-L5,I,2,5,1,4
3405967F0-KH,F-07-03-L2,F,7,2,0,23
3405968F0,E-05-01-L4,E,5,4,1,0
3405968F0-G,J-05-02-L6,J,5,6,1,3
3405968F0-KH,J-07-02-L3,J,7,3,1,2
3405969F0-KH,J-07-02-L4,J,7,4,1,2
3406000F0,E-12-03-L6,E,12,6,1,0
3406001F0,U-06-01-L6,U,6,6,1,0
3406002F0,U-06-02-L6,U,6,6,1,0
3406003F0,A-09-03-L6,A,9,6,1,0
3406018F0,C-07-03-L7,C,7,7,1,0
3406036F0,G-04-03-L5,G,4,5,1,1
3406038F0,I-06-01-L5,I,6,5,1,1
3406039F0,G-04-03-L3,G,4,3,1,1
3406040F0,D-07-03-L8,D,7,8,1,0
3406041F0,F-10-03-L8,F,10,8,1,0
3406042F0,G-04-03-L6,G,4,6,1,1
3406043F0,G-04-03-L4,G,4,4,1,1
3406103F0,I-09-01-L7,I,9,7,1,0
3406104F0,E-05-03-L7,E,5,7,1,0
3406107F0,A-03-01-L6,A,3,6,1,0
3406107F0CD,C-10-01-L7,C,10,7,1,0
3406111F0,G-10-03-L7,G,10,7,1,0
3406210F0,J-08-01-L6,J,8,6,1,1
3406222F0,B-03-03-L8,B,3,8,1,0
3406399F0,H-06-02-L2,H,6,2,0,100
3407354F0,A-03-01-L7,A,3,7,1,0
3407450T0,H-09-02-L6,H,9,6,1,0
3407699F0,I-08-01-L3,I,8,3,1,0
3407700F0,I-08-02-L3,I,8,3,1,0
3407819F0,J-01-02-L3,J,1,3,1,4
3407837F0,B-10-01-L0,B,10,0,0,56
3407838F0,B-10-01-L1,B,10,1,0,56
3407839F0,B-10-01-L2,B,10,2,0,56
3408476T0-1,C-07-01-L8,C,7,8,1,0
3408479T0-1,E-07-01-L3,E,7,3,1,0
3408547T0-1,I-11-02-L7,I,11,7,1,0
3408548T0-1,E-07-02-L3,E,7,3,1,0
3408863F0,J-16-02-L6,J,16,6,1,0
3408948F0,H-08-02-L7,H,8,7,1,0
3408949F0,H-08-01-L7,H,8,7,1,0
3408950F0,C-04-03-L8,C,4,8,1,0
3408953F0,D-04-01-L6,D,4,6,1,0
3408972F0,D-08-02-L6,D,8,6,1,0
3408986F0,D-11-01-L6,D,11,6,1,0
3409073F0,G-03-01-L6,G,3,6,1,2
3409117F0,J-08-01-L7,J,8,7,1,1
3409198F0,C-04-03-L0,C,4,0,0,42
3409199F0,F-10-03-L2,F,10,2,0,12
35190062,C-07-03-L6,C,7,6,1,0
35190063,F-07-01-L6,F,7,6,1,0
35190280,E-07-03-L3,E,7,3,1,0
35190321,J-17-02-L7,J,17,7,1,0
35190322,B-01-01-L8,B,1,8,1,0
35190365,F-09-03-L8,F,9,8,1,0
35190504,A-07-02-L6,A,7,6,1,0
35190523,D-12-01-L0,D,12,0,0,6
35190598,U-08-03-L6,U,8,6,1,0
35190599,B-08-01-L5,B,8,5,1,0
35190932,A-05-03-L5,A,5,5,1,0
35190939,A-12-03-L8,A,12,8,1,0
35190940,F-06-01-L4,F,6,4,1,0
35190964,I-08-01-L4,I,8,4,1,0
3630000,B-02-02-L6,B,2,6,1,0
3720088,B-01-01-L7,B,1,7,1,0
3727779,D-01-01-L7,D,1,7,1,1
3727786,C-03-03-L8,C,3,8,1,0
3727801,J-11-02-L5,J,11,5,1,0
3727810,J-11-01-L5,J,11,5,1,0
3727846,C-06-01-L6,C,6,6,1,0
3727869,U-04-02-L5,U,4,5,1,0
3727875,J-17-01-L5,J,17,5,1,0
3727876,C-07-01-L6,C,7,6,1,0
3727877,U-05-01-L5,U,5,5,1,0
3727881,C-06-02-L6,C,6,6,1,0
3727891,H-09-01-L5,H,9,5,1,0
3728010,H-11-01-L5,H,11,5,1,0
3729559,J-16-02-L5,J,16,5,1,0
3730092J,C-04-02-L2,C,4,2,0,42
3730092L,G-08-03-L2,G,8,2,0,21
3730092M,E-10-03-L6,E,10,6,1,0
3730092N,J-08-02-L4,J,8,4,1,1
3730092P,G-09-01-L6,G,9,6,1,0
3730161C,A-10-02-L6,A,10,6,1,0
3730353B,G-03-01-L7,G,3,7,1,2
3730404,U-08-03-L5,U,8,5,1,0
3730504,B-01-02-L8,B,1,8,1,0
3730555A,H-04-01-L4,H,4,4,1,2
3730555B,C-06-03-L6,C,6,6,1,0
3730712,H-07-02-L2,H,7,2,0,74
3735507,C-05-02-L6,C,5,6,1,0
3735524,J-06-02-L1,J,6,1,0,203
3735525,U-07-01-L6,U,7,6,1,0
3735528,C-05-03-L6,C,5,6,1,0
3735555,C-06-03-L7,C,6,7,1,0
3735555SN,H-03-02-L4,H,3,4,1,3
3735561SN,I-02-03-L5,I,2,5,1,4
3735578,J-06-03-L3,J,6,3,1,2
3735603,E-03-02-L1,E,3,1,0,81
3735762,G-12-02-L0,G,12,0,0,11
3735766,U-07-02-L6,U,7,6,1,0
3735853,D-11-01-L7,D,11,7,1,0
3736001,D-07-02-L7,D,7,7,1,0
3736002,D-07-03-L7,D,7,7,1,0
3736006,E-07-01-L6,E,7,6,1,0
3736344,B-11-02-L5,B,11,5,1,0
3736354,C-09-02-L0,C,9,0,0,36
3736450,J-08-02-L6,J,8,6,1,1
3736450SN,D-01-01-L8,D,1,8,1,1
3736502,G-12-01-L3,G,12,3,1,0
3736522,F-08-03-L3,F,8,3,1,0
3736525,G-04-02-L3,G,4,3,1,1
3736526,D-11-01-L8,D,11,8,1,0
3736825,G-07-02-L7,G,7,7,1,0
3816992N0,E-06-03-L8,E,6,8,1,0
3930818AG,H-04-02-L5,H,4,5,1,2
3931256S07,E-11-02-L1,E,11,1,0,7
3931273,D-10-02-L2,D,10,2,0,7
3931275,A-07-01-L1,A,7,1,0,7
3931467S07,I-02-02-L6,I,2,6,1,4
3931519,A-07-01-L2,A,7,2,0,7
3932230,G-05-03-L4,G,5,4,1,1
4690212,C-03-03-L1,C,3,1,0,43
4690416,C-03-03-L2,C,3,2,0,43
4690488,C-04-01-L0,C,4,0,0,43
4690492,C-04-01-L1,C,4,1,0,43
4690494,C-04-01-L2,C,4,2,0,43
4690516,C-04-02-L0,C,4,0,0,43
47078,A-02-01-L4,A,2,4,1,0
5009001,D-05-01-L7,D,5,7,1,0
51000029A,B-01-02-L7,B,1,7,1,0
51000029BCD,G-04-02-L5,G,4,5,1,1
51000029BCE,G-03-01-L8,G,3,8,1,2
51000107E,F-06-02-L4,F,6,4,1,0
51000107F,F-06-01-L5,F,6,5,1,0
51000426,E-04-01-L0,E,4,0,0,32
51000504,D-02-03-L0,D,2,0,0,72
51000505,J-10-01-L0,J,10,0,0,70
51000596,G-02-02-L8,G,2,8,1,2
51000602,H-02-01-L5,H,2,5,1,4
51000619,A-03-02-L7,A,3,7,1,0
51000623,G-08-02-L7,G,8,7,1,0
51000646,H-11-02-L1,H,11,1,0,16
51000683,F-12-01-L0,F,12,0,0,7
51000689,E-11-02-L0,E,11,0,0,7
51000691-21S07,G-11-01-L8,G,11,8,1,0
51000691-22S07,C-04-01-L8,C,4,8,1,0
51000691S07,G-05-01-L2,G,5,2,0,87
51000692,F-08-01-L4,F,8,4,1,0
51000703,C-05-03-L2,C,5,2,0,40
5100070301,H-05-03-L3,H,5,3,1,2
51000704,C-06-01-L0,C,6,0,0,40
51000736,B-06-01-L1,B,6,1,0,62
51000753,C-04-03-L2,C,4,2,0,42
51000782,G-03-02-L3,G,3,3,1,2
51000810,H-09-03-L7,H,9,7,1,0
51000821,H-03-02-L5,H,3,5,1,3
51000824,G-05-03-L5,G,5,5,1,1
51000861,J-06-01-L6,J,6,6,1,2
51000862,E-06-01-L7,E,6,7,1,0
51000862SN,F-02-03-L8,F,2,8,1,2
51000961,G-03-02-L4,G,3,4,1,2
5100096101,H-05-03-L4,H,5,4,1,2
51000975,C-10-02-L7,C,10,7,1,0
51000987SN,H-03-02-L6,H,3,6,1,3
51002502U33,U-08-02-L2,U,8,2,0,6
51004136U48,U-03-02-L3,U,3,3,1,0
51004137U41,H-05-03-L5,H,5,5,1,2
51004391U4,G-02-02-L3,G,2,3,1,2
51004391U8,J-04-02-L4,J,4,4,1,3
51004743UA,B-11-03-L5,B,11,5,1,0
51004743UE,B-12-01-L3,B,12,3,1,0
51006522M0,A-06-01-L1,A,6,1,0,8
51007512U13,H-05-03-L6,H,5,6,1,2
51108708M0,E-01-03-L2,E,1,2,0,157
51164028F0,H-01-01-L1,H,1,1,0,463
51164031F0,B-03-03-L3,B,3,3,1,0
51164072F0,F-06-01-L7,F,6,7,1,0
51164089F0,H-08-01-L2,H,8,2,0,30
51164090F0,J-04-02-L0,J,4,0,0,317
51164098F0,J-02-01-L0,J,2,0,0,509
51164108F0,B-01-03-L1,B,1,1,0,69
51164109F0,J-01-02-L0,J,1,0,0,440
51164181F0,G-01-02-L1,G,1,1,0,287
51164195F0,C-02-03-L2,C,2,2,0,45
51164196F0,G-09-03-L2,G,9,2,0,18
51164272F0,B-12-03-L8,B,12,8,1,0
51164273F0,G-06-01-L8,G,6,8,1,0
51164286F0,U-13-01-L6,U,13,6,1,0
51164287F0,A-10-03-L8,A,10,8,1,0
51164289F0,G-04-03-L0,G,4,0,0,119
51164302F0,B-03-01-L5,B,3,5,1,0
51164302F0_SISMIC,A-05-01-L8,A,5,8,1,0
51164306F0,G-06-03-L8,G,6,8,1,0
51164333F0,B-05-03-L7,B,5,7,1,0
51164336F0,C-12-02-L3,C,12,3,1,0
51164365FC,I-09-01-L4,I,9,4,1,0
51164407F0,E-02-01-L1,E,2,1,0,110
51164417F0,I-06-01-L0,I,6,0,0,116
51164478F0,H-09-02-L7,H,9,7,1,0
51164483F0,I-01-03-L1,I,1,1,0,517
51164495F0,B-01-02-L3,B,1,3,1,0
51164500F0,H-07-01-L1,H,7,1,0,76
51164507F0,D-04-01-L0,D,4,0,0,25
51164508F0,E-01-01-L2,E,1,2,0,160
51164543F0,H-04-02-L1,H,4,1,0,185
51164559F0,C-10-02-L3,C,10,3,1,0
51189523F0,F-11-02-L8,F,11,8,1,0
51189527F0,G-10-02-L3,G,10,3,1,0
51189790F0,C-10-01-L4,C,10,4,1,0
51189792F0,C-10-02-L4,C,10,4,1,0
51189885F0,A-02-02-L4,A,2,4,1,0
51189972F0,A-09-01-L8,A,9,8,1,0
51189973F0,B-01-03-L3,B,1,3,1,0
51189975F0,J-14-01-L7,J,14,7,1,0
51189977F0,J-14-02-L7,J,14,7,1,0
51229055F0,H-01-01-L2,H,1,2,0,463
51229171F0,A-04-01-L2,A,4,2,0,14
51229172F0,I-11-02-L1,I,11,1,0,14
51229315F0,C-03-02-L4,C,3,4,1,0
51229316F0,B-12-02-L3,B,12,3,1,0
51229321F0,G-06-02-L8,G,6,8,1,0
51229323F0,A-12-03-L6,A,12,6,1,0
51229333F0,B-12-03-L5,B,12,5,1,0
51229343F0,G-10-03-L3,G,10,3,1,0
51229357F0,U-12-01-L6,U,12,6,1,0
51229362F0,I-08-02-L4,I,8,4,1,0
51229363F0,U-12-02-L6,U,12,6,1,0
51229368F0,A-11-01-L8,A,11,8,1,0
51229369F0,A-11-02-L8,A,11,8,1,0
51229371FB,G-12-02-L3,G,12,3,1,0
51235002F0,I-07-01-L1,I,7,1,0,79
51235003F0,C-02-02-L2,C,2,2,0,46
51235004F0,D-01-01-L2,D,1,2,0,99
51235005F1,G-09-03-L0,G,9,0,0,18
51235006F1,G-09-03-L1,G,9,1,0,18
51235014F0,U-14-02-L6,U,14,6,1,0
51235027F0,E-07-03-L0,E,7,0,0,17
51235028F0,J-10-02-L0,J,10,0,0,70
51235029F0,D-03-03-L2,D,3,2,0,28
51235030F0,H-06-03-L2,H,6,2,0,100
51235034F0,B-04-03-L2,B,4,2,0,65
51235035F0,D-01-03-L2,D,1,2,0,94
51235042F0,G-01-01-L1,G,1,1,0,295
51235047F0,B-04-03-L0,B,4,0,0,65
51235048F0,C-02-02-L1,C,2,1,0,46
51235066F0,B-03-02-L7,B,3,7,1,0
51235067F0,E-11-01-L6,E,11,6,1,0
51235068F0,F-08-03-L7,F,8,7,1,0
51235072F0,I-03-02-L0,I,3,0,0,306
51235073F0,B-03-03-L1,B,3,1,0,66
51235076F0,D-04-01-L2,D,4,2,0,25
51235077F0,F-05-01-L2,F,5,2,0,71
51235078F0,B-04-03-L1,B,4,1,0,65
51235079F0,A-10-03-L6,A,10,6,1,0
51235082F0,H-06-01-L2,H,6,2,0,101
51235083F0,G-01-01-L0,G,1,0,0,295
51235084F0,C-09-01-L0,C,9,0,0,37
51235085F0,G-06-03-L0,G,6,0,0,51
51235087F0,F-06-01-L2,F,6,2,0,28
51235093F0,G-05-03-L6,G,5,6,1,1
51235094F0,U-03-01-L4,U,3,4,1,0
51235197F0,H-02-03-L6,H,2,6,1,3
51235199F0,H-01-01-L0,H,1,0,0,466
51235207F0,I-11-03-L6,I,11,6,1,0
51235211F0,U-10-02-L1,U,10,1,0,6
51235217F0,H-06-01-L0,H,6,0,0,102
51235218F0,C-01-02-L0,C,1,0,0,49
51235219F0,C-01-01-L2,C,1,2,0,49
51235220F0,C-01-01-L1,C,1,1,0,49
51235221F0,B-12-01-L1,B,12,1,0,53
51235222F0,B-12-01-L2,B,12,2,0,53
51235223F0,B-08-03-L0,B,8,0,0,58
51235224F0,C-02-02-L0,C,2,0,0,46
51235225F0,C-10-02-L2,C,10,2,0,34
51235226F0,C-11-02-L0,C,11,0,0,34
51235229F0,J-07-02-L5,J,7,5,1,2
51235238F0,E-10-03-L1,E,10,1,0,8
51235254F0,C-10-02-L8,C,10,8,1,0
51235255F0,C-11-01-L8,C,11,8,1,0
51235256F0,C-11-02-L8,C,11,8,1,0
51235257F0,C-12-01-L8,C,12,8,1,0
51235258F0,B-11-03-L3,B,11,3,1,0
51235259F0,U-03-02-L4,U,3,4,1,0
51235260F0,F-06-02-L5,F,6,5,1,0
51235262F0,B-06-02-L3,B,6,3,1,0
51235263F0,B-05-02-L4,B,5,4,1,0
51235265F0,B-08-02-L3,B,8,3,1,0
51235271F0,H-01-02-L1,H,1,1,0,459
51235272F0,H-01-02-L0,H,1,0,0,462
51235463F0S07,H-05-03-L7,H,5,7,1,2
51235464F0S07,F-03-01-L3,F,3,3,1,2
51235465F0S07,F-03-01-L4,F,3,4,1,2
51235466F0S07,F-03-01-L5,F,3,5,1,2
51235467F0,B-01-02-L0,B,1,0,0,69
51235469F0,C-10-01-L2,C,10,2,0,35
51235469F0S07,F-03-01-L6,F,3,6,1,2
51235470F0S07,F-03-01-L7,F,3,7,1,2
51235489F0,A-03-03-L7,A,3,7,1,0
51235489F0-K,B-06-01-L0,B,6,0,0,62
51235561F0,J-08-02-L5,J,8,5,1,1
51235563F0,C-08-01-L7,C,8,7,1,0
51235567F0,H-03-02-L1,H,3,1,0,271
51235571F0,B-08-03-L1,B,8,1,0,58
51235575F0,J-09-01-L2,J,9,2,0,90
51235579F0,E-04-01-L8,E,4,8,1,0
51235585F0-K,G-06-01-L2,G,6,2,0,51
51235631F0,J-07-01-L1,J,7,1,0,176
51235632F0,F-01-01-L2,F,1,2,0,250
51235644F1,A-05-02-L8,A,5,8,1,0
51235644F1-K,A-03-03-L0,A,3,0,0,17
51235645F1,A-05-03-L8,A,5,8,1,0
51235645F1-K,A-03-03-L1,A,3,1,0,17
51235661F0,G-01-01-L3,G,1,3,1,3
51235662F0,G-01-01-L4,G,1,4,1,3
51235668F0,C-05-01-L8,C,5,8,1,0
51235669F0,E-07-01-L4,E,7,4,1,0
51235670F0,F-08-02-L4,F,8,4,1,0
51235679F0,C-08-02-L7,C,8,7,1,0
51235682F0,I-03-02-L2,I,3,2,0,300
51235684F0,I-03-02-L1,I,3,1,0,300
51235685F0,B-03-02-L2,B,3,2,0,66
51235687F0,B-03-02-L1,B,3,1,0,66
51235740F0,B-12-01-L8,B,12,8,1,0
51235759F0,A-09-03-L0,A,9,0,0,7
51235759F0-K,F-01-02-L6,F,1,6,1,3
51235762F0,D-09-03-L7,D,9,7,1,0
51235769F0-K,C-12-01-L1,C,12,1,0,34
51235771F0,D-03-03-L1,D,3,1,0,28
51235772F0-K,E-09-03-L0,E,9,0,0,10
51235773F0,C-02-03-L0,C,2,0,0,45
51235773F0S07,G-03-02-L5,G,3,5,1,2
51235822F0-K,D-01-02-L0,D,1,0,0,98
51235823F0-K,G-05-01-L0,G,5,0,0,87
51235844F0-K,H-03-02-L7,H,3,7,1,3
51235867F0,H-10-03-L1,H,10,1,0,19
51235868F0,F-03-01-L8,F,3,8,1,2
51235869F0,E-09-01-L2,E,9,2,0,10
51235873F0,C-10-02-L0,C,10,0,0,34
51235874F0,H-05-01-L1,H,5,1,0,157
51235902F0,D-08-01-L2,D,8,2,0,9
51235903F0,F-06-01-L1,F,6,1,0,28
51235945F0,H-08-01-L1,H,8,1,0,30
51235946F0-K,I-08-01-L0,I,8,0,0,31
51235979F0,E-10-01-L3,E,10,3,1,0
51236020F0,G-06-02-L4,G,6,4,1,0
51236020F0-G,U-12-01-L2,U,12,2,0,5
51236021F0,G-06-03-L4,G,6,4,1,0
51236021F0-G,U-12-02-L0,U,12,0,0,5
51236022F0,G-06-01-L5,G,6,5,1,0
51236022F0-G,U-08-03-L1,U,8,1,0,6
51236027F0,C-10-02-L1,C,10,1,0,34
51236085F0,J-03-03-L3,J,3,3,1,4
51236118F0,J-01-02-L6,J,1,6,1,4
51236121F0,J-01-02-L7,J,1,7,1,4
51236124F0,E-11-02-L2,E,11,2,0,7
51236125F0,E-11-03-L0,E,11,0,0,7
51236142F0,J-01-03-L3,J,1,3,1,4
51236143F0,J-01-03-L4,J,1,4,1,4
51236146F0,E-09-01-L0,E,9,0,0,10
51236157F0,A-10-02-L8,A,10,8,1,0
51236179F0,G-03-03-L2,G,3,2,0,163
51236180F0,H-03-02-L0,H,3,0,0,276
51236202F0,I-01-02-L4,I,1,4,1,5
51236205F0,J-05-02-L3,J,5,3,1,3
51236221T0,J-01-03-L5,J,1,5,1,4
51236329F0,J-02-03-L2,J,2,2,0,470
51236335F0,C-08-03-L0,C,8,0,0,37
51236453F0,B-10-02-L1,B,10,1,0,56
51236533F0,G-05-03-L7,G,5,7,1,1
51236548F0,A-08-02-L7,A,8,7,1,0
51236548F0-K,B-06-01-L2,B,6,2,0,62
51236549F0,A-02-03-L8,A,2,8,1,0
51236549F0-K,B-06-03-L0,B,6,0,0,62
51236561F0,J-11-01-L3,J,11,3,1,0
51236662F0,J-04-02-L5,J,4,5,1,3
51236667F0,J-04-02-L6,J,4,6,1,3
51236679F0,G-01-01-L5,G,1,5,1,3
51236690F0,G-01-01-L6,G,1,6,1,3
51236770F0,E-05-02-L4,E,5,4,1,0
51236771F0,E-05-03-L4,E,5,4,1,0
51236772F0,G-06-02-L5,G,6,5,1,0
51236795F0,G-01-01-L7,G,1,7,1,3
51236815F0,G-12-03-L3,G,12,3,1,0
51236843F0R14,U-12-01-L0,U,12,0,0,5
51236844F0R14,J-03-01-L3,J,3,3,1,5
51236845F0R14,A-09-02-L1,A,9,1,0,7
51236849F0,D-09-02-L1,D,9,1,0,7
51236867F0,J-01-01-L6,J,1,6,1,4
51236978F0,G-11-02-L6,G,11,6,1,0
51236992F0,E-08-03-L3,E,8,3,1,0
51237011F0,U-02-02-L5,U,2,5,1,0
51237088F0,U-11-01-L1,U,11,1,0,6
51237092F0,U-02-02-L2,U,2,2,0,9
51237110F0,E-05-01-L5,E,5,5,1,0
51237111F0,E-05-02-L5,E,5,5,1,0
51237112F0,E-05-03-L5,E,5,5,1,0
51237185F0,G-05-03-L8,G,5,8,1,1
51237186F0,E-03-01-L3,E,3,3,1,1
51237262F0,J-01-03-L1,J,1,1,0,411
51237264F0,U-02-02-L0,U,2,0,0,9
51237268F0,G-03-02-L6,G,3,6,1,2
51237279F0,D-02-03-L8,D,2,8,1,0
51237280F0,B-02-03-L8,B,2,8,1,0
51237282F0,B-09-02-L8,B,9,8,1,0
51237289F0,I-11-03-L7,I,11,7,1,0
51237290F0,H-11-01-L7,H,11,7,1,0
51237368F0,H-02-02-L2,H,2,2,0,360
51237369F0,B-06-03-L2,B,6,2,0,62
51237370F0,H-06-02-L0,H,6,0,0,101
51237371F0,D-03-02-L0,D,3,0,0,29
51237372F0,U-07-01-L1,U,7,1,0,7
51237373F0,G-12-01-L0,G,12,0,0,11
51237374F0,D-03-02-L1,D,3,1,0,29
51237375F0,U-07-01-L2,U,7,2,0,7
51237376F0,A-05-03-L2,A,5,2,0,11
51237392FA,C-05-01-L0,C,5,0,0,42
51237426F0AD,C-05-02-L8,C,5,8,1,0
51237427F0AD,C-10-01-L5,C,10,5,1,0
51237527F0,H-11-02-L7,H,11,7,1,0
51237553F0,G-03-02-L7,G,3,7,1,2
51237605F0,U-12-02-L1,U,12,1,0,5
51237608F0,U-14-02-L2,U,14,2,0,5
51237611F0,I-01-01-L3,I,1,3,1,5
51237614F0,I-01-01-L4,I,1,4,1,5
51254778A,E-02-01-L8,E,2,8,1,1
51254778B,C-07-03-L2,C,7,2,0,39
51254779A,E-02-02-L3,E,2,3,1,1
51254779B,C-08-01-L0,C,8,0,0,39
51254780A,I-06-02-L6,I,6,6,1,1
51254780B,C-07-03-L1,C,7,1,0,39
51254783A,E-03-01-L4,E,3,4,1,1
51254783B,F-04-03-L8,F,4,8,1,1
51254786A,J-09-01-L3,J,9,3,1,1
51254786B,H-06-03-L5,H,6,5,1,1
51254786C,J-09-01-L4,J,9,4,1,1
51255561,B-06-03-L7,B,6,7,1,0
51255589,J-06-01-L4,J,6,4,1,2
51256215C,E-08-01-L4,E,8,4,1,0
51256252SN,H-04-02-L6,H,4,6,1,2
51256257,D-01-02-L3,D,1,3,1,1
51256258,D-01-02-L4,D,1,4,1,1
51256260,A-07-02-L0,A,7,0,0,7
51256262,A-06-03-L0,A,6,0,0,8
5125626501,F-03-02-L3,F,3,3,1,2
51256273,C-01-02-L2,C,1,2,0,48
51256308,B-07-01-L2,B,7,2,0,61
51256341,E-03-01-L5,E,3,5,1,1
51256342,J-09-01-L5,J,9,5,1,1
51256343,A-07-02-L1,A,7,1,0,7
51256344,A-07-02-L2,A,7,2,0,7
51256347,J-03-02-L6,J,3,6,1,4
51256350,H-04-02-L7,H,4,7,1,2
51256487-05,B-02-02-L1,B,2,1,0,68
51256515,D-09-01-L7,D,9,7,1,0
51256520,H-11-03-L1,H,11,1,0,16
51256522,A-09-02-L2,A,9,2,0,7
51256526,E-04-01-L2,E,4,2,0,32
51256528SN,G-03-02-L8,G,3,8,1,2
51256532,I-06-02-L1,I,6,1,0,114
51256542S07,B-02-03-L4,B,2,4,1,0
51256592,G-03-03-L3,G,3,3,1,2
51256623,A-10-02-L7,A,10,7,1,0
51256642SN,H-04-03-L3,H,4,3,1,2
51256643SN,H-04-03-L4,H,4,4,1,2
51256645,B-05-01-L1,B,5,1,0,64
51256694S07,F-11-01-L6,F,11,6,1,0
51256694_ADPTS07,G-12-01-L4,G,12,4,1,0
51256695S07,D-06-02-L7,D,6,7,1,0
51256696S07,D-06-03-L7,D,6,7,1,0
51256699S07,G-12-02-L4,G,12,4,1,0
51256702S07,A-02-02-L7,A,2,7,1,0
51256703S07,A-02-01-L7,A,2,7,1,0
51256882,B-07-02-L1,B,7,1,0,59
51256887,E-03-01-L6,E,3,6,1,1
51256898,E-02-02-L7,E,2,7,1,1
51256974,J-06-03-L7,J,6,7,1,2
51256975,C-03-01-L8,C,3,8,1,0
51256976,B-07-03-L3,B,7,3,1,0
51257009,J-18-01-L6,J,18,6,1,0
51257012,A-09-03-L7,A,9,7,1,0
51257013,F-08-03-L4,F,8,4,1,0
51257020,E-10-02-L1,E,10,1,0,8
51257021,J-01-02-L4,J,1,4,1,4
51257038,J-02-02-L7,J,2,7,1,5
51257039,J-02-03-L3,J,2,3,1,5
51257064B,E-08-02-L4,E,8,4,1,0
51257090,E-03-01-L7,E,3,7,1,1
51257091S07,F-11-03-L0,F,11,0,0,9
51257092S07,E-09-02-L2,E,9,2,0,10
51257095,E-03-01-L8,E,3,8,1,1
51257123SN,G-03-03-L4,G,3,4,1,2
51257131AG,G-02-03-L3,G,2,3,1,2
51257137,G-04-02-L1,G,4,1,0,121
51257138,J-08-03-L1,J,8,1,0,126
51257144,J-08-03-L3,J,8,3,1,1
51257144SN,G-03-03-L5,G,3,5,1,2
51257160,C-09-02-L7,C,9,7,1,0
51257165,I-07-02-L2,I,7,2,0,77
51257172,E-06-01-L2,E,6,2,0,20
51257180,D-02-02-L2,D,2,2,0,72
51257182,A-06-02-L0,A,6,0,0,8
51257196SN,G-03-03-L6,G,3,6,1,2
51257200,F-11-03-L2,F,11,2,0,9
51257201,U-02-01-L0,U,2,0,0,9
51257202,E-10-02-L2,E,10,2,0,8
51257210,E-02-03-L0,E,2,0,0,103
51257212SN,H-04-03-L5,H,4,5,1,2
51257249,B-01-03-L0,B,1,0,0,69
51257250,J-10-01-L1,J,10,1,0,70
51257257,E-03-02-L3,E,3,3,1,1
51257287,I-01-02-L0,I,1,0,0,552
51257289,J-08-02-L2,J,8,2,0,131
51257430,J-18-02-L6,J,18,6,1,0
51257437,B-03-01-L7,B,3,7,1,0
51257455,D-08-02-L1,D,8,1,0,9
51257456,A-06-01-L2,A,6,2,0,8
51257457,G-02-02-L0,G,2,0,0,194
51257460SN,G-03-03-L7,G,3,7,1,2
51257472,G-10-02-L1,G,10,1,0,15
51257476,C-09-01-L4,C,9,4,1,0
51257477,C-09-02-L4,C,9,4,1,0
51257490,J-11-02-L1,J,11,1,0,27
51257692,H-11-03-L7,H,11,7,1,0
51257692A,I-06-02-L2,I,6,2,0,114
51257692B,G-12-01-L2,G,12,2,0,11
51257736,D-01-02-L5,D,1,5,1,1
51257738,E-02-01-L4,E,2,4,1,1
51257792,C-10-02-L6,C,10,6,1,0
51257794,J-11-01-L6,J,11,6,1,0
51257813,E-05-01-L7,E,5,7,1,0
51257823,E-08-02-L6,E,8,6,1,0
51257942,J-08-02-L7,J,8,7,1,1
51257942SN,G-01-01-L8,G,1,8,1,3
51257952,U-11-02-L1,U,11,1,0,5
51257952A,C-04-03-L6,C,4,6,1,0
51257999,G-11-02-L8,G,11,8,1,0
51300141FA,J-09-01-L6,J,9,6,1,1
51300160F0,G-10-01-L4,G,10,4,1,0
51300168F0,E-10-02-L3,E,10,3,1,0
51300180F0,E-10-03-L3,E,10,3,1,0
51300184F0,E-10-01-L4,E,10,4,1,0
51300229F0,E-10-02-L4,E,10,4,1,0
51300307F0,J-15-01-L7,J,15,7,1,0
51300312F0,A-03-03-L8,A,3,8,1,0
51300317F0,A-07-03-L6,A,7,6,1,0
51300318F0,E-06-02-L8,E,6,8,1,0
51300319F0,G-10-01-L8,G,10,8,1,0
51300324FA,F-12-03-L6,F,12,6,1,0
51300427F0,U-08-02-L5,U,8,5,1,0
51300503F0,E-11-02-L7,E,11,7,1,0
51300528F0,G-06-03-L6,G,6,6,1,0
51300574F0,B-06-03-L3,B,6,3,1,0
51300576F0,D-05-01-L8,D,5,8,1,0
51300594F0,H-08-01-L3,H,8,3,1,0
51300596F0,C-12-01-L4,C,12,4,1,0
51300598F0,H-08-02-L3,H,8,3,1,0
51300971F0,F-11-02-L7,F,11,7,1,0
51301170FA,A-07-01-L6,A,7,6,1,0
51301171FA,D-03-02-L7,D,3,7,1,0
51301173FA,J-17-01-L7,J,17,7,1,0
51305792F0,C-07-01-L2,C,7,2,0,39
51305959F0,G-02-01-L7,G,2,7,1,2
51305968F0,C-08-03-L8,C,8,8,1,0
51307402F0,G-06-01-L3,G,6,3,1,0
51307403F0,H-08-03-L3,H,8,3,1,0
51307601FA,J-15-02-L7,J,15,7,1,0
51307757FA,I-04-01-L5,I,4,5,1,2
51307819F0,C-12-02-L4,C,12,4,1,0
51310546F0,B-01-03-L2,B,1,2,0,69
51310557F0R07,F-07-01-L7,F,7,7,1,0
51310557F0R11,E-08-03-L4,E,8,4,1,0
51310557F0R13,E-07-02-L4,E,7,4,1,0
51310557F0R14,C-10-02-L5,C,10,5,1,0
51310558F0R07,B-03-01-L4,B,3,4,1,0
51310558F0R14,G-12-03-L4,G,12,4,1,0
51310590F0,J-01-01-L2,J,1,2,0,446
51310591F0,B-10-02-L0,B,10,0,0,56
51310599F0,A-02-02-L2,A,2,2,0,20
51310623F0,I-06-02-L0,I,6,0,0,114
51310655F0,J-02-02-L2,J,2,2,0,496
51310657F0,C-06-01-L2,C,6,2,0,40
51310659F0,E-11-03-L6,E,11,6,1,0
51310660F0,C-08-03-L7,C,8,7,1,0
51310662F0,B-08-02-L2,B,8,2,0,58
51310663F0,C-05-02-L0,C,5,0,0,42
51310664F0,J-17-02-L1,J,17,1,0,17
51310666F0,C-05-02-L1,C,5,1,0,42
51310667F0,J-17-02-L2,J,17,2,0,17
51310669F0,I-01-02-L5,I,1,5,1,5
51310670F0,U-13-01-L1,U,13,1,0,5
51310671F0AG,J-01-03-L6,J,1,6,1,4
51310671F0SN,I-05-01-L2,I,5,2,0,161
51310673F0,I-01-03-L2,I,1,2,0,509
51310678F0,H-01-03-L1,H,1,1,0,451
51310682F0,A-02-02-L1,A,2,1,0,21
51310685F0,G-01-02-L2,G,1,2,0,287
51310686F0,G-01-03-L0,G,1,0,0,287
51310692F0,E-05-02-L7,E,5,7,1,0
51310693F0,D-03-03-L7,D,3,7,1,0
51310694F0,J-02-03-L0,J,2,0,0,496
51310697F0,H-03-03-L0,H,3,0,0,255
51310698F0,C-11-02-L2,C,11,2,0,34
51310700F0,B-02-01-L0,B,2,0,0,69
51310704F0R07,G-06-02-L2,G,6,2,0,51
51310710F0,E-02-02-L0,E,2,0,0,109
51310713F0,C-12-02-L2,C,12,2,0,32
51310718F0,J-02-02-L0,J,2,0,0,501
51310724F0,B-07-01-L1,B,7,1,0,61
51310725F0,B-06-02-L0,B,6,0,0,62
51310791F0,I-01-03-L0,I,1,0,0,521
51310807F0,B-02-03-L0,B,2,0,0,68
51310808F0,H-03-03-L3,H,3,3,1,3
51310809T0SN,B-07-02-L2,B,7,2,0,59
51310811F0,B-10-03-L2,B,10,2,0,54
51310812F0,H-07-03-L2,H,7,2,0,73
51310813F0,D-02-02-L0,D,2,0,0,72
51310841F0,B-05-02-L1,B,5,1,0,63
51310854F0,I-01-01-L2,I,1,2,0,594
51310855F0,G-01-03-L1,G,1,1,0,287
51310856F0,F-05-02-L0,F,5,0,0,71
51310857F0,H-08-02-L0,H,8,0,0,30
51310857F0SN,B-07-03-L1,B,7,1,0,59
51310860FA,C-02-01-L2,C,2,2,0,46
51310860FD,D-09-03-L1,D,9,1,0,7
51310860FESN,H-10-03-L0,H,10,0,0,19
51310861FA,F-09-02-L2,F,9,2,0,16
51310861FD,J-09-01-L7,J,9,7,1,1
51310861FESN,D-07-02-L1,D,7,1,0,13
51310862FA,E-07-01-L1,E,7,1,0,17
51310862FD,J-09-02-L3,J,9,3,1,1
51310862FESN,J-15-02-L0,J,15,0,0,15
51310863FA,E-07-02-L0,E,7,0,0,17
51310863FD,J-09-02-L4,J,9,4,1,1
51310863FESN,J-15-02-L1,J,15,1,0,15
51310864FD,I-01-01-L5,I,1,5,1,5
51310865FA,A-12-01-L0,A,12,0,0,5
51310866FA,J-05-01-L3,J,5,3,1,3
51310866FFAG,E-03-02-L4,E,3,4,1,1
51310867FA,J-05-01-L4,J,5,4,1,3
51310867FFAG,E-03-02-L5,E,3,5,1,1
51310868FA,H-02-03-L7,H,2,7,1,3
51310868FFAG,E-03-02-L6,E,3,6,1,1
51310869FA,G-02-03-L4,G,2,4,1,2
51310879F0R07,I-09-02-L4,I,9,4,1,0
51310881F0,E-09-03-L6,E,9,6,1,0
51310882F0,A-09-02-L7,A,9,7,1,0
51310884F0,J-02-03-L1,J,2,1,0,489
51310894F0,J-03-01-L2,J,3,2,0,451
51310895F0,B-09-02-L0,B,9,0,0,57
51310896F0,I-03-01-L1,I,3,1,0,307
51310896F0AG,I-01-02-L6,I,1,6,1,5
51310896F0SN,H-04-03-L1,H,4,1,0,184
51310897F0,H-04-02-L2,H,4,2,0,185
51310898F0,E-08-02-L1,E,8,1,0,14
51310899F0,G-02-03-L1,G,2,1,0,187
51310900F0,E-06-02-L1,E,6,1,0,20
51310902F0,H-04-03-L0,H,4,0,0,185
51310903F0,H-10-01-L2,H,10,2,0,20
51310904F0,J-05-02-L1,J,5,1,0,344
51310905F0,C-07-01-L0,C,7,0,0,39
51310909F0,B-11-01-L1,B,11,1,0,53
51310913F0,J-03-02-L1,J,3,1,0,451
51310957F0,H-03-02-L2,H,3,2,0,266
51310957F0AG,I-01-02-L7,I,1,7,1,5
51310957F0SN,G-03-01-L1,G,3,1,0,168
51310964F0,C-11-01-L1,C,11,1,0,34
51310967F0,H-02-01-L0,H,2,0,0,398
51310973F0,G-02-02-L1,G,2,1,0,193
51310974F0,J-11-02-L2,J,11,2,0,27
51310975F0,J-03-03-L2,J,3,2,0,446
51310976F0,B-09-02-L1,B,9,1,0,56
51310979T0SN,F-11-01-L0,F,11,0,0,9
51310998F0SN,C-02-03-L1,C,2,1,0,45
51311010M0,H-04-03-L6,H,4,6,1,2
56132756,A-12-01-L6,A,12,6,1,0
56132761,C-11-01-L7,C,11,7,1,0
56132774,D-04-01-L7,D,4,7,1,0
56135320,H-08-03-L5,H,8,5,1,0
56135323,U-04-01-L6,U,4,6,1,0
56135331,H-09-03-L6,H,9,6,1,0
56135334,B-01-03-L7,B,1,7,1,0
56150012,U-05-02-L5,U,5,5,1,0
56270,G-02-01-L3,G,2,3,1,2
56900533,J-11-02-L3,J,11,3,1,0
56900701,D-07-02-L6,D,7,6,1,0
56900702,A-06-02-L6,A,6,6,1,0
56900860,C-11-02-L7,C,11,7,1,0
56900920,C-12-01-L7,C,12,7,1,0
56900923,I-10-01-L7,I,10,7,1,0
56901001,C-04-01-L6,C,4,6,1,0
56901004,U-13-02-L6,U,13,6,1,0
56901014,B-02-01-L6,B,2,6,1,0
56901053,D-10-03-L6,D,10,6,1,0
56920160,B-10-02-L7,B,10,7,1,0
56920300,U-06-02-L5,U,6,5,1,0
56920984,E-04-01-L6,E,4,6,1,0
56940010,G-12-01-L5,G,12,5,1,0
56940011,E-08-01-L5,E,8,5,1,0
56940013,E-08-02-L5,E,8,5,1,0
56950081,D-04-03-L7,D,4,7,1,0
56950264,G-12-03-L6,G,12,6,1,0
59704,F-11-01-L1,F,11,1,0,9
59705,H-01-03-L3,H,1,3,1,5
59836,E-03-02-L7,E,3,7,1,1
59927,G-01-02-L3,G,1,3,1,3
627125,E-07-02-L6,E,7,6,1,0
627150,F-10-03-L1,F,10,1,0,12
627250,E-12-02-L6,E,12,6,1,0
706500TA,A-08-02-L6,A,8,6,1,0
706501TA,U-05-01-L6,U,5,6,1,0
706902A,B-03-02-L4,B,3,4,1,0
707052,G-11-03-L6,G,11,6,1,0
707115A,G-04-01-L3,G,4,3,1,1
707864,D-06-01-L7,D,6,7,1,0
7236021,F-03-02-L4,F,3,4,1,2
7236259,G-10-03-L2,G,10,2,0,15
730307,I-11-02-L6,I,11,6,1,0
730454,J-14-01-L5,J,14,5,1,0
730666-08,C-09-01-L6,C,9,6,1,0
731754,E-07-03-L4,E,7,4,1,0
731885,J-15-02-L5,J,15,5,1,0
731886,A-12-02-L6,A,12,6,1,0
732236,U-01-02-L6,U,1,6,1,0
732480,G-08-03-L7,G,8,7,1,0
732531,H-10-01-L7,H,10,7,1,0
732538C,B-12-02-L8,B,12,8,1,0
732538ECD,C-09-01-L8,C,9,8,1,0
732733B,D-06-01-L8,D,6,8,1,0
732740,C-01-01-L6,C,1,6,1,0
732744X,B-01-02-L5,B,1,5,1,0
732775,C-02-01-L8,C,2,8,1,0
732847,B-06-02-L8,B,6,8,1,0
733065,H-08-02-L6,H,8,6,1,0
754771,B-08-01-L8,B,8,8,1,0
755435,I-11-02-L5,I,11,5,1,0
755484,E-07-01-L7,E,7,7,1,0
755542,E-06-01-L6,E,6,6,1,0
755815,A-04-01-L7,A,4,7,1,0
755847,H-08-01-L5,H,8,5,1,0
755847-08,I-08-02-L5,I,8,5,1,0
759090,B-06-03-L8,B,6,8,1,0
759713,G-11-03-L7,G,11,7,1,0
759964E,G-10-02-L4,G,10,4,1,0
7S3491104220,E-10-03-L4,E,10,4,1,0
8066698,A-02-03-L1,A,2,1,0,20
8132882,B-12-03-L3,B,12,3,1,0
839744AG,J-03-03-L6,J,3,6,1,4
854392AG,H-08-01-L4,H,8,4,1,0
855869AG,I-01-03-L3,I,1,3,1,5
855869SN,G-02-03-L2,G,2,2,0,185
85930602T0,B-06-01-L7,B,6,7,1,0
85930702T0,B-09-01-L7,B,9,7,1,0
85930802T0,B-05-02-L7,B,5,7,1,0
85930902T0,H-09-01-L3,H,9,3,1,0
85931002T0,H-09-02-L3,H,9,3,1,0
85931102T0,J-11-01-L4,J,11,4,1,0
859385T0,G-02-03-L5,G,2,5,1,2
859399,B-11-03-L1,B,11,1,0,53
859402,H-01-03-L2,H,1,2,0,451
859403,J-03-01-L0,J,3,0,0,451
859422,G-01-03-L2,G,1,2,0,285
859422AG,J-01-03-L7,J,1,7,1,4
859422SN,I-05-01-L1,I,5,1,0,162
859423,I-03-01-L2,I,3,2,0,306
859423SN,H-04-01-L1,H,4,1,0,185
859424SN,D-01-02-L2,D,1,2,0,95
859427,C-05-03-L1,C,5,1,0,41
859427SN,I-11-03-L0,I,11,0,0,14
859430,J-02-02-L1,J,2,1,0,497
859441,F-01-01-L0,F,1,0,0,253
859442,C-12-01-L0,C,12,0,0,34
859450,J-03-02-L2,J,3,2,0,448
859456,J-01-02-L1,J,1,1,0,427
859464,J-14-01-L0,J,14,0,0,15
859489,F-01-01-L1,F,1,1,0,253
859500,D-07-02-L2,D,7,2,0,13
859534,B-09-01-L2,B,9,2,0,57
859542,I-08-02-L2,I,8,2,0,30
859606T0,I-09-01-L2,I,9,2,0,24
859606T0SN,G-07-02-L2,G,7,2,0,26
859621,J-14-01-L1,J,14,1,0,15
859694,H-04-01-L0,H,4,0,0,185
859764,E-02-02-L1,E,2,1,0,107
87000,H-06-02-L1,H,6,1,0,101
87004R06,D-01-03-L0,D,1,0,0,95
87007,B-02-01-L1,B,2,1,0,69
87015,D-01-02-L1,D,1,1,0,97
87028,B-12-01-L4,B,12,4,1,0
87031,J-11-02-L0,J,11,0,0,28
87035,D-04-02-L2,D,4,2,0,25
87037,H-02-01-L6,H,2,6,1,4
87063,J-10-02-L2,J,10,2,0,70
87074R14,J-07-02-L6,J,7,6,1,2
87199,H-04-02-L3,H,4,3,1,2
87301,D-01-02-L6,D,1,6,1,1
87329,F-01-02-L7,F,1,7,1,3
87340,G-08-01-L2,G,8,2,0,23
87352,F-10-01-L2,F,10,2,0,13
87381,E-08-03-L5,E,8,5,1,0
875646,H-10-02-L5,H,10,5,1,0
877067,H-10-03-L5,H,10,5,1,0
87722,G-02-02-L2,G,2,2,0,193
87723,B-01-01-L0,B,1,0,0,70
87727,G-12-02-L5,G,12,5,1,0
877495,F-05-01-L3,F,5,3,1,0
877633,B-11-02-L6,B,11,6,1,0
877791,I-10-01-L5,I,10,5,1,0
87790,G-02-01-L2,G,2,2,0,196
877942F,G-02-01-L1,G,2,1,0,196
878297,B-04-01-L7,B,4,7,1,0
878386,U-02-01-L6,U,2,6,1,0
879090,I-10-02-L6,I,10,6,1,0
879091,B-08-02-L6,B,8,6,1,0
87995,H-08-03-L0,H,8,0,0,30
883677,I-09-02-L7,I,9,7,1,0
885228,A-09-01-L7,A,9,7,1,0
885249,A-10-01-L6,A,10,6,1,0
88600,E-06-03-L7,E,6,7,1,0
88601,B-08-02-L5,B,8,5,1,0
88616,A-03-01-L1,A,3,1,0,17
886598,B-11-03-L6,B,11,6,1,0
886606,G-06-01-L6,G,6,6,1,0
886637,J-14-02-L5,J,14,5,1,0
886657,G-12-02-L6,G,12,6,1,0
886661,G-12-03-L2,G,12,2,0,10
886661CD,J-13-01-L6,J,13,6,1,0
886662,J-06-02-L6,J,6,6,1,2
886662CD,A-03-03-L6,A,3,6,1,0
88670,C-12-01-L5,C,12,5,1,0
88690,J-06-01-L7,J,6,7,1,2
886917,B-01-03-L6,B,1,6,1,0
887160,U-07-02-L5,U,7,5,1,0
88725,C-03-03-L0,C,3,0,0,43
887951,B-05-03-L4,B,5,4,1,0
887954,E-11-03-L7,E,11,7,1,0
887956,D-04-02-L6,D,4,6,1,0
887959,D-08-01-L6,D,8,6,1,0
88796,E-05-02-L2,E,5,2,0,26
887962,G-09-03-L6,G,9,6,1,0
887985,D-10-01-L7,D,10,7,1,0
888036A,H-10-02-L7,H,10,7,1,0
888039,B-12-01-L6,B,12,6,1,0
888040,B-12-02-L6,B,12,6,1,0
888205,U-07-01-L5,U,7,5,1,0
888208,J-10-01-L5,J,10,5,1,0
888210,U-10-02-L5,U,10,5,1,0
888215,U-11-01-L5,U,11,5,1,0
888218,J-10-02-L5,J,10,5,1,0
888219,U-11-02-L5,U,11,5,1,0
888220,U-12-01-L5,U,12,5,1,0
888243,U-12-02-L5,U,12,5,1,0
888244,U-13-01-L5,U,13,5,1,0
888255,B-08-03-L5,B,8,5,1,0
888280,B-04-03-L6,B,4,6,1,0
888283,J-13-01-L5,J,13,5,1,0
888289,B-02-02-L8,B,2,8,1,0
888290,J-11-02-L6,J,11,6,1,0
888291,B-02-03-L5,B,2,5,1,0
888292,E-09-01-L8,E,9,8,1,0
888301,H-08-03-L6,H,8,6,1,0
888327,G-06-02-L6,G,6,6,1,0
888328,C-01-02-L6,C,1,6,1,0
888356,B-10-03-L6,B,10,6,1,0
888359,C-05-01-L6,C,5,6,1,0
888364,C-01-03-L6,C,1,6,1,0
888368,F-08-02-L6,F,8,6,1,0
888385,C-02-01-L6,C,2,6,1,0
888391,U-03-01-L5,U,3,5,1,0
888414,C-02-02-L6,C,2,6,1,0
888417,C-02-03-L6,C,2,6,1,0
888422,C-03-01-L6,C,3,6,1,0
888427,J-13-02-L5,J,13,5,1,0
888459,B-06-01-L6,B,6,6,1,0
888459SET,D-03-01-L6,D,3,6,1,0
888468,D-03-02-L6,D,3,6,1,0
888501,C-09-02-L8,C,9,8,1,0
888566,C-03-03-L4,C,3,4,1,0
888568,F-07-02-L6,F,7,6,1,0
888592,F-12-03-L8,F,12,8,1,0
888593,A-07-01-L8,A,7,8,1,0
888596,B-02-01-L5,B,2,5,1,0
888597,A-07-02-L8,A,7,8,1,0
888606,U-13-02-L5,U,13,5,1,0
888619,U-14-01-L5,U,14,5,1,0
888620,U-09-02-L5,U,9,5,1,0
888621,U-14-02-L5,U,14,5,1,0
888633,U-10-01-L5,U,10,5,1,0
888640,I-10-03-L5,I,10,5,1,0
888647,F-05-01-L6,F,5,6,1,0
888649,I-10-02-L5,I,10,5,1,0
888670,D-05-03-L6,D,5,6,1,0
888677,U-05-02-L6,U,5,6,1,0
888690,E-06-02-L6,E,6,6,1,0
888693,I-11-03-L5,I,11,5,1,0
888694,E-06-03-L6,E,6,6,1,0
888697,H-08-02-L5,H,8,5,1,0
888697-08,I-08-01-L5,I,8,5,1,0
888700,A-02-02-L6,A,2,6,1,0
888711,G-08-03-L6,G,8,6,1,0
888715,H-10-01-L6,H,10,6,1,0
888724,I-09-01-L5,I,9,5,1,0
888727,H-10-02-L6,H,10,6,1,0
888733,J-18-01-L5,J,18,5,1,0
888740,J-18-02-L5,J,18,5,1,0
888750,B-08-01-L6,B,8,6,1,0
888768,U-04-01-L5,U,4,5,1,0
888772,I-10-01-L6,I,10,6,1,0
888783,A-02-03-L6,A,2,6,1,0
888793,U-01-01-L5,U,1,5,1,0
888795,F-07-03-L6,F,7,6,1,0
88882,I-02-01-L3,I,2,3,1,4
88883,H-03-03-L4,H,3,4,1,3
888836,A-02-01-L6,A,2,6,1,0
888844,D-05-02-L8,D,5,8,1,0
888846,B-04-02-L5,B,4,5,1,0
888849,B-11-01-L6,B,11,6,1,0
888861,I-10-02-L7,I,10,7,1,0
888864,C-03-02-L6,C,3,6,1,0
888866,F-07-01-L8,F,7,8,1,0
888933,U-01-01-L6,U,1,6,1,0
888946BJ,A-09-02-L8,A,9,8,1,0
888946DJ,B-07-01-L8,B,7,8,1,0
888946GCD,B-07-03-L7,B,7,7,1,0
888946GMCD,B-02-01-L7,B,2,7,1,0
888946RQ,D-05-03-L8,D,5,8,1,0
888946RR,D-07-01-L7,D,7,7,1,0
888946STCD,B-04-01-L8,B,4,8,1,0
888968,A-08-01-L6,A,8,6,1,0
889004,F-10-01-L7,F,10,7,1,0
889005,F-10-02-L7,F,10,7,1,0
889007,F-10-03-L7,F,10,7,1,0
889008,J-18-01-L7,J,18,7,1,0
889010,C-07-01-L7,C,7,7,1,0
889012,J-18-02-L7,J,18,7,1,0
889017,A-05-01-L7,A,5,7,1,0
889021,D-05-02-L7,D,5,7,1,0
889027,A-08-03-L6,A,8,6,1,0
889036,C-09-01-L7,C,9,7,1,0
889042,E-07-02-L7,E,7,7,1,0
889050,A-05-02-L7,A,5,7,1,0
889063,D-09-03-L6,D,9,6,1,0
889082,B-06-01-L4,B,6,4,1,0
889087,A-02-03-L4,A,2,4,1,0
889089,A-02-01-L5,A,2,5,1,0
889096,G-10-03-L4,G,10,4,1,0
889098,A-02-02-L5,A,2,5,1,0
889100,A-02-03-L5,A,2,5,1,0
889101,E-06-01-L3,E,6,3,1,0
889103,B-05-02-L8,B,5,8,1,0
889104,C-06-01-L8,C,6,8,1,0
889107,B-06-02-L4,B,6,4,1,0
889123,E-09-02-L8,E,9,8,1,0
889130,B-05-01-L5,B,5,5,1,0
889131,B-05-02-L5,B,5,5,1,0
889144,E-06-02-L3,E,6,3,1,0
889158,E-06-03-L3,E,6,3,1,0
889159,G-10-01-L5,G,10,5,1,0
889160,G-10-02-L5,G,10,5,1,0
889161,H-09-03-L3,H,9,3,1,0
889162,E-06-01-L4,E,6,4,1,0
889168,F-09-01-L7,F,9,7,1,0
889176,E-06-02-L4,E,6,4,1,0
889177,E-06-03-L4,E,6,4,1,0
889183,E-06-01-L5,E,6,5,1,0
889184,E-06-02-L5,E,6,5,1,0
889185F0,F-10-01-L6,F,10,6,1,0
889186F0,D-12-01-L6,D,12,6,1,0
889188F0,G-12-01-L7,G,12,7,1,0
889191F0,D-06-02-L8,D,6,8,1,0
889214F0,G-12-03-L7,G,12,7,1,0
889221F0,B-07-02-L8,B,7,8,1,0
889224F0,U-09-02-L6,U,9,6,1,0
889290F0,G-08-02-L8,G,8,8,1,0
889291F0,E-09-03-L8,E,9,8,1,0
889309F0,C-08-03-L6,C,8,6,1,0
889312F0,A-11-01-L6,A,11,6,1,0
889316F0,J-13-02-L7,J,13,7,1,0
889317F0,E-09-01-L7,E,9,7,1,0
889337F0,F-06-02-L7,F,6,7,1,0
889341F0,E-09-02-L7,E,9,7,1,0
889344F0,C-09-02-L6,C,9,6,1,0
889346F0,D-05-01-L6,D,5,6,1,0
889348F0,A-11-02-L6,A,11,6,1,0
889376F0,F-11-03-L7,F,11,7,1,0
889392F0,A-11-03-L6,A,11,6,1,0
889400F0,F-05-02-L5,F,5,5,1,0
889402F0,U-10-01-L6,U,10,6,1,0
889407F0,J-11-01-L7,J,11,7,1,0
889424,H-08-02-L4,H,8,4,1,0
889425,B-03-03-L4,B,3,4,1,0
889465F0,J-11-02-L7,J,11,7,1,0
889479FA,B-05-01-L6,B,5,6,1,0
889585FA,B-11-02-L8,B,11,8,1,0
889585FB,A-04-01-L8,A,4,8,1,0
889659,H-08-03-L4,H,8,4,1,0
889663,C-03-01-L5,C,3,5,1,0
889665,D-03-01-L3,D,3,3,1,0
889668,F-05-02-L6,F,5,6,1,0
889669,J-10-01-L6,J,10,6,1,0
889674F0,A-06-01-L7,A,6,7,1,0
889677,J-10-02-L6,J,10,6,1,0
889678,U-01-02-L5,U,1,5,1,0
889685F0,U-02-02-L6,U,2,6,1,0
889695F0,F-05-02-L3,F,5,3,1,0
889698F0,A-04-02-L8,A,4,8,1,0
889755,B-12-02-L4,B,12,4,1,0
889772AB,G-07-03-L0,G,7,0,0,26
889773AX,G-02-02-L6,G,2,6,1,2
889792F0,D-08-01-L8,D,8,8,1,0
889798,B-08-01-L7,B,8,7,1,0
889977F0,E-12-01-L7,E,12,7,1,0
890213F0,F-08-01-L8,F,8,8,1,0
890214F0,A-09-03-L8,A,9,8,1,0
890339F0,J-10-01-L3,J,10,3,1,0
890343F0,B-05-03-L5,B,5,5,1,0
890345F0,E-05-03-L8,E,5,8,1,0
890350F0,G-10-03-L5,G,10,5,1,0
890547FA,B-01-01-L4,B,1,4,1,0
890547FB,E-06-03-L5,E,6,5,1,0
890758F0,E-09-01-L6,E,9,6,1,0
891166FM,E-03-02-L8,E,3,8,1,1
891348F0,J-17-02-L5,J,17,5,1,0
891352F0,E-10-03-L7,E,10,7,1,0
891377,H-10-03-L6,H,10,6,1,0
891486FH,E-10-01-L5,E,10,5,1,0
891511F0,B-03-03-L7,B,3,7,1,0
891537F0,G-06-02-L3,G,6,3,1,0
891558F0,U-02-01-L5,U,2,5,1,0
895385BH,D-07-01-L3,D,7,3,1,0
90335,G-12-03-L5,G,12,5,1,0
91001159902,B-06-02-L6,B,6,6,1,0
954500131,C-11-01-L3,C,11,3,1,0
954500133,H-10-01-L3,H,10,3,1,0
A9F74216,A-12-01-L1,A,12,1,0,5
A9N18458,G-03-03-L8,G,3,8,1,2
AAA12703F0,G-10-02-L2,G,10,2,0,15
AAA12731F0,G-05-01-L1,G,5,1,0,87
AAA12734F0,D-02-01-L2,D,2,2,0,73
AAA12737F0,J-10-02-L1,J,10,1,0,70
AAA12739F0,E-03-03-L3,E,3,3,1,1
AAA12759F0,I-01-03-L6,I,1,6,1,5
AAA12772F0,F-04-01-L1,F,4,1,0,93
AAA12773F0,F-04-03-L1,F,4,1,0,92
AAA12774F0,J-07-03-L1,J,7,1,0,170
AAA12775F0,J-07-03-L2,J,7,2,0,170
AAA12861F0,D-03-01-L0,D,3,0,0,29
AAA12972F0-K,F-03-02-L2,F,3,2,0,143
AAA12973F0,E-04-01-L1,E,4,1,0,32
AAA12974F0-K,C-11-02-L1,C,11,1,0,34
AAA12976F0,F-01-02-L0,F,1,0,0,237
AAA12976F0-K,F-02-02-L0,F,2,0,0,181
AAA13036F0-K,J-06-02-L2,J,6,2,0,201
AAA13106F0,B-02-03-L1,B,2,1,0,67
AAA13118F0,H-01-03-L4,H,1,4,1,5
AAA20033F0,C-04-03-L1,C,4,1,0,42
AAA20107F0R14,U-07-02-L2,U,7,2,0,7
AAA20111F0,E-05-01-L2,E,5,2,0,26
AAS10003T0,I-07-01-L0,I,7,0,0,79
AAS10003T0AG,D-01-02-L7,D,1,7,1,1
AAS10003T0SN,B-02-02-L0,B,2,0,0,68
AAS10009T0,F-02-02-L1,F,2,1,0,180
AAS10014T0,F-07-01-L1,F,7,1,0,24
AAS10014T0SN,A-04-01-L0,A,4,0,0,14
AAS10016T0AG,U-13-02-L2,U,13,2,0,5
AAS10016T0SN,B-06-02-L1,B,6,1,0,62
AAS10021T0,E-02-02-L8,E,2,8,1,1
AAS10021T0-EPK,F-08-01-L5,F,8,5,1,0
AAS10022T0,E-02-03-L3,E,2,3,1,1
AAS10022T0-EPK,F-08-02-L5,F,8,5,1,0
AAS10028T0,H-05-03-L0,H,5,0,0,149
AAS10037T0,A-04-01-L1,A,4,1,0,14
AAS10040T0,D-01-02-L8,D,1,8,1,1
AAS10040T0SN,E-08-03-L0,E,8,0,0,13
AAS10041T0,D-01-03-L3,D,1,3,1,1
AAS10042T0SN,E-08-03-L1,E,8,1,0,13
AAS10043T0,H-04-01-L3,H,4,3,1,2
AAS10043T0SN,E-08-03-L2,E,8,2,0,13
AAS10044T0SN,E-08-02-L2,E,8,2,0,13
AAS10045T0SN,I-11-02-L2,I,11,2,0,14
AAS10046T0,D-01-03-L4,D,1,4,1,1
AAS10047T0,D-01-03-L5,D,1,5,1,1
AAS10048T0,E-02-03-L4,E,2,4,1,1
AAS10049T0,E-02-03-L5,E,2,5,1,1
AAS10050T0,D-01-03-L6,D,1,6,1,1
AAS10051T0,D-01-03-L7,D,1,7,1,1
AAS10066T0,F-02-02-L2,F,2,2,0,179
AAS10069T0,J-08-01-L1,J,8,1,0,137
AAS10070T0,J-02-03-L4,J,2,4,1,5
AAS10073T0,F-05-02-L1,F,5,1,0,70
AAS10073T0AG,J-03-02-L4,J,3,4,1,4
AAS10073T0SN,B-02-01-L2,B,2,2,0,68
AAS10087T0,G-02-03-L0,G,2,0,0,191
AAS10088T0,F-07-03-L0,F,7,0,0,23
AAS10099T0,F-02-03-L1,F,2,1,0,177
AAS10123T0,C-08-02-L2,C,8,2,0,37
AAS10125T0SN,H-04-03-L7,H,4,7,1,2
AAS10126T0,H-04-03-L2,H,4,2,0,183
AAS10132T0,I-02-01-L4,I,2,4,1,4
AAS10137T0,H-08-03-L2,H,8,2,0,29
AAS10137T0AG,D-01-03-L8,D,1,8,1,1
AAS10137T0SN,F-02-01-L3,F,2,3,1,2
AAS10168T0,J-02-03-L5,J,2,5,1,5
AAS10244T0,F-07-01-L3,F,7,3,1,0
AAS10245T0,F-07-02-L3,F,7,3,1,0
AAS10246T0,F-07-03-L3,F,7,3,1,0
AAS10247T0,F-07-01-L4,F,7,4,1,0
AAS10248T0,C-03-02-L5,C,3,5,1,0
AAS10249T0,C-03-03-L5,C,3,5,1,0
AAS10250T0,F-07-02-L4,F,7,4,1,0
AAS10252T0,F-11-03-L8,F,11,8,1,0
AAS10255T0,A-06-01-L8,A,6,8,1,0
AAS10311T0,I-01-02-L1,I,1,1,0,523
AAS10312T0,H-07-01-L0,H,7,0,0,77
AAS10490T0,E-01-02-L0,E,1,0,0,160
AAS10491T0,D-04-01-L1,D,4,1,0,25
AAS10512T0AG,I-02-01-L5,I,2,5,1,4
AAS10571T0,F-03-03-L1,F,3,1,0,141
AAS10572T0,F-03-03-L0,F,3,0,0,142
AAS10573T0,J-08-01-L2,J,8,2,0,137
AAS10574T0,E-03-03-L4,E,3,4,1,1
AAS10575T0,J-01-02-L5,J,1,5,1,4
AAS10591T0,B-09-01-L3,B,9,3,1,0
AAS10592T0,B-06-03-L4,B,6,4,1,0
AAS10593T0,B-07-01-L4,B,7,4,1,0
AAS10594T0,B-07-02-L4,B,7,4,1,0
AAS10596T0,B-07-03-L4,B,7,4,1,0
AAS10597T0,B-08-03-L3,B,8,3,1,0
AAS10605T0,B-07-01-L5,B,7,5,1,0
AAS10612T0,B-07-02-L5,B,7,5,1,0
AAS10635T0,G-09-02-L6,G,9,6,1,0
AAS10638T0,B-11-03-L2,B,11,2,0,53
AAS10648T0,D-07-02-L3,D,7,3,1,0
AAS10649T0,J-08-02-L1,J,8,1,0,133
AAS10650T0,E-03-03-L5,E,3,5,1,1
AAS10664T0,B-04-03-L5,B,4,5,1,0
AAS10669T0,B-05-01-L3,B,5,3,1,0
AAS10670T0,B-05-02-L3,B,5,3,1,0
AAS10671T0,I-02-03-L6,I,2,6,1,4
AAS10675T0R07,E-03-03-L0,E,3,0,0,80
AAS10676T0R07,B-06-03-L1,B,6,1,0,62
AAS10678T0R07,H-10-01-L0,H,10,0,0,20
AAS10679T0,E-03-01-L0,E,3,0,0,82
AAS10680T0,H-10-01-L1,H,10,1,0,20
AAS10681T0R07,E-03-03-L1,E,3,1,0,80
AAS10682T0R07,G-05-02-L0,G,5,0,0,86
AAS10683T0R07,F-05-01-L1,F,5,1,0,71
AAS10684T0R07,E-03-01-L1,E,3,1,0,82
AAS10685T0R07,D-02-01-L0,D,2,0,0,73
AAS10697T0R07,G-05-03-L2,G,5,2,0,82
AAS10698T0,I-07-01-L2,I,7,2,0,78
AAS10699T0R07,G-07-03-L2,G,7,2,0,26
AAS10700T0,E-05-01-L0,E,5,0,0,26
AAS10701T0,H-04-01-L5,H,4,5,1,2
AAS10702T0,J-07-01-L3,J,7,3,1,2
AAS10707T0,F-07-03-L4,F,7,4,1,0
AAS10708T0,J-11-02-L4,J,11,4,1,0
AAS10709T0,F-07-01-L5,F,7,5,1,0
AAS10711T0,F-07-02-L5,F,7,5,1,0
AAS10713T0,D-05-03-L1,D,5,1,0,19
AAS10714T0,F-08-01-L0,F,8,0,0,19
AAS10715T0,F-08-01-L1,F,8,1,0,19
AAS10716T0,F-08-01-L2,F,8,2,0,19
AAS10718T0,D-05-02-L0,D,5,0,0,19
AAS10720T0,F-08-02-L0,F,8,0,0,19
AAS10721T0,F-08-02-L1,F,8,1,0,19
AAS10722T0,F-08-02-L2,F,8,2,0,19
AAS10723T0,F-08-03-L0,F,8,0,0,19
AAS10733T0,E-02-02-L2,E,2,2,0,104
AAS10733T0AG,I-02-01-L6,I,2,6,1,4
AAS10733T0SN,B-03-03-L2,B,3,2,0,66
AAS10737T0,J-09-01-L1,J,9,1,0,90
AAS10738T0,J-09-03-L2,J,9,2,0,89
AAS10752T0-EPK,D-07-03-L3,D,7,3,1,0
AAS10753T0-EPK,D-07-01-L4,D,7,4,1,0
AAS10820T0,J-07-02-L0,J,7,0,0,174
AAS10832T0,B-10-03-L7,B,10,7,1,0
AAS10833T0,B-11-01-L7,B,11,7,1,0
AAS10834T0,E-10-01-L6,E,10,6,1,0
AAS10835T0,B-11-02-L7,B,11,7,1,0
AAS10836T0,B-11-03-L7,B,11,7,1,0
AAS10838T0,A-03-02-L6,A,3,6,1,0
AAS10839T0,B-12-01-L7,B,12,7,1,0
AAS10840T0,B-12-02-L7,B,12,7,1,0
AAS10841T0,B-12-03-L7,B,12,7,1,0
AAS10842T0,B-07-02-L6,B,7,6,1,0
AAS10844T0,G-06-01-L7,G,6,7,1,0
AAS10845T0,G-06-02-L7,G,6,7,1,0
AAS10846T0,G-06-03-L7,G,6,7,1,0
AAS10847T0,E-10-02-L6,E,10,6,1,0
AAS10848T0,C-01-01-L7,C,1,7,1,0
AAS10850T0,C-01-02-L7,C,1,7,1,0
AAS10851T0,C-01-03-L7,C,1,7,1,0
AAS10852T0,C-02-01-L7,C,2,7,1,0
AAS10855T0,C-02-02-L7,C,2,7,1,0
AAS10860T0,C-02-03-L7,C,2,7,1,0
AAS10861T0,C-03-01-L7,C,3,7,1,0
AAS10862T0,B-10-01-L7,B,10,7,1,0
AAS10869T0,I-10-02-L0,I,10,0,0,18
AAS10870T0,G-09-01-L0,G,9,0,0,18
AAS10871T0,J-13-02-L0,J,13,0,0,18
AAS10873T0,J-13-02-L1,J,13,1,0,18
AAS10876T0R07,A-04-02-L0,A,4,0,0,14
AAS10881T0R07,A-04-02-L1,A,4,1,0,14
AAS10886T0,B-07-01-L0,B,7,0,0,61
AAS10887T0,J-13-02-L2,J,13,2,0,18
AAS10888T0,D-05-01-L2,D,5,2,0,19
AAS10891T0,H-10-03-L2,H,10,2,0,19
AAS10894T0,C-03-02-L7,C,3,7,1,0
AAS10895T0R14,I-05-01-L3,I,5,3,1,2
AAS10896T0R07,A-04-02-L2,A,4,2,0,14
AAS10896T0R14,I-05-01-L4,I,5,4,1,2
AAS10897T0,F-09-01-L1,F,9,1,0,16
AAS10898T0,F-09-01-L2,F,9,2,0,16
AAS10905T0,G-09-01-L1,G,9,1,0,18
AAS10907T0,D-07-01-L1,D,7,1,0,13
AAS10908T0,D-07-01-L2,D,7,2,0,13
AAS10909T0,D-07-01-L0,D,7,0,0,13
AAS10910T0,I-05-01-L5,I,5,5,1,2
AAS10913T0,J-07-01-L4,J,7,4,1,2
AAS10915T0,A-05-01-L0,A,5,0,0,11
AAS10916T0,J-18-01-L2,J,18,2,0,12
AAS10921T0,I-10-03-L0,I,10,0,0,18
AAS10923T0,J-05-03-L2,J,5,2,0,322
AAS10924T0,J-04-01-L0,J,4,0,0,322
AAS10944T0,C-03-03-L7,C,3,7,1,0
AAS10945T0,C-04-01-L7,C,4,7,1,0
AAS30032TA,J-09-02-L5,J,9,5,1,1
AAS30095TA,A-11-03-L8,A,11,8,1,0
AAS30113TA,I-05-01-L6,I,5,6,1,2
AAS30113TASN,D-07-03-L0,D,7,0,0,13
AAS30113TB,I-05-01-L7,I,5,7,1,2
AAS30113TBSN,D-07-03-L1,D,7,1,0,13
AAS30113TC,I-05-02-L3,I,5,3,1,2
AAS30113TCSN,D-07-03-L2,D,7,2,0,13
AAS30114TA,I-05-02-L4,I,5,4,1,2
AAS30114TASN,G-11-01-L0,G,11,0,0,13
AAS30114TB,I-05-02-L5,I,5,5,1,2
AAS30114TBSN,G-11-01-L1,G,11,1,0,13
AAS30114TC,I-05-02-L6,I,5,6,1,2
AAS30114TCSN,G-11-01-L2,G,11,2,0,13
AAS40372T0,H-03-03-L5,H,3,5,1,3
AAS40373T0,J-04-02-L7,J,4,7,1,3
AAS40374T0,H-03-03-L6,H,3,6,1,3
AAS40397T0,E-09-02-L0,E,9,0,0,10
AAS40399T0,I-01-03-L7,I,1,7,1,5
AAS40400T0,E-03-03-L6,E,3,6,1,1
AAS40621TB,D-12-01-L7,D,12,7,1,0
AAS40621TR,B-06-02-L7,B,6,7,1,0
AAS40621TXG,J-09-02-L6,J,9,6,1,1
AAS40621TZ,C-02-02-L8,C,2,8,1,0
AAS40629T0,H-03-03-L7,H,3,7,1,3
AAS40630T0,B-06-02-L2,B,6,2,0,62
AAS40647T0,U-10-02-L2,U,10,2,0,6
AAS40647T0SN,F-01-01-L3,F,1,3,1,3
AAS40651T0SN,E-02-03-L1,E,2,1,0,103
AAS40652T0,J-07-01-L2,J,7,2,0,175
AAS40653T0SN,D-01-01-L0,D,1,0,0,99
AAS40654T0,D-04-02-L0,D,4,0,0,25
AAS40654T0SN,D-01-01-L1,D,1,1,0,99
AAS40655T0,H-01-03-L5,H,1,5,1,5
AAS40656T0SN,H-06-03-L1,H,6,1,0,100
AAS40896TA,E-10-02-L5,E,10,5,1,0
AAS41086T0,C-05-02-L7,C,5,7,1,0
AAS41213T0,F-01-01-L4,F,1,4,1,3
AAS41214TB,F-01-01-L5,F,1,5,1,3
AAS41277TB,G-01-02-L4,G,1,4,1,3
AAS41481TA,G-03-01-L2,G,3,2,0,166
AAS41481TB,G-03-03-L1,G,3,1,0,163
AAS41481TC,G-09-01-L2,G,9,2,0,18
AAS41482T0,G-03-02-L0,G,3,0,0,166
AAS41483TA,G-09-02-L0,G,9,0,0,18
AAS41483TB,J-16-01-L2,J,16,2,0,18
AAS41484T0,G-03-02-L1,G,3,1,0,166
AAS41485T0,G-03-02-L2,G,3,2,0,166
AAS41510T0,J-16-02-L0,J,16,0,0,18
AAS41512T0,H-05-02-L0,H,5,0,0,152
AAS41517TC,H-05-01-L2,H,5,2,0,155
AAS41518TA,F-03-01-L2,F,3,2,0,148
AAS41518TB,H-05-02-L2,H,5,2,0,150
AAS41518TC,H-05-03-L2,H,5,2,0,149
AAS41583T0,H-05-03-L1,H,5,1,0,149
AAS41584T0,F-03-01-L1,F,3,1,0,148
AAS41585T0,F-03-02-L0,F,3,0,0,145
AAS41586T0,F-03-02-L1,F,3,1,0,145
AAS41588T0,H-05-02-L1,H,5,1,0,151
AAS41589TA,E-01-02-L2,E,1,2,0,158
AAS41589TB,E-01-03-L0,E,1,0,0,158
AAS41592T0,F-03-01-L0,F,3,0,0,149
AAS41625T0,E-01-02-L1,E,1,1,0,159
AAS41626T0,C-08-02-L1,C,8,1,0,38
AAS41642T0,U-03-02-L0,U,3,0,0,8
AAS41643T0,U-03-02-L1,U,3,1,0,8
AAS41724T0,G-03-03-L0,G,3,0,0,166
AAS41725T0,A-03-01-L0,A,3,0,0,18
AAS41727TA,J-06-03-L2,J,6,2,0,198
AAS41727TB,I-04-01-L0,I,4,0,0,197
AAS41760T0,E-09-01-L3,E,9,3,1,0
AAS41761T0,I-05-02-L7,I,5,7,1,2
AAS41907T0,J-06-03-L6,J,6,6,1,2
AAS42036T0,E-02-03-L6,E,2,6,1,1
AAS42164T0,B-07-03-L2,B,7,2,0,59
AAS42165TASN,B-07-03-L0,B,7,0,0,59
AAS42165TBSN,B-08-01-L0,B,8,0,0,59
AAS42165TCSN,B-08-01-L1,B,8,1,0,59
AAS42165TDSN,B-08-01-L2,B,8,2,0,59
AAS42295T0,D-08-01-L7,D,8,7,1,0
AAS42296T0,D-08-02-L7,D,8,7,1,0
AAS42297T0,G-07-01-L3,G,7,3,1,0
AAS42357T0,G-07-03-L7,G,7,7,1,0
AAS42359T0,F-12-01-L7,F,12,7,1,0
AAS42362T0,F-07-03-L5,F,7,5,1,0
AAS42370T0,J-16-02-L1,J,16,1,0,18
AAS42371T0,I-10-03-L2,I,10,2,0,18
AAS42376T0,E-03-03-L7,E,3,7,1,1
AAS42385T0,H-07-02-L1,H,7,1,0,74
AAS49802T0,J-06-03-L1,J,6,1,0,198
AAS49804T0,C-01-01-L0,C,1,0,0,50
AAS49831T0,H-06-03-L0,H,6,0,0,100
AAS49847T0,F-03-02-L5,F,3,5,1,2
AAS49901T0,I-06-01-L2,I,6,2,0,114
AAS49961T0,C-08-03-L1,C,8,1,0,37
AAS49963T0,U-09-01-L5,U,9,5,1,0
AAV14221,E-10-03-L5,E,10,5,1,0
AAV17870,C-04-02-L1,C,4,1,0,43
AAV17874,C-06-02-L1,C,6,1,0,40
AAV23775,C-03-03-L6,C,3,6,1,0
AAV24160,A-05-03-L7,A,5,7,1,0
AAV24161,B-01-03-L5,B,1,5,1,0
AAV24162,D-12-01-L8,D,12,8,1,0
AAV24163,G-10-02-L8,G,10,8,1,0
AAV33176,C-06-01-L7,C,6,7,1,0
AAV33177,C-06-02-L7,C,6,7,1,0
AAV36546R12,E-10-01-L1,E,10,1,0,8
AAV36546S07,G-08-03-L0,G,8,0,0,22
AAV36551R12,U-03-02-L2,U,3,2,0,8
AAV36551R14,G-08-02-L2,G,8,2,0,22
AAV36551S07,E-07-02-L2,E,7,2,0,17
AAV41876,C-06-02-L8,C,6,8,1,0
AAV41876S07,J-14-01-L3,J,14,3,1,0
AAV41878,E-07-01-L5,E,7,5,1,0
AAV41885,G-08-01-L3,G,8,3,1,0
AAV42403,G-11-03-L8,G,11,8,1,0
AAV42412,A-10-03-L7,A,10,7,1,0
AAV43538,F-01-02-L2,F,1,2,0,220
AAV43632,G-04-03-L2,G,4,2,0,117
AAV43635,C-02-01-L1,C,2,1,0,47
AAV49636,I-03-01-L0,I,3,0,0,308
AAV50992,G-08-03-L8,G,8,8,1,0
AAV52067,C-07-02-L7,C,7,7,1,0
AAV55545,H-01-02-L2,H,1,2,0,453
AAV55917,B-03-01-L8,B,3,8,1,0
AAV55931,C-03-02-L0,C,3,0,0,43
AAV60690,C-01-03-L2,C,1,2,0,47
AAV60877,E-07-03-L1,E,7,1,0,17
AAV61012,B-09-03-L7,B,9,7,1,0
AAV64158,B-04-02-L7,B,4,7,1,0
AAV80194,A-11-01-L0,A,11,0,0,6
AAV80205,A-11-01-L1,A,11,1,0,6
AAV82271,I-03-01-L3,I,3,3,1,3
AAV86003,J-04-01-L6,J,4,6,1,3
AAV88178,B-05-02-L6,B,5,6,1,0
AAV91761,B-07-03-L6,B,7,6,1,0
ABL6TS06U,D-04-03-L0,D,4,0,0,24
ABL6TS16U,A-05-03-L0,A,5,0,0,11
ACTPC6ASFLS30WE,J-16-02-L2,J,16,2,0,18
AEMOE05B25B2115E2,F-04-01-L3,F,4,3,1,1
AEMOK05B55E511,G-10-02-L0,G,10,0,0,15
AEMON05B55B511000M,F-04-01-L4,F,4,4,1,1
AEMOO05E800011,F-02-01-L4,F,2,4,1,2
AEMOQ05B85F811000M,F-04-01-L5,F,4,5,1,1
AEMOS05B55B5215E5,F-04-01-L6,F,4,6,1,1
AEMSO05B55E521,F-02-01-L5,F,2,5,1,2
AEMST05B55E521,F-04-01-L7,F,4,7,1,1
AGDOLAP28188,C-09-03-L4,C,9,4,1,0
AGDOLAP28190,G-07-02-L3,G,7,3,1,0
AGDOLAP28195,J-14-02-L3,J,14,3,1,0
AGDOLAP28196,B-11-01-L4,B,11,4,1,0
AGDOLAP28199,D-09-01-L3,D,9,3,1,0
AGDOLAP28596,E-07-02-L5,E,7,5,1,0
AGDOLAP28802,C-07-02-L8,C,7,8,1,0
AGDOLAP28804,F-10-01-L8,F,10,8,1,0
AGS490502-01,I-06-01-L4,I,6,4,1,1
AGSC72891-04,B-03-02-L5,B,3,5,1,0
AGSC72922-01,C-04-01-L3,C,4,3,1,0
AGSC72974-22,C-04-02-L3,C,4,3,1,0
AGSC72974-23,C-04-03-L3,C,4,3,1,0
AGSC72974-24,C-04-01-L4,C,4,4,1,0
AGSC73386-01,B-03-03-L5,B,3,5,1,0
AGSC73451-01,C-04-02-L4,C,4,4,1,0
AGSC73716-01,C-04-03-L4,C,4,4,1,0
AGSC73717-01,C-04-01-L5,C,4,5,1,0
AGSC73726-03,C-04-02-L5,C,4,5,1,0
AGSC73726-04,C-04-03-L5,C,4,5,1,0
AGSC73761-02,C-05-01-L3,C,5,3,1,0
AGSC73761-05,F-08-03-L5,F,8,5,1,0
AGSC74270-10,J-03-03-L7,J,3,7,1,4
AGSC74272-01,C-05-02-L3,C,5,3,1,0
AGSC74448-01,U-13-01-L2,U,13,2,0,5
AGSC74448-02,U-13-02-L0,U,13,0,0,5
AGSH31601-01,I-02-02-L7,I,2,7,1,4
AGSH35446-01,F-04-01-L8,F,4,8,1,1
AGSI03560-01,A-06-02-L8,A,6,8,1,0
AHMOF05B85F811,F-02-01-L6,F,2,6,1,2
AMB00194,F-10-03-L0,F,10,0,0,12
AMB00204,F-12-02-L7,F,12,7,1,0
AMB00374,B-07-03-L5,B,7,5,1,0
AMB00447,U-09-01-L6,U,9,6,1,0
AMB00448,B-07-01-L7,B,7,7,1,0
AMB00456,A-10-01-L7,A,10,7,1,0
AMB00512,B-03-03-L0,B,3,0,0,66
AMB00513,C-09-03-L8,C,9,8,1,0
AMB00525,U-01-02-L1,U,1,1,0,11
AMB00577,I-06-01-L6,I,6,6,1,1
AMB00578,G-07-03-L3,G,7,3,1,0
AMB00628,A-07-01-L7,A,7,7,1,0
AMB00754,E-03-03-L8,E,3,8,1,1
AMB00755,D-09-02-L3,D,9,3,1,0
AMPERMETRE169,D-09-03-L3,D,9,3,1,0
AMPERMETRE617,E-02-03-L7,E,2,7,1,1
AMT000155-02,A-06-03-L8,A,6,8,1,0
AMT000195-01,C-05-03-L3,C,5,3,1,0
AMT000926-01,C-09-01-L5,C,9,5,1,0
AMT000936-01,B-04-01-L3,B,4,3,1,0
AMT002863-01,A-04-02-L7,A,4,7,1,0
AMT002883-01,A-04-03-L7,A,4,7,1,0
AMT003166-05,I-10-01-L3,I,10,3,1,0
AMT204220-01,J-18-02-L2,J,18,2,0,12
AMTH04261-01,H-04-01-L6,H,4,6,1,2
AMTH06656-01,I-10-02-L3,I,10,3,1,0
BBV14869,H-11-03-L6,H,11,6,1,0
BBV15648,U-11-01-L2,U,11,2,0,6
BBV17284,U-14-01-L2,U,14,2,0,5
BBV19284,E-01-01-L3,E,1,3,1,2
BBV19285,I-07-01-L3,I,7,3,1,1
BBV19286,G-01-02-L5,G,1,5,1,3
BBV19287,J-07-01-L5,J,7,5,1,2
BBV19288,J-09-02-L7,J,9,7,1,1
BBV19290,I-03-01-L4,I,3,4,1,3
BBV19619,U-11-02-L0,U,11,0,0,6
BBV22062,D-06-01-L6,D,6,6,1,0
BBV22837,B-09-01-L6,B,9,6,1,0
BBV24192,C-11-01-L6,C,11,6,1,0
BBV24940,A-04-01-L6,A,4,6,1,0
BBV25627,U-11-01-L0,U,11,0,0,6
BBV27828,D-06-02-L6,D,6,6,1,0
BBV27844,A-06-03-L1,A,6,1,0,8
BBV31367,G-07-01-L6,G,7,6,1,0
BBV31368,G-07-02-L6,G,7,6,1,0
BBV31369,E-05-03-L6,E,5,6,1,0
BBV31551,D-10-03-L2,D,10,2,0,7
BBV31555,U-05-01-L0,U,5,0,0,7
BBV34228,U-05-01-L1,U,5,1,0,7
BBV34230,U-05-01-L2,U,5,2,0,7
BBV34232,F-12-01-L2,F,12,2,0,7
BBV34233,U-05-02-L0,U,5,0,0,7
BBV34236,U-05-02-L1,U,5,1,0,7
BBV34241,U-05-02-L2,U,5,2,0,7
BBV34246,A-08-01-L0,A,8,0,0,7
BBV34247,A-08-01-L1,A,8,1,0,7
BBV34650,H-11-02-L6,H,11,6,1,0
BBV34679,B-12-03-L6,B,12,6,1,0
BBV37577,A-08-01-L2,A,8,2,0,7
BBV40299,G-02-03-L6,G,2,6,1,2
BBV40669,A-08-02-L0,A,8,0,0,7
BBV40670,A-08-02-L1,A,8,1,0,7
BBV40671,A-08-02-L2,A,8,2,0,7
BBV40678,E-01-01-L4,E,1,4,1,2
BBV40679,E-01-01-L5,E,1,5,1,2
BBV40691,F-02-01-L7,F,2,7,1,2
BBV40784,J-06-01-L3,J,6,3,1,2
BBV41038,J-02-03-L6,J,2,6,1,5
BBV41047,F-12-02-L0,F,12,0,0,7
BBV41049,A-08-03-L0,A,8,0,0,7
BBV41228,A-08-03-L1,A,8,1,0,7
BBV41440,A-07-03-L2,A,7,2,0,7
BBV41443,J-02-03-L7,J,2,7,1,5
BBV41956,J-05-02-L7,J,5,7,1,3
BBV44337,H-01-01-L3,H,1,3,1,5
BBV44643,E-01-01-L6,E,1,6,1,2
BBV44645,H-01-01-L4,H,1,4,1,5
BBV44646,H-01-01-L5,H,1,5,1,5
BBV44647,H-01-01-L6,H,1,6,1,5
BBV44648,H-01-01-L7,H,1,7,1,5
BBV45114,J-17-02-L6,J,17,6,1,0
BBV45462,I-11-01-L5,I,11,5,1,0
BBV46299,F-12-02-L6,F,12,6,1,0
BBV48821,J-15-01-L6,J,15,6,1,0
BBV49196,G-10-03-L6,G,10,6,1,0
BBV49257,H-02-03-L2,H,2,2,0,352
BBV49262,J-05-01-L0,J,5,0,0,352
BBV55406,C-08-01-L6,C,8,6,1,0
BBV57728,H-11-01-L6,H,11,6,1,0
BBV59583,A-08-03-L2,A,8,2,0,7
BBV59723,D-11-01-L0,D,11,0,0,7
BBV60758,E-08-01-L7,E,8,7,1,0
BBV61183,B-09-02-L6,B,9,6,1,0
BF4-24VDC,D-03-01-L8,D,3,8,1,0
BF4-48VDC,B-09-02-L5,B,9,5,1,0
BLRCH104A125B48,I-10-03-L3,I,10,3,1,0
BQT38304,I-10-01-L4,I,10,4,1,0
BQT38955,J-08-03-L6,J,8,6,1,1
BQT41857,I-10-02-L4,I,10,4,1,0
BRU58791,D-07-02-L4,D,7,4,1,0
BRU58794,D-07-03-L4,D,7,4,1,0
BRU63807,D-07-01-L5,D,7,5,1,0
BRU66032,D-09-01-L4,D,9,4,1,0
BRU71170,D-09-02-L4,D,9,4,1,0
BRU71262,D-07-02-L5,D,7,5,1,0
BRU82376,B-05-01-L2,B,5,2,0,64
BRU87488,D-07-03-L5,D,7,5,1,0
BW467,J-03-02-L5,J,3,5,1,4
C1034V100,C-02-01-L4,C,2,4,1,0
C1036E040,D-03-01-L5,D,3,5,1,0
C1036E100,B-06-01-L5,B,6,5,1,0
C103TM016,D-03-02-L5,D,3,5,1,0
C1042D100,C-05-01-L4,C,5,4,1,0
C104TM016,D-09-03-L4,D,9,4,1,0
C104TM050,E-09-02-L3,E,9,3,1,0
C104TM063,E-09-03-L3,E,9,3,1,0
C104TM100,E-07-03-L5,E,7,5,1,0
C10S4,D-03-02-L3,D,3,3,1,0
C163TM160,J-02-01-L3,J,2,3,1,5
C16S3,I-03-03-L6,I,3,6,1,3
C253TM250,H-11-01-L3,H,11,3,1,0
C254TM250,G-11-01-L3,G,11,3,1,0
C25S3,G-11-02-L3,G,11,3,1,0
C25S4,J-14-01-L4,J,14,4,1,0
C32WA5970E,E-02-01-L6,E,2,6,1,1
C4042D400,H-10-02-L3,H,10,3,1,0
C40S4,H-10-03-L3,H,10,3,1,0
C6332D630,J-14-02-L4,J,14,4,1,0
C63S4,D-09-01-L5,D,9,5,1,0
CESU-001,A-06-02-L1,A,6,1,0,8
CESU-002,A-06-02-L2,A,6,2,0,8
CF36/10,A-12-01-L2,A,12,2,0,5
CF36/2.5,G-04-01-L2,G,4,2,0,124
CF36/50,G-11-03-L3,G,11,3,1,0
CF36/6.3,C-12-02-L0,C,12,0,0,33
CSTP25-20-200,A-02-03-L2,A,2,2,0,20
CUS-Y2540113-SEG,D-09-02-L5,D,9,5,1,0
CUS-Y2540513-SYC,D-09-03-L5,D,9,5,1,0
DISI_SOKET10,I-07-01-L4,I,7,4,1,1
DRC007897-01,G-08-02-L3,G,8,3,1,0
E142317B2M0B98L,F-03-02-L6,F,3,6,1,2
E44231FB4M0E38M,F-12-01-L3,F,12,3,1,0
E74632QHBM0C88M,F-12-02-L3,F,12,3,1,0
EAV14115,J-02-01-L4,J,2,4,1,5
EAV14460,I-03-01-L5,I,3,5,1,3
EAV14610,A-05-03-L1,A,5,1,0,11
EAV15118,H-10-01-L4,H,10,4,1,0
EAV18146,U-04-01-L0,U,4,0,0,7
EAV19212,U-04-01-L1,U,4,1,0,7
EAV19224,U-04-01-L2,U,4,2,0,7
EAV25748,J-06-01-L0,J,6,0,0,216
EAV25749,F-01-03-L2,F,1,2,0,218
EAV28981,A-10-02-L0,A,10,0,0,6
EAV43345,E-01-03-L1,E,1,1,0,157
EAV45262,I-10-03-L7,I,10,7,1,0
EAV45626R14,C-09-02-L1,C,9,1,0,36
EAV53363,G-01-02-L6,G,1,6,1,3
EAV53378,G-11-01-L4,G,11,4,1,0
EAV53379,G-11-02-L4,G,11,4,1,0
EAV53383,I-03-01-L6,I,3,6,1,3
EAV55085,J-05-03-L3,J,5,3,1,3
EAV57108,F-12-03-L1,F,12,1,0,7
EAV61396,H-03-01-L1,H,3,1,0,283
EAV62986,C-03-02-L2,C,3,2,0,43
EAV63071,C-05-01-L2,C,5,2,0,42
EAV64872,G-01-02-L7,G,1,7,1,3
EAV64873,G-01-02-L8,G,1,8,1,3
EAV66405R12,B-05-01-L0,B,5,0,0,64
EAV66405S07,F-03-03-L2,F,3,2,0,140
EAV66649R12,I-07-01-L5,I,7,5,1,1
EAV66649R14,G-06-02-L0,G,6,0,0,51
EAV66650R12,G-12-01-L1,G,12,1,0,11
EAV66650R14,C-08-02-L0,C,8,0,0,38
EAV66653R14,E-01-01-L7,E,1,7,1,2
EAV66654R12,D-10-03-L0,D,10,0,0,7
EAV66654S07,G-07-01-L1,G,7,1,0,27
EAV66656R12,E-10-01-L0,E,10,0,0,8
EAV66656R14,D-03-01-L2,D,3,2,0,29
EAV70647-018R10,F-12-03-L3,F,12,3,1,0
EAV70647-042R10,G-08-03-L3,G,8,3,1,0
EAV70647R10,F-05-01-L4,F,5,4,1,0
EAV71015,H-10-02-L4,H,10,4,1,0
EAV75985,I-09-01-L6,I,9,6,1,0
EAV81627,C-12-02-L5,C,12,5,1,0
EAV84107,J-04-01-L5,J,4,5,1,3
EAV84745,A-11-02-L0,A,11,0,0,6
EAV84813,D-04-03-L6,D,4,6,1,0
EAV84822,H-09-01-L6,H,9,6,1,0
EAV86412,D-11-01-L1,D,11,1,0,7
EAV92430,E-02-02-L5,E,2,5,1,1
EAV92988,J-05-03-L0,J,5,0,0,343
EAV93562,J-05-02-L2,J,5,2,0,344
EAV93856,A-11-02-L1,A,11,1,0,6
EIBAD0443-01,B-04-02-L3,B,4,3,1,0
EIBAD1038-02,C-05-02-L4,C,5,4,1,0
EIBAD1110-01,C-05-03-L4,C,5,4,1,0
EIBAD1114-02,C-05-01-L5,C,5,5,1,0
EIBAD1180-01,E-10-01-L8,E,10,8,1,0
EIBAD1183-02,I-10-03-L4,I,10,4,1,0
EIBAD1183-03,G-09-01-L3,G,9,3,1,0
EIBAE1018-01,C-05-02-L5,C,5,5,1,0
EIBAE1025-02R27,E-09-01-L4,E,9,4,1,0
EIBAE1036-02R27,E-09-02-L4,E,9,4,1,0
EIBAE1075-02,C-05-03-L5,C,5,5,1,0
EIBAE1076-01,J-15-01-L3,J,15,3,1,0
EIBAE1098-01,C-06-01-L3,C,6,3,1,0
EIBAE1115-02,B-11-02-L4,B,11,4,1,0
EIBAE1119-01,C-09-02-L5,C,9,5,1,0
EIBAE1119-02,C-06-02-L3,C,6,3,1,0
EIBAE1148-01,A-11-01-L2,A,11,2,0,6
EMS58582,F-03-02-L7,F,3,7,1,2
ESY0068F0,J-09-02-L1,J,9,1,0,89
ESY0178F0,D-06-02-L2,D,6,2,0,16
ESY0179F0,H-11-01-L1,H,11,1,0,16
EXE172512A0S,E-10-02-L8,E,10,8,1,0
EXE173112A0S,I-04-01-L3,I,4,3,1,2
EXE173112B0S,D-03-03-L5,D,3,5,1,0
EXE173125C0S,B-05-01-L4,B,5,4,1,0
EXE173125C1B,G-11-03-L4,G,11,4,1,0
EXE51223044F0SC,U-14-01-L6,U,14,6,1,0
EXECOTO,E-09-03-L4,E,9,4,1,0
EXEEDSHT12A2A,F-12-01-L4,F,12,4,1,0
EXEPLWD,H-10-03-L7,H,10,7,1,0
EXEPLWS,G-11-02-L7,G,11,7,1,0
EXETRKAA,A-07-02-L7,A,7,7,1,0
EXETRKAAP,F-12-02-L4,F,12,4,1,0
EXETRKBA,E-04-01-L3,E,4,3,1,0
EXETRKCA,B-04-03-L3,B,4,3,1,0
FIBERCAB072,F-02-02-L8,F,2,8,1,2
FIBERCAB079,U-13-02-L1,U,13,1,0,5
FIBERCAB083,J-03-02-L3,J,3,3,1,4
FIBERCAB085,A-05-01-L1,A,5,1,0,11
FIXED_CART,C-08-03-L2,C,8,2,0,37
FUSE6.3,H-11-02-L3,H,11,3,1,0
GDE14563,C-09-03-L2,C,9,2,0,36
GDE31924,E-06-01-L0,E,6,0,0,20
GDE33134,E-06-02-L0,E,6,0,0,20
GDE55471,J-15-02-L3,J,15,3,1,0
GDE64866,H-08-02-L2,H,8,2,0,30
GDE65821,F-06-02-L2,F,6,2,0,28
GDE66765,D-03-02-L2,D,3,2,0,29
GDE68041,C-03-01-L2,C,3,2,0,44
GDE76221,I-02-03-L7,I,2,7,1,4
GDE80040,C-06-02-L2,C,6,2,0,40
GDE80046,C-10-01-L0,C,10,0,0,36
GDE88004,E-10-03-L8,E,10,8,1,0
GDE88039,I-01-03-L4,I,1,4,1,5
GDE88041,I-01-01-L6,I,1,6,1,5
GDE88912,B-04-01-L0,B,4,0,0,66
GDE96320,F-07-02-L2,F,7,2,0,24
GEX16549-05,E-09-01-L5,E,9,5,1,0
GEX16797,G-09-02-L3,G,9,3,1,0
GEX16802,G-09-03-L3,G,9,3,1,0
GEX27771,C-06-03-L3,C,6,3,1,0
GEX27787,C-06-01-L4,C,6,4,1,0
GEX37214,F-09-03-L7,F,9,7,1,0
GEX37215,J-06-03-L4,J,6,4,1,2
GEX37216,B-10-01-L4,B,10,4,1,0
GEX40253,H-11-03-L3,H,11,3,1,0
GEX41549R07,H-11-03-L2,H,11,2,0,16
GEX41549R14,G-02-02-L7,G,2,7,1,2
GEX41877,D-05-01-L0,D,5,0,0,19
GEX61578,F-09-01-L8,F,9,8,1,0
GEX61581,E-08-03-L7,E,8,7,1,0
GEX62583,J-16-01-L0,J,16,0,0,18
GEX62985,H-02-01-L3,H,2,3,1,4
GEX69885R14,I-07-01-L6,I,7,6,1,1
GEX70294R14,I-07-01-L7,I,7,7,1,1
GEX70801R14,I-07-02-L3,I,7,3,1,1
GEX77045,E-07-01-L2,E,7,2,0,17
GEX77196,F-03-02-L8,F,3,8,1,2
GEX77198,F-09-01-L0,F,9,0,0,16
GEX77200,I-07-02-L4,I,7,4,1,1
GEX77202R07,J-14-02-L2,J,14,2,0,15
GEX77202R14,G-02-03-L7,G,2,7,1,2
GEX77203,I-10-02-L1,I,10,1,0,18
GEX77205,J-03-03-L4,J,3,4,1,4
GEX77206R07,A-04-03-L0,A,4,0,0,14
GEX77206R14,I-07-02-L5,I,7,5,1,1
GEX77207R14,I-07-02-L6,I,7,6,1,1
GEX77208R07,G-11-03-L0,G,11,0,0,13
GEX77208R14,I-07-02-L7,I,7,7,1,1
GEX77209R14,H-07-01-L3,H,7,3,1,1
GEX82623,G-08-02-L0,G,8,0,0,22
GEX83019,I-10-01-L2,I,10,2,0,18
GEX83373,U-08-03-L0,U,8,0,0,6
GEX83374,F-09-02-L0,F,9,0,0,16
GEX83381,F-09-02-L1,F,9,1,0,16
GEX83383,J-16-01-L1,J,16,1,0,18
GEX87189,J-03-03-L5,J,3,5,1,4
GEX87323,H-11-02-L2,H,11,2,0,16
GEX87337,D-05-02-L2,D,5,2,0,19
GEX94427,F-01-01-L6,F,1,6,1,3
GEX99641,I-10-03-L1,I,10,1,0,18
GNL00012,F-12-03-L4,F,12,4,1,0
GNL00022,B-12-03-L4,B,12,4,1,0
GNL00071,B-01-02-L6,B,1,6,1,0
GNL00193,C-06-02-L4,C,6,4,1,0
GNL00222,E-09-02-L5,E,9,5,1,0
GNL00233,B-05-03-L3,B,5,3,1,0
GNL00234,B-12-01-L5,B,12,5,1,0
GNL00235,G-07-01-L4,G,7,4,1,0
GNL00244,B-01-03-L8,B,1,8,1,0
GNL00280,G-07-02-L4,G,7,4,1,0
GNL00478,C-02-03-L8,C,2,8,1,0
GNL00496,F-12-01-L5,F,12,5,1,0
GNL00499,E-09-03-L5,E,9,5,1,0
GNL00659,D-09-01-L6,D,9,6,1,0
GNL00661,D-10-01-L6,D,10,6,1,0
GNL00770,G-06-03-L5,G,6,5,1,0
GNL00811,D-07-03-L6,D,7,6,1,0
GNL00813,B-08-01-L4,B,8,4,1,0
GNL00818,U-03-02-L5,U,3,5,1,0
GNL00819,B-02-03-L6,B,2,6,1,0
GNL00851,B-02-02-L7,B,2,7,1,0
GNL00856,I-09-02-L5,I,9,5,1,0
GNL00857,C-08-02-L6,C,8,6,1,0
GNL00858,B-06-03-L6,B,6,6,1,0
GNL00862,C-11-02-L3,C,11,3,1,0
GNL00917,G-11-01-L6,G,11,6,1,0
GNL00940,G-07-03-L4,G,7,4,1,0
GNL00941,B-10-02-L4,B,10,4,1,0
GNL00948,B-01-02-L4,B,1,4,1,0
GNL00996,B-08-02-L4,B,8,4,1,0
GNL00999,H-10-01-L5,H,10,5,1,0
GS2AH535,F-12-02-L5,F,12,5,1,0
GV1L3,J-06-03-L5,J,6,5,1,2
GV2APN01,F-08-01-L7,F,8,7,1,0
GV2P10,E-02-03-L8,E,2,8,1,1
GV4APN01,C-11-01-L4,C,11,4,1,0
GV4LE80S,F-06-01-L3,F,6,3,1,0
HE-12-IF,C-02-02-L4,C,2,4,1,0
HE-33,J-07-02-L7,J,7,7,1,2
HE-S-36,A-02-01-L8,A,2,8,1,0
HK46G113P120V,F-12-03-L5,F,12,5,1,0
HK46G113S-220VAC,H-11-01-L4,H,11,4,1,0
HRB15288,I-10-03-L6,I,10,6,1,0
HRB19905,I-11-01-L7,I,11,7,1,0
HRB25227,G-06-01-L1,G,6,1,0,52
HRB32870,G-11-01-L7,G,11,7,1,0
HRB33614,G-12-02-L1,G,12,1,0,11
HRB35358,J-10-02-L3,J,10,3,1,0
HRB35359,A-12-02-L0,A,12,0,0,5
HRB35360,D-08-02-L8,D,8,8,1,0
HRB35370,E-09-03-L7,E,9,7,1,0
HRB35380,B-11-03-L4,B,11,4,1,0
HRB37035,H-11-02-L5,H,11,5,1,0
HRB37769,A-07-03-L8,A,7,8,1,0
HRB38367,E-11-01-L8,E,11,8,1,0
HRB38368,E-11-02-L8,E,11,8,1,0
HRB51653,I-04-01-L6,I,4,6,1,2
HRB51667,D-11-01-L2,D,11,2,0,7
HRB51883,D-09-02-L7,D,9,7,1,0
HRB52844,E-11-03-L8,E,11,8,1,0
HRB53713,D-08-02-L0,D,8,0,0,9
HRB55925,D-10-01-L8,D,10,8,1,0
HRB57391,D-10-02-L8,D,10,8,1,0
HRB57440,D-10-03-L8,D,10,8,1,0
HRB60034,A-08-01-L8,A,8,8,1,0
HRB6336400,J-13-01-L0,J,13,0,0,18
HRB64624,B-03-01-L1,B,3,1,0,67
HRB64626,B-03-01-L2,B,3,2,0,67
HRB64828,B-05-03-L0,B,5,0,0,63
HRB64830,B-05-03-L1,B,5,1,0,63
HRB65944,D-02-03-L2,D,2,2,0,71
HRB80976,F-12-02-L1,F,12,1,0,7
HRB81078,H-03-01-L2,H,3,2,0,279
HUA15560,U-03-02-L6,U,3,6,1,0
HUA23187,A-04-03-L5,A,4,5,1,0
HUA23189,J-13-02-L6,J,13,6,1,0
HUA39662,G-09-01-L4,G,9,4,1,0
HVX0F362512T,G-04-02-L4,G,4,4,1,1
HVX0F363112T,E-12-01-L6,E,12,6,1,0
HVX0HNDL0001,E-03-03-L2,E,3,2,0,80
HVX0MCH125DC,I-06-02-L4,I,6,4,1,1
JLJ3932708,E-11-03-L1,E,11,1,0,7
JLJ3932709,E-10-01-L2,E,10,2,0,8
JLJ3932819S07,I-02-03-L3,I,2,3,1,4
JLJ3932855S07,A-10-03-L1,A,10,1,0,6
JLJ3932969,H-07-01-L4,H,7,4,1,1
JLJ3932970,H-07-01-L5,H,7,5,1,1
JLJ3932971,J-09-03-L3,J,9,3,1,1
JLJ3932972,H-07-01-L6,H,7,6,1,1
JLJ3933198S07,E-10-02-L0,E,10,0,0,8
JLJ3935916,H-06-01-L3,H,6,3,1,1
JLJ3936055,F-04-02-L3,F,4,3,1,1
JLJ3936143,G-01-03-L3,G,1,3,1,3
JLJ3936584,G-01-03-L4,G,1,4,1,3
JPS80174,A-04-03-L8,A,4,8,1,0
JYT11061,F-01-01-L7,F,1,7,1,3
JYT17272,G-11-01-L5,G,11,5,1,0
JYT18398,C-06-03-L4,C,6,4,1,0
JYT21669,B-04-01-L4,B,4,4,1,0
JYT30348,H-07-01-L7,H,7,7,1,1
JYT33655S07,G-09-02-L4,G,9,4,1,0
JYT35041_SETR27,D-08-01-L3,D,8,3,1,0
JYT35046,C-06-01-L5,C,6,5,1,0
JYT37347,F-02-03-L0,F,2,0,0,179
JYT37348,F-02-01-L0,F,2,0,0,183
JYT37348-K,B-08-02-L0,B,8,0,0,59
JYT37349,F-02-01-L2,F,2,2,0,182
JYT37349-K,B-08-03-L2,B,8,2,0,58
JYT37493,C-06-02-L5,C,6,5,1,0
JYT47165,C-06-03-L5,C,6,5,1,0
JYT47170,C-07-01-L3,C,7,3,1,0
JYT51423,U-08-02-L6,U,8,6,1,0
JYT70340,G-09-03-L4,G,9,4,1,0
JYT95090,H-09-01-L7,H,9,7,1,0
JYT96080,C-12-02-L7,C,12,7,1,0
JYT96081,B-06-01-L3,B,6,3,1,0
JYT96087,E-04-01-L7,E,4,7,1,0
K1I023NCH,A-07-01-L3,A,7,3,1,0
KABLOETK5,G-08-01-L6,G,8,6,1,0
KARKASCMC4417CS07,F-08-02-L8,F,8,8,1,0
KARKASDM1A81856S07,C-05-01-L7,C,5,7,1,0
KARKASDMAE48603S07,B-09-02-L3,B,9,3,1,0
KARKASQM4329CS07,F-09-02-L8,F,9,8,1,0
KL-721-616/019-044,C-04-02-L8,C,4,8,1,0
LA4DA2N,F-01-02-L8,F,1,8,1,3
LAD8N11,F-05-01-L7,F,5,7,1,0
LADN31,F-05-02-L7,F,5,7,1,0
LAG8N113,G-11-02-L5,G,11,5,1,0
LAG8N113P,G-11-03-L5,G,11,5,1,0
LC1D128M7,F-03-03-L3,F,3,3,1,2
LC1D258ED,D-08-02-L3,D,8,3,1,0
LC1D38BNE,B-10-03-L4,B,10,4,1,0
LC1D80GD,H-11-02-L4,H,11,4,1,0
LC1DT20P7,A-07-02-L3,A,7,3,1,0
LED-BP11-0030,D-03-02-L8,D,3,8,1,0
LED-EM-220VAC-GRN,F-10-02-L8,F,10,8,1,0
LED-EM-220VAC-RED,G-10-03-L8,G,10,8,1,0
LED-EM-24VDC-GRN,A-02-02-L8,A,2,8,1,0
LED-EM-24VDC-RED,D-10-02-L7,D,10,7,1,0
LED-EM-24VDC-YLW,E-07-01-L8,E,7,8,1,0
LED-EM-48VDC-GRN,I-06-02-L3,I,6,3,1,1
LED-EM-48VDC-RED,G-02-01-L8,G,2,8,1,2
LOCK-PART-010,D-08-01-L4,D,8,4,1,0
LT6CT8001,F-04-02-L4,F,4,4,1,1
LTMR08EBD,E-12-03-L7,E,12,7,1,0
LTMT9RJ401,H-06-02-L4,H,6,4,1,1
LTMTCTV100T,I-06-02-L5,I,6,5,1,1
LTMTCTV25T,I-06-02-L7,I,6,7,1,1
LTMTCTV3T,E-02-02-L4,E,2,4,1,1
LTMTCUF,G-02-01-L4,G,2,4,1,2
LTMTIN42FM,H-02-03-L3,H,2,3,1,3
LTMTMFM,I-04-01-L7,I,4,7,1,2
LU9R03,F-08-02-L7,F,8,7,1,0
LV432598T,G-02-02-L5,G,2,5,1,2
LV434220,B-01-03-L4,B,1,4,1,0
LVM02128X0,C-01-01-L3,C,1,3,1,0
LVM02708X0,J-09-02-L0,J,9,0,0,90
LVM02732X0,B-09-01-L1,B,9,1,0,58
LVM02910,B-10-01-L5,B,10,5,1,0
LVM02918,H-10-03-L4,H,10,4,1,0
LVM04654X0,A-07-03-L3,A,7,3,1,0
LVM04660X0,D-08-02-L4,D,8,4,1,0
LVM05006X0,U-14-02-L0,U,14,0,0,5
LVM05021X0,C-12-02-L1,C,12,1,0,33
LVM05047X0,E-09-03-L2,E,9,2,0,10
LVM09814,C-07-02-L3,C,7,3,1,0
LVM20001,D-10-03-L7,D,10,7,1,0
LVM20002,C-07-03-L8,C,7,8,1,0
LVM20004,J-06-02-L4,J,6,4,1,2
LVM20007,J-08-01-L5,J,8,5,1,1
LVM20011,E-08-01-L6,E,8,6,1,0
LVM20015,J-08-03-L7,J,8,7,1,1
LVM20016,J-08-03-L5,J,8,5,1,1
LVM20053XD-101R07,J-15-01-L4,J,15,4,1,0
LVM20558XF-104R14,G-09-01-L7,G,9,7,1,0
LVM20807X0R14,C-05-03-L0,C,5,0,0,42
LVM31023X0,G-09-02-L7,G,9,7,1,0
LVM31046X0,C-02-03-L4,C,2,4,1,0
LVM31125X0,J-15-02-L4,J,15,4,1,0
LVM32505X0,B-10-02-L5,B,10,5,1,0
LVM32506X0,I-08-01-L7,I,8,7,1,0
LVMZ0016X0,F-03-03-L4,F,3,4,1,2
LVMZ0181X0,B-05-02-L2,B,5,2,0,63
LVMZ0182X0,E-05-02-L1,E,5,1,0,26
LVMZ0192,I-08-01-L2,I,8,2,0,31
LVMZ0194,B-01-01-L1,B,1,1,0,70
LVMZ1133X0,H-08-03-L1,H,8,1,0,30
LVMZ1402X0,B-03-01-L0,B,3,0,0,67
LVMZ1479X0,B-10-03-L5,B,10,5,1,0
LVMZ1481X0,C-02-01-L5,C,2,5,1,0
LVMZ1487X0,F-07-02-L8,F,7,8,1,0
LVMZ1502X0,F-10-01-L3,F,10,3,1,0
LVMZ1507X0,I-11-01-L3,I,11,3,1,0
LVMZ1514X0,D-05-01-L3,D,5,3,1,0
LVMZ1518X0,D-05-03-L7,D,5,7,1,0
LVMZ1522X0,I-11-02-L3,I,11,3,1,0
MC000028,C-07-03-L3,C,7,3,1,0
MC02537T0,G-02-01-L5,G,2,5,1,2
MC02538T0,H-02-03-L5,H,2,5,1,3
MC02539T0,J-05-01-L5,J,5,5,1,3
MC02540T0,B-06-02-L5,B,6,5,1,0
MC02541T0,B-06-03-L5,B,6,5,1,0
MC02543T0,H-09-01-L4,H,9,4,1,0
MC02544T0,H-09-02-L4,H,9,4,1,0
MC02545T0,H-09-03-L4,H,9,4,1,0
MC02546T0,D-04-01-L3,D,4,3,1,0
MC02547T0,D-04-02-L3,D,4,3,1,0
MC02548T0,D-04-03-L3,D,4,3,1,0
MC02572T0,F-05-01-L0,F,5,0,0,71
MC02574T0,A-02-02-L0,A,2,0,0,21
MC02575T0,G-01-03-L5,G,1,5,1,3
MC1041,G-01-03-L6,G,1,6,1,3
MC1042,G-01-03-L7,G,1,7,1,3
MC1044,C-01-02-L3,C,1,3,1,0
MC1044-G,J-05-01-L6,J,5,6,1,3
MC1045,D-04-01-L4,D,4,4,1,0
MC1045-G,J-05-03-L4,J,5,4,1,3
MC110002,J-07-02-L2,J,7,2,0,172
MC110003,J-07-03-L0,J,7,0,0,170
MC110034,C-07-01-L4,C,7,4,1,0
MC1156,G-04-02-L7,G,4,7,1,1
MC1160,G-04-03-L7,G,4,7,1,1
MC1161,G-04-02-L8,G,4,8,1,1
MC1162,G-04-03-L8,G,4,8,1,1
MC1163,I-06-01-L3,I,6,3,1,1
MC1164,A-07-01-L4,A,7,4,1,0
MC1165,A-07-02-L4,A,7,4,1,0
MC1166,A-07-03-L4,A,7,4,1,0
MC1167,A-07-01-L5,A,7,5,1,0
MC1168,A-07-02-L5,A,7,5,1,0
MC128-K,J-17-01-L0,J,17,0,0,17
MC134-01,U-01-01-L0,U,1,0,0,12
MC136,G-09-02-L1,G,9,1,0,18
MC150048,G-01-03-L8,G,1,8,1,3
MC150050,I-08-01-L1,I,8,1,0,31
MC150051,U-01-02-L2,U,1,2,0,11
MC150052,C-03-01-L0,C,3,0,0,45
MC150055,I-02-01-L7,I,2,7,1,4
MC150056,H-01-03-L6,H,1,6,1,5
MC150107,J-01-03-L2,J,1,2,0,411
MC150126,C-07-02-L0,C,7,0,0,39
MC150169,G-09-01-L5,G,9,5,1,0
MC150170,G-09-02-L5,G,9,5,1,0
MC170009,C-07-02-L4,C,7,4,1,0
MC170010,C-07-03-L4,C,7,4,1,0
MC2007,E-11-03-L2,E,11,2,0,7
MC2008,F-12-03-L2,F,12,2,0,7
MC2009,A-10-01-L1,A,10,1,0,6
MC2010,A-12-02-L1,A,12,1,0,5
MC2011,A-10-01-L2,A,10,2,0,6
MC2012,U-08-02-L0,U,8,0,0,6
MC2013,J-09-03-L4,J,9,4,1,1
MC2036,F-01-01-L8,F,1,8,1,3
MC2037,H-02-01-L7,H,2,7,1,4
MC2038,H-02-01-L4,H,2,4,1,4
MC204,A-05-01-L6,A,5,6,1,0
MC2134,A-07-03-L5,A,7,5,1,0
MC221104,D-09-01-L8,D,9,8,1,0
MC221170,H-11-03-L4,H,11,4,1,0
MC221171,G-09-03-L5,G,9,5,1,0
MC221172,J-13-01-L3,J,13,3,1,0
MC221173,D-06-01-L3,D,6,3,1,0
MC221174,D-06-02-L3,D,6,3,1,0
MC221175,J-13-02-L3,J,13,3,1,0
MC221176,J-13-01-L4,J,13,4,1,0
MC221177,D-06-03-L3,D,6,3,1,0
MC221178,D-06-01-L4,D,6,4,1,0
MC221179,J-13-02-L4,J,13,4,1,0
MC221180,J-16-01-L3,J,16,3,1,0
MC221181,D-06-02-L4,D,6,4,1,0
MC223267,G-02-03-L8,G,2,8,1,2
MC223269,F-02-01-L8,F,2,8,1,2
MC223271,F-02-02-L3,F,2,3,1,2
MC224099,G-08-01-L4,G,8,4,1,0
MC224100,G-08-02-L4,G,8,4,1,0
MC224103,G-08-03-L4,G,8,4,1,0
MC226173,I-02-02-L3,I,2,3,1,4
MC290,E-06-02-L2,E,6,2,0,20
MC310007,C-02-02-L5,C,2,5,1,0
MC310011,E-08-01-L8,E,8,8,1,0
MC310015,C-01-03-L3,C,1,3,1,0
MC310039,F-10-02-L3,F,10,3,1,0
MC310042,G-06-03-L3,G,6,3,1,0
MC310043,C-02-03-L5,C,2,5,1,0
MC310044,E-08-02-L8,E,8,8,1,0
MC310052,C-01-01-L4,C,1,4,1,0
MC310053,C-01-02-L4,C,1,4,1,0
MC350005,B-08-02-L7,B,8,7,1,0
MC350006,C-03-01-L3,C,3,3,1,0
MC350007,B-10-01-L8,B,10,8,1,0
MC350008,B-10-02-L8,B,10,8,1,0
MC350009,C-01-03-L4,C,1,4,1,0
MC350011,B-08-02-L8,B,8,8,1,0
MC350020,C-03-02-L3,C,3,3,1,0
MC350025,E-02-01-L3,E,2,3,1,1
MC350028,E-08-03-L8,E,8,8,1,0
MC350037,B-11-01-L3,B,11,3,1,0
MC350061,B-05-03-L8,B,5,8,1,0
MC350062,B-06-01-L8,B,6,8,1,0
MC350098,C-03-03-L3,C,3,3,1,0
MC350099,C-03-01-L4,C,3,4,1,0
MC350100,A-12-03-L7,A,12,7,1,0
MC350101,F-09-02-L7,F,9,7,1,0
MC350102,A-11-01-L7,A,11,7,1,0
MC350103,C-05-03-L7,C,5,7,1,0
MC350104,C-01-01-L5,C,1,5,1,0
MC350105,C-01-02-L5,C,1,5,1,0
MC350106,D-07-01-L8,D,7,8,1,0
MC350107,D-07-02-L8,D,7,8,1,0
MC350131,D-08-01-L5,D,8,5,1,0
MC350137,J-16-02-L3,J,16,3,1,0
MC350138,C-01-03-L5,C,1,5,1,0
MC350139R12,B-03-01-L3,B,3,3,1,0
MC350140,D-05-02-L3,D,5,3,1,0
MC367,U-07-02-L0,U,7,0,0,7
MC368,U-07-02-L1,U,7,1,0,7
MC370032,I-11-03-L3,I,11,3,1,0
MC370033,D-05-03-L3,D,5,3,1,0
MC382,A-03-03-L2,A,3,2,0,17
MC410001,A-04-03-L2,A,4,2,0,14
MC410002,E-08-01-L0,E,8,0,0,14
MC418,B-01-01-L5,B,1,5,1,0
MC419,J-03-01-L5,J,3,5,1,4
MC422,H-06-02-L5,H,6,5,1,1
MC423,I-03-01-L7,I,3,7,1,3
MC450010,U-01-02-L0,U,1,0,0,11
MC450012,A-05-01-L2,A,5,2,0,11
MC450013,E-08-01-L1,E,8,1,0,14
MC450133,J-01-01-L7,J,1,7,1,4
MC470001,G-10-01-L0,G,10,0,0,15
MC470115,F-02-02-L4,F,2,4,1,2
MC470117,F-02-02-L5,F,2,5,1,2
MC5005,D-03-01-L1,D,3,1,0,29
MC5006,C-11-01-L2,C,11,2,0,34
MC5007,A-02-01-L1,A,2,1,0,21
MC5009,G-08-01-L0,G,8,0,0,23
MC5010,F-07-02-L0,F,7,0,0,24
MC510002,A-09-03-L1,A,9,1,0,7
MC510010,E-02-01-L5,E,2,5,1,1
MC573,H-06-03-L6,H,6,6,1,1
MC630,E-02-01-L2,E,2,2,0,110
MC650059,A-02-03-L0,A,2,0,0,20
MC650068R18,D-06-03-L4,D,6,4,1,0
MC650069R18,D-06-01-L5,D,6,5,1,0
MC650070R18,J-16-01-L4,J,16,4,1,0
MC650071R18,J-16-02-L4,J,16,4,1,0
MC653,G-11-02-L0,G,11,0,0,13
MC770121,A-09-02-L6,A,9,6,1,0
MCSESU083FN0,C-10-01-L8,C,10,8,1,0
MESAN5820E-110VDC,E-06-03-L1,E,6,1,0,20
MESAN895-110VDCRED,I-09-02-L2,I,9,2,0,24
METSEION7400,U-04-01-L3,U,4,3,1,0
METSEION92040,E-01-01-L8,E,1,8,1,2
METSEION92140,U-04-02-L3,U,4,3,1,0
METSEPM5320,H-06-02-L6,H,6,6,1,1
METSEPM5561,U-04-01-L4,U,4,4,1,0
METSEPM5650,D-03-03-L8,D,3,8,1,0
METSEPM82401,H-06-03-L7,H,6,7,1,1
MFR34424,E-05-03-L2,E,5,2,0,25
MFR36733,J-05-01-L2,J,5,2,0,348
MFR38057S07,E-05-03-L1,E,5,1,0,25
MFR38068,E-05-03-L0,E,5,0,0,25
MFR38500,A-11-02-L2,A,11,2,0,6
MFR38539S07,H-09-01-L0,H,9,0,0,25
MFR38793,I-09-02-L0,I,9,0,0,24
MFR38799,A-11-03-L0,A,11,0,0,6
MFR39067,H-09-01-L1,H,9,1,0,25
MFR39398,A-10-02-L1,A,10,1,0,6
MFR39474,J-05-01-L7,J,5,7,1,3
MFR39937,F-03-03-L5,F,3,5,1,2
MFR40141,F-03-03-L6,F,3,6,1,2
MFR40738,E-01-02-L3,E,1,3,1,2
MFR42021,B-09-03-L5,B,9,5,1,0
MFR42412,B-10-01-L3,B,10,3,1,0
MFR42428,B-10-02-L3,B,10,3,1,0
MFR42515,H-06-01-L4,H,6,4,1,1
MFR49235,H-09-01-L2,H,9,2,0,25
MFR49290,A-03-01-L3,A,3,3,1,0
MFR49910,H-09-02-L0,H,9,0,0,25
MFR50501,J-07-01-L6,J,7,6,1,2
MFR53058,B-09-03-L3,B,9,3,1,0
MFR6869500,D-08-02-L5,D,8,5,1,0
MFR77945,F-03-03-L7,F,3,7,1,2
MFR77955,F-03-03-L8,F,3,8,1,2
MFR78459,H-04-01-L7,H,4,7,1,2
MFR79360,E-01-02-L4,E,1,4,1,2
MFR79458,A-05-02-L0,A,5,0,0,11
MFR92472,H-01-03-L7,H,1,7,1,5
MMC9,B-02-03-L7,B,2,7,1,0
MNE-ACTPC6ASFLS10W,I-11-01-L2,I,11,2,0,15
MNE-ACTPC6ASFLS5WE,D-10-03-L1,D,10,1,0,7
MV261400,J-09-03-L5,J,9,5,1,1
MV261401,J-09-03-L6,J,9,6,1,1
MVFDE36U40AL5,C-06-03-L0,C,6,0,0,39
MVFDE36U63AL5,J-15-02-L2,J,15,2,0,15
NAT17082,B-04-01-L5,B,4,5,1,0
NAT28082,D-05-01-L4,D,5,4,1,0
NAT28083,D-05-02-L4,D,5,4,1,0
NAT28085-001S07,A-03-02-L3,A,3,3,1,0
NAT28085-002S07,U-04-02-L4,U,4,4,1,0
NAT28085S07,D-05-03-L4,D,5,4,1,0
NHA10901,A-07-03-L0,A,7,0,0,7
NHA12446,A-10-03-L2,A,10,2,0,6
NHA12476,F-01-02-L3,F,1,3,1,3
NHA12854,H-07-02-L3,H,7,3,1,1
NHA13012,H-07-02-L4,H,7,4,1,1
NHA13072,E-01-02-L5,E,1,5,1,2
NHA14487,I-01-01-L0,I,1,0,0,1099
NHA14490,F-11-03-L6,F,11,6,1,0
NHA15014,D-06-02-L5,D,6,5,1,0
NHA16968,E-12-01-L0,E,12,0,0,7
NHA19683S07,A-07-03-L1,A,7,1,0,7
NHA20233R14,H-07-02-L5,H,7,5,1,1
NHA20422S07,J-09-03-L7,J,9,7,1,1
NHA22910,D-09-01-L2,D,9,2,0,7
NHA27269,I-01-01-L1,I,1,1,0,659
NHA31278,A-08-02-L8,A,8,8,1,0
NHA40168,J-01-01-L3,J,1,3,1,4
NHA40857,F-11-01-L3,F,11,3,1,0
NHA41450,J-16-01-L7,J,16,7,1,0
NHA42283,U-02-02-L1,U,2,1,0,9
NHA48752,E-03-01-L2,E,3,2,0,81
NHA53589,J-09-02-L2,J,9,2,0,89
NHA54099,A-06-02-L7,A,6,7,1,0
NHA66417,A-08-03-L8,A,8,8,1,0
NHA72325,D-02-01-L1,D,2,1,0,73
NHA72589,B-12-02-L0,B,12,0,0,53
NHA74459,B-04-02-L0,B,4,0,0,66
NHA87539,D-09-02-L2,D,9,2,0,7
NHA87539-K,I-11-03-L2,I,11,2,0,14
NHA88868,H-07-01-L2,H,7,2,0,75
NHA88871,H-07-02-L0,H,7,0,0,75
NNZ23522,J-11-01-L0,J,11,0,0,28
NNZ23525,J-11-01-L1,J,11,1,0,28
NNZ63591,D-09-02-L8,D,9,8,1,0
NNZ73708,G-05-02-L2,G,5,2,0,86
NNZ74761,C-07-01-L5,C,7,5,1,0
NNZ76185,C-07-02-L5,C,7,5,1,0
NNZ76187,D-04-02-L4,D,4,4,1,0
NNZ76335,C-07-03-L5,C,7,5,1,0
NNZ77523,A-12-03-L0,A,12,0,0,5
NNZ78724,E-01-02-L6,E,1,6,1,2
NNZ79178,C-08-01-L3,C,8,3,1,0
NNZ80694,B-04-02-L4,B,4,4,1,0
NNZ80695,F-07-03-L8,F,7,8,1,0
NNZ80743,C-08-02-L3,C,8,3,1,0
NNZ80782,C-08-03-L3,C,8,3,1,0
NNZ81788,D-03-03-L3,D,3,3,1,0
NNZ81807,F-10-03-L3,F,10,3,1,0
NNZ82268,F-10-01-L4,F,10,4,1,0
NNZ82562,G-08-01-L5,G,8,5,1,0
NNZ83210,D-09-03-L8,D,9,8,1,0
NNZ84360,C-08-01-L4,C,8,4,1,0
NNZ84362,C-08-02-L4,C,8,4,1,0
NNZ84499,C-08-03-L4,C,8,4,1,0
NNZ85228,J-03-01-L7,J,3,7,1,4
NNZ87665,D-04-03-L4,D,4,4,1,0
NNZ87920,F-10-02-L4,F,10,4,1,0
NNZ88435,C-02-01-L3,C,2,3,1,0
NNZ88544,E-01-02-L7,E,1,7,1,2
NNZ88574,C-02-02-L3,C,2,3,1,0
NNZ88604,H-07-02-L6,H,7,6,1,1
NNZ88609,H-07-02-L7,H,7,7,1,1
NNZ89030S07,F-11-02-L3,F,11,3,1,0
NNZ89478,F-12-01-L8,F,12,8,1,0
NNZ93413,C-08-01-L5,C,8,5,1,0
NNZ93424,C-02-03-L3,C,2,3,1,0
NNZ94067,C-08-02-L5,C,8,5,1,0
NNZ96686,C-08-03-L5,C,8,5,1,0
NSYLAM3M,E-01-02-L8,E,1,8,1,2
NSYLAMLDS,I-11-01-L4,I,11,4,1,0
NVE11103,H-11-02-L0,H,11,0,0,16
NVE11105,D-06-03-L0,D,6,0,0,16
NVE11108,H-11-03-L0,H,11,0,0,16
NVE11138,D-06-03-L1,D,6,1,0,16
NVE12761,B-09-03-L6,B,9,6,1,0
NVE12773,H-09-03-L5,H,9,5,1,0
NVE13753,F-06-02-L0,F,6,0,0,28
NVE14992,H-03-01-L3,H,3,3,1,3
NVE18124,C-08-01-L1,C,8,1,0,39
NVE19342,F-11-02-L6,F,11,6,1,0
NVE20194,F-12-01-L6,F,12,6,1,0
NVE20210,J-15-01-L5,J,15,5,1,0
NVE23154,E-06-03-L0,E,6,0,0,20
NVE25093,G-07-01-L2,G,7,2,0,27
NVE25419,B-01-01-L2,B,1,2,0,70
NVE26684,A-11-03-L2,A,11,2,0,6
NVE26691,U-10-01-L0,U,10,0,0,6
NVE28501,F-10-03-L4,F,10,4,1,0
NVE42047,F-11-03-L3,F,11,3,1,0
NVE44360,G-09-02-L2,G,9,2,0,18
NVE44362,D-05-03-L2,D,5,2,0,19
NVE44363,J-01-03-L0,J,1,0,0,420
NVE46947,H-10-02-L2,H,10,2,0,19
NVE54755,C-08-01-L2,C,8,2,0,39
NVE54757,B-04-02-L1,B,4,1,0,66
NVE54761,B-04-01-L1,B,4,1,0,66
NVE58874,F-06-02-L1,F,6,1,0,28
NVE63136,B-10-02-L2,B,10,2,0,56
NVE63141,E-01-03-L3,E,1,3,1,2
NVE65935R12,E-07-01-L0,E,7,0,0,17
NVE65935R14,G-12-03-L1,G,12,1,0,11
NVE65935S07,G-07-01-L0,G,7,0,0,27
NVE66003,B-07-01-L3,B,7,3,1,0
NVE66007,I-11-02-L4,I,11,4,1,0
NVE66009,D-05-01-L5,D,5,5,1,0
NVE71463,F-06-02-L3,F,6,3,1,0
NVE72937,C-01-02-L8,C,1,8,1,0
NVE74895,J-05-03-L1,J,5,1,0,334
NVE83009R12,J-10-01-L2,J,10,2,0,70
NVE83009S07,H-11-01-L0,H,11,0,0,16
NVE83303,A-07-03-L7,A,7,7,1,0
NVE83318,B-09-03-L8,B,9,8,1,0
NVE83407,B-10-03-L8,B,10,8,1,0
NVE83472,J-04-02-L2,J,4,2,0,310
NVE83485,H-06-01-L1,H,6,1,0,101
NVE83501,E-06-02-L7,E,6,7,1,0
NVE83511,G-06-01-L4,G,6,4,1,0
NVE84039,E-11-01-L7,E,11,7,1,0
NVE84041,F-11-01-L7,F,11,7,1,0
NVE84042,F-12-03-L7,F,12,7,1,0
NVE84046-007R10,E-11-01-L3,E,11,3,1,0
NVE84046-012R10,E-11-02-L3,E,11,3,1,0
NVE84046-355R10,E-11-03-L3,E,11,3,1,0
NVE84046-366R10,E-11-01-L4,E,11,4,1,0
NVE84374,H-02-01-L2,H,2,2,0,380
NVE84918,E-10-03-L0,E,10,0,0,8
NVE84919,D-06-03-L5,D,6,5,1,0
NVE84920,U-02-01-L1,U,2,1,0,9
NVE84922,A-03-03-L3,A,3,3,1,0
NVE84925R10,F-09-01-L3,F,9,3,1,0
NVE88767,J-06-01-L2,J,6,2,0,209
NVE90311,H-03-03-L1,H,3,1,0,255
NVE90312,B-12-01-L0,B,12,0,0,53
NVE90313,B-10-03-L0,B,10,0,0,55
NVE93679,C-12-01-L2,C,12,2,0,34
NVE95219,H-03-03-L2,H,3,2,0,255
NVE95220,G-06-01-L0,G,6,0,0,52
NVE95221,B-12-03-L1,B,12,1,0,52
NX7230484,H-02-03-L4,H,2,4,1,3
OGH0212,F-01-03-L3,F,1,3,1,3
OGH0604,H-02-02-L3,H,2,3,1,4
OGH0606,F-10-02-L0,F,10,0,0,13
OGH0607,D-08-01-L0,D,8,0,0,10
OKK00018,F-01-03-L4,F,1,4,1,3
OKK00534,F-01-02-L4,F,1,4,1,3
OKK01243,G-11-03-L2,G,11,2,0,13
OKK01253,F-10-01-L0,F,10,0,0,13
OKK01254,F-10-01-L1,F,10,1,0,13
OKK01886,F-10-02-L1,F,10,1,0,13
OKK01888,F-10-02-L2,F,10,2,0,13
OKK02060,F-08-03-L2,F,8,2,0,19
OKK02154,F-11-01-L4,F,11,4,1,0
OKK02538,D-08-01-L1,D,8,1,0,10
OKK02559,F-01-03-L5,F,1,5,1,3
OKK03448,D-05-02-L5,D,5,5,1,0
OKK03507,G-07-01-L5,G,7,5,1,0
OKK03508,G-07-02-L5,G,7,5,1,0
OKK03509,F-09-02-L3,F,9,3,1,0
OKK03510,G-07-03-L5,G,7,5,1,0
OKK03511,F-09-03-L3,F,9,3,1,0
OKK03512,C-09-03-L5,C,9,5,1,0
OKK03513,F-09-01-L4,F,9,4,1,0
OKK03514,F-09-02-L4,F,9,4,1,0
OKK03515,F-09-03-L4,F,9,4,1,0
OKK03517,F-10-01-L5,F,10,5,1,0
OKK03518,E-11-02-L4,E,11,4,1,0
OKK03519,E-11-03-L4,E,11,4,1,0
OKK03556,F-11-02-L4,F,11,4,1,0
P3F30-CGGGGAAENABA,E-11-01-L5,E,11,5,1,0
P3G32CGG1AAA1NABBA,E-11-02-L5,E,11,5,1,0
P3L30-CGGGA-SAENA-,E-11-03-L5,E,11,5,1,0
P3L30CGGGASAENABAA,F-11-03-L4,F,11,4,1,0
P3T32CGG1AAA1NABAA,D-10-01-L3,D,10,3,1,0
P3U30-6BAA3BBAA,E-05-01-L3,E,5,3,1,0
P5L30CECEMEHHHBAFI,D-10-02-L3,D,10,3,1,0
P5L30EEDELDBAABAE,D-05-03-L5,D,5,5,1,0
P7M-SET0002,G-05-01-L3,G,5,3,1,1
P7M-SET0018,H-07-03-L3,H,7,3,1,1
P7M-SET4131,D-01-01-L4,D,1,4,1,1
P7M-SET4135,G-05-01-L4,G,5,4,1,1
P7M-SET4136,G-05-01-L5,G,5,5,1,1
P7M-SET4556,H-07-03-L4,H,7,4,1,1
P7M-SET4557,H-07-03-L5,H,7,5,1,1
P7M-SET5106,E-01-03-L5,E,1,5,1,2
P7M10029,F-04-01-L2,F,4,2,0,93
P7M12015,E-01-03-L4,E,1,4,1,2
P7M12017,F-07-02-L1,F,7,1,0,24
P7M13002,H-09-02-L1,H,9,1,0,25
P7M14005,E-12-01-L1,E,12,1,0,7
P7M16001SET,C-09-01-L2,C,9,2,0,36
P7M16079,H-03-01-L4,H,3,4,1,3
P7M17001,B-12-03-L0,B,12,0,0,52
P7M17002,B-07-02-L0,B,7,0,0,60
P7M17010,G-01-01-L2,G,1,2,0,293
P7M17026,G-05-03-L1,G,5,1,0,83
P7M17084,G-07-02-L1,G,7,1,0,27
P7M17101,C-01-02-L1,C,1,1,0,49
P7M17102,I-11-02-L0,I,11,0,0,14
P7M17103SET,D-01-01-L3,D,1,3,1,1
P7M17140,J-03-02-L7,J,3,7,1,4
P7M17143,H-06-01-L5,H,6,5,1,1
P7M18023,B-04-02-L2,B,4,2,0,66
P7M18034,B-04-01-L2,B,4,2,0,66
PAS600L,D-12-01-L1,D,12,1,0,6
PHA14081,J-13-01-L1,J,13,1,0,18
PHA14086,J-13-01-L2,J,13,2,0,18
PHA24106,C-09-02-L2,C,9,2,0,36
PHA25036,F-01-03-L8,F,1,8,1,2
PHA25392,J-06-02-L5,J,6,5,1,2
PHA25458,J-06-02-L3,J,6,3,1,2
PHA26967R10,I-11-03-L4,I,11,4,1,0
PHA37060,J-05-01-L1,J,5,1,0,348
PHA38174,H-02-03-L0,H,2,0,0,356
PHA39569,F-09-01-L5,F,9,5,1,0
PHA40102,B-09-01-L4,B,9,4,1,0
PHA77817,F-01-03-L6,F,1,6,1,3
PHA77820,F-01-03-L7,F,1,7,1,3
PHA81106,B-09-01-L0,B,9,0,0,58
PHA96752S07,C-11-02-L4,C,11,4,1,0
PHN-0308029,B-08-03-L7,B,8,7,1,0
PHN-2868606,I-10-01-L1,I,10,1,0,19
PHN-2904599,E-02-01-L7,E,2,7,1,1
PHN-2907719,A-10-02-L2,A,10,2,0,6
PHN-3024478,A-04-03-L6,A,4,6,1,0
PHN-3026272,G-08-02-L6,G,8,6,1,0
PHN-3044814,J-16-01-L5,J,16,5,1,0
PIXSET000046,F-05-02-L4,F,5,4,1,0
PIXSET000450,D-03-01-L4,D,3,4,1,0
PKR16399,C-09-01-L3,C,9,3,1,0
PKR28822,H-02-02-L4,H,2,4,1,3
PKR38566,C-09-02-L3,C,9,3,1,0
PKR40755S07,D-10-01-L0,D,10,0,0,7
PKR42621,D-10-01-L1,D,10,1,0,7
PKR42622,D-10-01-L2,D,10,2,0,7
PKR42624,D-10-02-L0,D,10,0,0,7
PKR42628,U-09-01-L0,U,9,0,0,6
PKR42633,U-09-01-L1,U,9,1,0,6
PKR42697,U-09-01-L2,U,9,2,0,6
PKR42698,U-08-03-L2,U,8,2,0,6
PKR42700,U-09-02-L0,U,9,0,0,6
PKR42704,U-09-02-L1,U,9,1,0,6
PKR42705,A-07-01-L0,A,7,0,0,7
PKR42706,H-07-03-L6,H,7,6,1,1
PKR42798,D-10-02-L1,D,10,1,0,7
PKR42978,H-03-01-L5,H,3,5,1,3
PKR42979,U-12-02-L2,U,12,2,0,5
PKR42980,F-02-02-L6,F,2,6,1,2
PKR45330S07,F-11-01-L5,F,11,5,1,0
PKR45632,I-06-01-L1,I,6,1,0,116
PKR56799,C-05-02-L2,C,5,2,0,42
PKR58155,F-10-02-L5,F,10,5,1,0
PKR58162,A-03-01-L4,A,3,4,1,0
PKR58163,F-10-03-L5,F,10,5,1,0
PKR59589,I-04-01-L1,I,4,1,0,197
PKR59590,I-04-01-L2,I,4,2,0,197
PKR59591,G-02-01-L0,G,2,0,0,197
PKR78310,E-01-03-L6,E,1,6,1,2
PKR91906,G-08-03-L1,G,8,1,0,22
PT570110,G-04-01-L7,G,4,7,1,1
PT78740,G-04-01-L8,G,4,8,1,1
QGH17901,I-02-01-L2,I,2,2,0,399
QGH20773,H-02-02-L1,H,2,1,0,368
QGH28830,C-07-02-L1,C,7,1,0,39
QGH30355,G-05-01-L6,G,5,6,1,1
QGH30391,J-05-02-L4,J,5,4,1,3
QGH32762,J-11-01-L2,J,11,2,0,28
QGH35858,I-03-02-L3,I,3,3,1,3
QGH36704,D-05-01-L1,D,5,1,0,19
QGH42623,D-10-03-L3,D,10,3,1,0
QGH42626,D-10-01-L4,D,10,4,1,0
QGH42900,D-10-02-L4,D,10,4,1,0
QGH43015,D-10-03-L4,D,10,4,1,0
QGH44733,J-04-02-L1,J,4,1,0,315
QGH46836R07,A-04-01-L3,A,4,3,1,0
QGH49263,I-03-02-L4,I,3,4,1,3
QGH49270,I-03-02-L5,I,3,5,1,3
QGH49432,I-01-03-L5,I,1,5,1,5
QGH54010,G-06-03-L1,G,6,1,0,51
QGH65581,G-05-01-L7,G,5,7,1,1
QGH66332-49,G-08-02-L5,G,8,5,1,0
QGH66332-70,H-06-02-L7,H,6,7,1,1
QGH66357,I-03-02-L6,I,3,6,1,3
QGH68575,G-07-02-L0,G,7,0,0,27
QGH68580,C-02-01-L0,C,2,0,0,47
QGH68582,D-03-03-L0,D,3,0,0,29
QGH71808,A-06-03-L7,A,6,7,1,0
QGH71867,G-04-01-L6,G,4,6,1,1
QGH72768,I-09-02-L6,I,9,6,1,0
QGH82656,B-10-01-L6,B,10,6,1,0
QGH83395,J-07-01-L7,J,7,7,1,2
QGH83730,E-01-03-L7,E,1,7,1,2
QGH83736,E-01-03-L8,E,1,8,1,2
QGH83945,H-05-01-L3,H,5,3,1,2
QGH90952,J-02-01-L5,J,2,5,1,5
REL15007,F-11-02-L5,F,11,5,1,0
REL15014,H-08-03-L7,H,8,7,1,0
REL15051,A-04-02-L3,A,4,3,1,0
REL52004,D-09-02-L0,D,9,0,0,7
REL52008,H-05-01-L4,H,5,4,1,2
REL52009,B-07-02-L3,B,7,3,1,0
REL52011,A-10-01-L8,A,10,8,1,0
REL52018,F-09-02-L5,F,9,5,1,0
REL52022,F-11-03-L5,F,11,5,1,0
REL52921,D-10-01-L5,D,10,5,1,0
REL59917,U-02-01-L3,U,2,3,1,0
RESISTOR130OHM,D-03-02-L4,D,3,4,1,0
RI02,D-03-03-L6,D,3,6,1,0
RK-926-315-BD,G-05-01-L8,G,5,8,1,1
RK-926-315-BL,G-05-02-L3,G,5,3,1,1
RM35JA32MW,B-08-03-L4,B,8,4,1,0
ROZET-EM-BROZET18,G-12-01-L6,G,12,6,1,0
RSB2A080ED,G-04-02-L6,G,4,6,1,1
RSP25-11003Z6TT-SC,E-02-02-L6,E,2,6,1,1
S1A11835SN,F-02-02-L7,F,2,7,1,2
S1A11836,A-12-02-L2,A,12,2,0,5
S1A13835,C-11-02-L6,C,11,6,1,0
S1A15653,D-04-01-L8,D,4,8,1,0
S1A17088,J-05-02-L0,J,5,0,0,347
S1A18951,U-14-02-L1,U,14,1,0,5
S1A19358,G-09-03-L7,G,9,7,1,0
S1A19359,A-10-01-L0,A,10,0,0,6
S1A19361,E-05-01-L1,E,5,1,0,26
S1A20643,U-08-02-L1,U,8,1,0,6
S1A20811,D-06-03-L6,D,6,6,1,0
S1A22391,D-09-03-L2,D,9,2,0,7
S1A22486,H-06-01-L6,H,6,6,1,1
S1A22613,J-15-02-L6,J,15,6,1,0
S1A23008,J-06-02-L0,J,6,0,0,206
S1A23251,H-03-01-L0,H,3,0,0,284
S1A23397,E-12-01-L2,E,12,2,0,7
S1A24150,F-09-03-L1,F,9,1,0,16
S1A24152,E-07-02-L1,E,7,1,0,17
S1A24828,I-11-01-L6,I,11,6,1,0
S1A25599,U-09-02-L2,U,9,2,0,6
S1A25783,I-11-01-L0,I,11,0,0,15
S1A25814,J-15-01-L0,J,15,0,0,15
S1A25957,B-02-01-L8,B,2,8,1,0
S1A25967,B-04-02-L8,B,4,8,1,0
S1A27099,G-04-01-L5,G,4,5,1,1
S1A27817,B-05-02-L0,B,5,0,0,63
S1A28558,B-12-02-L5,B,12,5,1,0
S1A30039,J-14-01-L6,J,14,6,1,0
S1A34242,H-07-03-L0,H,7,0,0,74
S1A34846,B-03-02-L6,B,3,6,1,0
S1A34848,H-11-03-L5,H,11,5,1,0
S1A35572,J-08-03-L2,J,8,2,0,125
S1A37536,F-09-03-L6,F,9,6,1,0
S1A37586S,U-03-01-L6,U,3,6,1,0
S1A38031,A-06-03-L2,A,6,2,0,8
S1A38033,U-04-02-L0,U,4,0,0,7
S1A38465,B-01-01-L6,B,1,6,1,0
S1A38648,J-05-03-L5,J,5,5,1,3
S1A39140,E-12-02-L0,E,12,0,0,7
S1A40494,A-05-02-L6,A,5,6,1,0
S1A41028,B-03-02-L8,B,3,8,1,0
S1A41443,E-12-02-L1,E,12,1,0,7
S1A41573,G-10-01-L6,G,10,6,1,0
S1A41933,H-10-02-L0,H,10,0,0,20
S1A42806,B-08-03-L6,B,8,6,1,0
S1A42884,E-07-03-L6,E,7,6,1,0
S1A42885,G-10-02-L6,G,10,6,1,0
S1A45741,I-11-01-L1,I,11,1,0,15
S1A46595,E-12-02-L2,E,12,2,0,7
S1A47334,F-12-01-L1,F,12,1,0,7
S1A50471,E-12-03-L0,E,12,0,0,7
S1A50595,I-07-02-L1,I,7,1,0,77
S1A50818,F-04-02-L5,F,4,5,1,1
S1A50820,E-12-03-L1,E,12,1,0,7
S1A51232,A-05-03-L6,A,5,6,1,0
S1A52369,C-03-01-L1,C,3,1,0,44
S1A52413,F-06-01-L0,F,6,0,0,28
S1A63489,G-03-01-L0,G,3,0,0,169
S1A65648,E-12-03-L2,E,12,2,0,7
S1A65946,B-04-03-L8,B,4,8,1,0
S1A66370,U-06-01-L0,U,6,0,0,7
S1A67175,U-04-02-L1,U,4,1,0,7
S1A67176,U-04-02-L2,U,4,2,0,7
S1A67178,U-06-01-L1,U,6,1,0,7
S1A68105,E-11-01-L0,E,11,0,0,7
S1A68107,U-03-01-L0,U,3,0,0,8
S1A68123,E-11-01-L1,E,11,1,0,7
S1A68920,B-01-02-L1,B,1,1,0,69
S1A68921,D-05-02-L6,D,5,6,1,0
S1A68922,F-11-03-L1,F,11,1,0,9
S1A68923,D-09-02-L6,D,9,6,1,0
S1A68924,B-12-03-L2,B,12,2,0,52
S1A70177,G-01-02-L0,G,1,0,0,289
S1A70323,J-18-01-L3,J,18,3,1,0
S1A71076R10,H-05-01-L5,H,5,5,1,2
S1A73352,I-03-02-L7,I,3,7,1,3
S1A74397,G-10-03-L0,G,10,0,0,15
S1A74776,H-01-02-L3,H,1,3,1,5
S1A74778,H-01-02-L4,H,1,4,1,5
S1A76775,H-05-01-L6,H,5,6,1,2
S1A77781,B-04-01-L6,B,4,6,1,0
S1A79496,J-08-01-L0,J,8,0,0,140
S1A80474,E-03-02-L0,E,3,0,0,81
S1A80586,F-12-02-L2,F,12,2,0,7
S1A80600,J-17-01-L6,J,17,6,1,0
S1A81405-008R10,J-18-02-L3,J,18,3,1,0
S1A84011,B-10-02-L6,B,10,6,1,0
S1A84768,G-07-03-L6,G,7,6,1,0
S1A85882,E-05-01-L6,E,5,6,1,0
S1A88184,C-12-01-L6,C,12,6,1,0
S1A89043,G-12-01-L8,G,12,8,1,0
S1A89414,F-07-01-L2,F,7,2,0,24
S1A90548,B-03-03-L6,B,3,6,1,0
S1A90812,E-11-01-L2,E,11,2,0,7
S1A90814,U-03-01-L1,U,3,1,0,8
S1A91664,F-01-03-L0,F,1,0,0,219
S1A91668,F-04-02-L0,F,4,0,0,93
S1A91862,U-06-01-L2,U,6,2,0,7
S1A91943,U-06-02-L0,U,6,0,0,7
S1A91944,U-06-02-L1,U,6,1,0,7
S1A91945,U-06-02-L2,U,6,2,0,7
S1A92071,I-08-02-L6,I,8,6,1,0
S1A92263,F-01-03-L1,F,1,1,0,219
S1A93302,H-09-02-L5,H,9,5,1,0
S1A93757,D-10-02-L5,D,10,5,1,0
S1A96904,H-01-02-L5,H,1,5,1,5
S1B11977,A-09-01-L0,A,9,0,0,7
S1B12501,G-10-01-L1,G,10,1,0,15
S1B13759,G-04-01-L0,G,4,0,0,125
S1B18405,J-08-03-L0,J,8,0,0,127
S1B18646,B-07-03-L8,B,7,8,1,0
S1B23211,E-05-02-L6,E,5,6,1,0
S1B23238,H-07-03-L7,H,7,7,1,1
S1B23253,H-06-03-L3,H,6,3,1,1
S1B23255,H-06-03-L4,H,6,4,1,1
S1B25914,D-10-03-L5,D,10,5,1,0
S1B27049,E-09-02-L6,E,9,6,1,0
S1B27927,G-10-03-L1,G,10,1,0,15
S1B28347,F-01-02-L1,F,1,1,0,235
S1B28636,J-03-01-L6,J,3,6,1,4
S1B28639,A-04-03-L1,A,4,1,0,14
S1B28641,E-08-01-L2,E,8,2,0,14
S1B28642,E-08-02-L0,E,8,0,0,14
S1B28947,G-02-01-L6,G,2,6,1,2
S1B28950,F-09-01-L6,F,9,6,1,0
S1B29170,I-08-01-L6,I,8,6,1,0
S1B30019,D-09-01-L1,D,9,1,0,7
S1B32159,E-05-02-L0,E,5,0,0,26
S1B32736,J-08-01-L3,J,8,3,1,2
S1B33086,A-03-02-L4,A,3,4,1,0
S1B33086R10,A-09-01-L1,A,9,1,0,7
S1B34391,J-06-01-L1,J,6,1,0,211
S1B35575,D-06-03-L2,D,6,2,0,16
S1B42175,J-08-02-L3,J,8,3,1,1
S1B44814,I-01-01-L7,I,1,7,1,5
S1B45034,H-01-02-L6,H,1,6,1,5
S1B45130,C-07-02-L2,C,7,2,0,39
S1B45131,C-09-03-L0,C,9,0,0,36
S1B45714,H-01-02-L7,H,1,7,1,5
S1B46674,G-08-03-L5,G,8,5,1,0
S1B46834,J-04-01-L1,J,4,1,0,319
S1B52154,I-01-02-L3,I,1,3,1,5
S1B53255,B-05-01-L8,B,5,8,1,0
S1B54338,D-09-03-L0,D,9,0,0,7
S1B56277,H-05-01-L7,H,5,7,1,2
S1B59137,H-08-01-L6,H,8,6,1,0
S1B59157,J-08-01-L4,J,8,4,1,2
S1B60455,H-02-03-L1,H,2,1,0,354
S1B60456,G-04-02-L2,G,4,2,0,120
S1B63319-135S07,E-04-01-L4,E,4,4,1,0
S1B63319-157S07,D-04-01-L5,D,4,5,1,0
S1B63319-186S07,U-05-01-L3,U,5,3,1,0
S1B63319-228S07,B-11-01-L5,B,11,5,1,0
S1B63319-284S07,U-02-02-L3,U,2,3,1,0
S1B63319-289S07,U-05-02-L3,U,5,3,1,0
S1B63319-297S07,U-05-01-L4,U,5,4,1,0
S1B63319-334S07,A-02-01-L3,A,2,3,1,0
S1B63319-348S07,U-05-02-L4,U,5,4,1,0
S1B63319-399S07,J-18-01-L4,J,18,4,1,0
S1B63319-400S07,A-08-01-L3,A,8,3,1,0
S1B63319-415S07,A-04-03-L3,A,4,3,1,0
S1B63319-418S07,A-08-02-L3,A,8,3,1,0
S1B63319-486S07,B-11-02-L3,B,11,3,1,0
S1B63319-536S07,J-18-02-L4,J,18,4,1,0
S1B63319-635S07,D-04-02-L5,D,4,5,1,0
S1B63319-735S07,A-08-03-L3,A,8,3,1,0
S1B63319-736S07,A-08-01-L4,A,8,4,1,0
S1B63319-737S07,U-02-01-L4,U,2,4,1,0
S1B63319-739S07,D-04-03-L5,D,4,5,1,0
S1B63319-745S07,A-08-02-L4,A,8,4,1,0
S1B63319S07,A-12-01-L8,A,12,8,1,0
S1B63323-004S07,E-05-02-L3,E,5,3,1,0
S1B63323-1001S07,B-10-03-L3,B,10,3,1,0
S1B63323-1020S07,A-08-03-L4,A,8,4,1,0
S1B63323-1022S07,A-08-01-L5,A,8,5,1,0
S1B63323-1045S07,D-03-01-L7,D,3,7,1,0
S1B63323-1054S07,A-08-02-L5,A,8,5,1,0
S1B63323-1074S07,A-04-01-L4,A,4,4,1,0
S1B63323-1111S07,A-08-03-L5,A,8,5,1,0
S1B63323-1112S07,A-04-02-L4,A,4,4,1,0
S1B63323-1131S07,U-02-02-L4,U,2,4,1,0
S1B63323-1135S07,D-11-01-L3,D,11,3,1,0
S1B63323-1171S07,D-11-01-L4,D,11,4,1,0
S1B63323-1208S07,C-09-03-L3,C,9,3,1,0
S1B63323-1237S07,D-11-01-L5,D,11,5,1,0
S1B63323-1278S07,E-12-01-L3,E,12,3,1,0
S1B63323-1324S07,E-12-02-L3,E,12,3,1,0
S1B63323-1325S07,A-06-01-L3,A,6,3,1,0
S1B63323-1400S07,F-09-03-L5,F,9,5,1,0
S1B63323-1466S07,E-12-03-L3,E,12,3,1,0
S1B63323-1510S07,A-06-02-L3,A,6,3,1,0
S1B63323-1511S07,A-06-03-L3,A,6,3,1,0
S1B63323-1512S07,A-06-01-L4,A,6,4,1,0
S1B63323-1513S07,E-12-01-L4,E,12,4,1,0
S1B63323-1515S07,C-11-01-L5,C,11,5,1,0
S1B63323-1516S07,A-06-02-L4,A,6,4,1,0
S1B63323-1517S07,E-12-02-L4,E,12,4,1,0
S1B63323-1518S07,A-06-03-L4,A,6,4,1,0
S1B63323-1519S07,E-12-03-L4,E,12,4,1,0
S1B63323-399S07,A-04-03-L4,A,4,4,1,0
S1B63323-464S07,E-07-02-L8,E,7,8,1,0
S1B63323-477S07,F-05-01-L5,F,5,5,1,0
S1B63323-647S07,E-12-01-L5,E,12,5,1,0
S1B63323-862S07,I-09-01-L3,I,9,3,1,0
S1B63323-911S07,E-05-03-L3,E,5,3,1,0
S1B63323-912S07,A-03-03-L4,A,3,4,1,0
S1B63323-913S07,U-01-01-L3,U,1,3,1,0
S1B63323S07,B-09-02-L4,B,9,4,1,0
S1B66039,U-10-01-L1,U,10,1,0,6
S1B72008,E-07-03-L7,E,7,7,1,0
S1B72022,B-08-03-L8,B,8,8,1,0
S1B81606,B-04-02-L6,B,4,6,1,0
S1B88264,B-09-01-L8,B,9,8,1,0
S1B90388,E-09-02-L1,E,9,1,0,10
S1B98321,A-09-01-L2,A,9,2,0,7
S202-C32,J-10-01-L4,J,10,4,1,0
S202-C6,I-08-02-L7,I,8,7,1,0
S2500925P01-ETK-1,E-12-02-L5,E,12,5,1,0
S2500925P02-ETK-2,E-12-03-L5,E,12,5,1,0
S2500925P03-ETK-3,U-06-01-L3,U,6,3,1,0
S2500925P04-ETK-4,U-06-02-L3,U,6,3,1,0
S2502618PLT-1,D-02-01-L3,D,2,3,1,1
S2505015ETIKET_1,U-06-01-L4,U,6,4,1,0
S2506318PLT-5,D-02-01-L4,D,2,4,1,1
S2C-H6R,U-04-02-L6,U,4,6,1,0
S6-CT-CMC12MX,H-03-01-L6,H,3,6,1,3
S6-CT-CMC1LX,J-02-01-L6,J,2,6,1,5
S6-CT-CMC1MX,F-11-02-L1,F,11,1,0,9
S6-CT-CMC2LX,D-02-01-L5,D,2,5,1,1
S6-CT-CMC2MX,G-11-02-L1,G,11,1,0,13
S6-CT-CMC3MX,J-18-02-L0,J,18,0,0,12
S6-CT-CMC4MX,J-14-01-L2,J,14,2,0,15
S6-CT-DMAED1C,D-04-03-L2,D,4,2,0,24
S6-CT-DMAED1X,G-05-02-L4,G,5,4,1,1
S6-CT-DMHTD1X,A-11-03-L1,A,11,1,0,6
S6-CT-DMHTD3C,I-11-03-L1,I,11,1,0,14
S6-CT-DMHTD3X,H-07-03-L1,H,7,1,0,73
S6-CT-DMHTS1C,I-09-02-L1,I,9,1,0,24
S6-CT-DMHTS1X,D-05-03-L0,D,5,0,0,19
S6-CT-DMHTS3X,G-05-02-L1,G,5,1,0,86
S6-CT-DMTTD3X,H-08-01-L0,H,8,0,0,30
S6-CT-DMTTS1X,C-06-01-L1,C,6,1,0,40
S6-CT-DMTTS3X,B-02-03-L2,B,2,2,0,67
S6-CT-PHA67826,F-04-02-L6,F,4,6,1,1
S6-CT-PHA67832,G-10-01-L2,G,10,2,0,15
S6-KK-O-CT-DM,J-01-02-L2,J,1,2,0,424
S6-KK-O-CT-GB,C-06-02-L0,C,6,0,0,40
S6-KK-O-VT-DM,G-04-02-L0,G,4,0,0,123
S6-KK-O-VT-DMC,D-04-02-L1,D,4,1,0,25
S6-TM-O-F,D-02-03-L1,D,2,1,0,72
S6-TM-O-RJ45,B-12-02-L2,B,12,2,0,53
S6-VT-CM1X,A-05-02-L1,A,5,1,0,11
S6-VT-CM2X,F-11-01-L2,F,11,2,0,9
S6-VT-CMC12MX,H-03-01-L7,H,3,7,1,3
S6-VT-CMC1LX,J-02-01-L7,J,2,7,1,5
S6-VT-CMC1MX,F-11-02-L2,F,11,2,0,9
S6-VT-CMC2LX,D-02-01-L6,D,2,6,1,1
S6-VT-CMC2MX,G-11-02-L2,G,11,2,0,13
S6-VT-CMC3MX,J-18-02-L1,J,18,1,0,12
S6-VT-CMC4MX,J-14-02-L0,J,14,0,0,15
S6-VT-CMXAUX2,G-05-02-L5,G,5,5,1,1
S6-VT-DMAED1C,I-09-01-L0,I,9,0,0,24
S6-VT-PHA67814,J-18-01-L1,J,18,1,0,12
SARF-REU-0064,D-03-03-L4,D,3,4,1,0
SARF-REU-0106,U-01-02-L3,U,1,3,1,0
SARF-REU-0136,A-06-01-L5,A,6,5,1,0
SARF-REU-0138,U-06-02-L4,U,6,4,1,0
SARF-REU-0146,C-10-01-L3,C,10,3,1,0
SARF-REU-0148,U-01-01-L4,U,1,4,1,0
SARF-REU-0164,A-09-01-L3,A,9,3,1,0
SARF-REU-0241,A-06-02-L5,A,6,5,1,0
SARF-REU-0248,A-06-03-L5,A,6,5,1,0
SARF-REU-0273,U-01-02-L4,U,1,4,1,0
SE25-01325,A-05-01-L3,A,5,3,1,0
SE25-01354,F-04-02-L7,F,4,7,1,1
SE25-02188,A-03-01-L5,A,3,5,1,0
SE25-02220,G-10-01-L3,G,10,3,1,0
SE25-02532,A-05-02-L3,A,5,3,1,0
SE25-02595,H-06-01-L7,H,6,7,1,1
SE25-C1415,A-05-03-L3,A,5,3,1,0
SEM101093-01,B-04-03-L4,B,4,4,1,0
SET00003,A-04-02-L6,A,4,6,1,0
SET00005,A-09-01-L6,A,9,6,1,0
SET00007,G-12-02-L8,G,12,8,1,0
SETSM600013,C-12-02-L8,C,12,8,1,0
SETSM600015S07,A-04-01-L5,A,4,5,1,0
SETSM600016S07,A-03-02-L5,A,3,5,1,0
SETSM600020S07,D-02-01-L7,D,2,7,1,1
SETSM600039S07,D-02-01-L8,D,2,8,1,1
SETSM600046,F-04-02-L8,F,4,8,1,1
SETSM600060,J-02-02-L3,J,2,3,1,5
SETSM600061,U-14-01-L0,U,14,0,0,5
SETSM600063,J-02-02-L4,J,2,4,1,5
SETSM600064,U-14-01-L1,U,14,1,0,5
SETSM600067,J-02-02-L5,J,2,5,1,5
SETSM600086,D-02-02-L3,D,2,3,1,1
SETSM600087,G-05-02-L6,G,5,6,1,1
SETSM600088,D-02-02-L4,D,2,4,1,1
SETSM600142S07,D-06-03-L8,D,6,8,1,0
SETSM600261,D-02-02-L5,D,2,5,1,1
SETSM600262,D-02-02-L6,D,2,6,1,1
SETSM600263,D-02-02-L7,D,2,7,1,1
SETSM600351S07,A-04-02-L5,A,4,5,1,0
SETSM600423,C-11-02-L5,C,11,5,1,0
SETSM600424,A-02-02-L3,A,2,3,1,0
SETSM600425,B-08-01-L3,B,8,3,1,0
SETSM600429,G-05-02-L7,G,5,7,1,1
SETSM600466,H-05-02-L3,H,5,3,1,2
SETSM600472,D-02-02-L8,D,2,8,1,1
SETSM600473,D-02-03-L3,D,2,3,1,1
SETSM600475,G-05-02-L8,G,5,8,1,1
SETSM600479,D-02-03-L4,D,2,4,1,1
SETSM600480,H-05-02-L4,H,5,4,1,2
SETSM600491,D-02-03-L5,D,2,5,1,1
SETSM600492,D-02-03-L6,D,2,6,1,1
SF-FB12,B-03-02-L3,B,3,3,1,0
SF-FB13,F-06-01-L6,F,6,6,1,0
SF-FB15,G-08-01-L7,G,8,7,1,0
SF-FB16,G-12-03-L8,G,12,8,1,0
SF-FB21,J-13-01-L7,J,13,7,1,0
SF-FB26,I-09-02-L3,I,9,3,1,0
SF-FB48,U-11-02-L6,U,11,6,1,0
SFCBFR014,B-07-01-L6,B,7,6,1,0
SIBA30-109-13/125A,B-09-01-L5,B,9,5,1,0
SIBA_30-109-13/100,B-09-03-L4,B,9,4,1,0
SMTAMB001,E-12-02-L7,E,12,7,1,0
SMTAMB022,J-16-01-L6,J,16,6,1,0
SPARE_STARKLT,A-09-02-L3,A,9,3,1,0
SPK51000107E,A-12-02-L8,A,12,8,1,0
ST269-401-401,B-02-02-L5,B,2,5,1,0
ST434-010-004,A-03-03-L5,A,3,5,1,0
ST434-010-024,F-08-03-L1,F,8,1,0,19
ST436-101-030,J-17-01-L3,J,17,3,1,0
TME43529,I-03-03-L0,I,3,0,0,299
TRF003224,J-17-02-L3,J,17,3,1,0
TRF004938,D-02-03-L7,D,2,7,1,1
TRF006364,F-04-03-L3,F,4,3,1,1
TRFESITAS001,J-06-03-L0,J,6,0,0,198
TRFESITAS004,A-12-03-L1,A,12,1,0,5
TRFESITAS005,J-05-03-L6,J,5,6,1,3
TRFESITAS006,J-05-03-L7,J,5,7,1,3
TRFESITAS007,E-06-01-L1,E,6,1,0,20
TRFESITAS008,J-04-01-L3,J,4,3,1,3
TRFESITAS010,G-08-02-L1,G,8,1,0,22
TRFESITAS011,C-10-01-L1,C,10,1,0,35
TRFESITAS014,B-10-03-L1,B,10,1,0,54
TRFESITAS015,I-08-02-L1,I,8,1,0,30
TRFESITAS016,A-12-03-L2,A,12,2,0,5
TRFESITAS017,H-11-01-L2,H,11,2,0,16
TUR10002,E-10-03-L2,E,10,2,0,8
TUR10003,D-09-01-L0,D,9,0,0,8
TUR10004,A-06-01-L0,A,6,0,0,9
VAMP4RSE,U-03-01-L3,U,3,3,1,0
VDISFD006VO,A-02-03-L3,A,2,3,1,0
VIKO043E43E36G,F-04-03-L4,F,4,4,1,1
VJKO023E26E000,D-04-03-L1,D,4,1,0,24
VJKP023G16G000,J-18-01-L0,J,18,0,0,12
VJKR023E23E000M,I-02-03-L4,I,2,4,1,4
VJKR023H000000M,F-04-03-L5,F,4,5,1,1
VOLTMETRE316,G-05-03-L3,G,5,3,1,1
VPI62401,I-02-02-L4,I,2,4,1,4
VPI62415,H-06-02-L3,H,6,3,1,1
VW3A8306R03,D-01-01-L5,D,1,5,1,1
XB4BA42,A-09-03-L3,A,9,3,1,0
XB5AVG3,E-04-01-L5,E,4,5,1,0
ZB4BZ62,J-10-01-L7,J,10,7,1,0
ZB5AD2,I-04-01-L4,I,4,4,1,2
ZB5AG7D,E-06-01-L8,E,6,8,1,0
