material_id,position_id,rack,bay,level,needs_rt,zwm92_picks
03811061N0,G-09-01-L3,G,9,3,1,7
03812736N0,D-02-02-L8,D,2,8,1,84
03814388N0-N,U-02-02-L5,U,2,5,1,2
03814399N0-N,F-10-02-L6,F,10,6,1,3
03814402N0-N,E-06-02-L1,E,6,1,0,10
03815808N0-N,A-06-01-L6,A,6,6,1,2
03815811N0-N,J-18-01-L2,J,18,2,0,3
03815813N0-N,E-08-01-L6,E,8,6,1,4
03816489N0,H-11-01-L3,H,11,3,1,6
03816490N0-N,A-02-03-L5,A,2,5,1,11
03816491N0-N,A-02-01-L1,A,2,1,0,12
03816492N0-N,F-09-01-L7,F,9,7,1,6
03816493N0-N,C-08-02-L4,C,8,4,1,24
03816494N0-N,D-03-02-L6,D,3,6,1,17
03816495N0-N,C-09-02-L0,C,9,0,0,23
03816496N0,U-03-02-L3,U,3,3,1,0
03816496N0-N,E-05-01-L8,E,5,8,1,16
03817244N0,A-08-02-L6,A,8,6,1,1
1022025N,I-05-02-L3,I,5,3,1,0
11845604,I-03-02-L2,I,3,2,0,0
11845606Z,G-02-01-L2,G,2,2,0,0
1277066SNRYC,H-10-02-L3,H,10,3,1,9
1277504,F-07-02-L7,F,7,7,1,13
1350150120,B-01-02-L5,B,1,5,1,0
17422411Z,F-05-02-L4,F,5,4,1,0
17426018,J-05-02-L6,J,5,6,1,0
17426022,I-02-01-L5,I,2,5,1,0
1781757,J-01-03-L7,J,1,7,1,0
1946501,F-06-02-L2,F,6,2,0,16
1949754,H-06-01-L5,H,6,5,1,160
1949764,H-06-03-L4,H,6,4,1,160
1949765,H-06-02-L5,H,6,5,1,160
1949771,C-07-03-L3,C,7,3,1,25
1949773,C-07-01-L4,C,7,4,1,25
1949775,C-07-02-L4,C,7,4,1,25
1949777,C-09-01-L8,C,9,8,1,21
1949779SN,B-01-02-L7,B,1,7,1,72
1949785SN,C-06-01-L3,C,6,3,1,26
1949801,J-11-01-L0,J,11,0,0,16
1949869,A-07-03-L7,A,7,7,1,2
1949870,A-07-01-L8,A,7,8,1,2
1949871,A-07-02-L8,A,7,8,1,2
1MRK002136-B,H-11-02-L3,H,11,3,1,0
1MRK002136-E,F-07-01-L1,F,7,1,0,0
1SNA166875R2300,D-10-01-L6,D,10,6,1,1
21167100,I-02-03-L2,I,2,2,0,0
21186059,G-01-01-L3,G,1,3,1,0
21213320,G-01-02-L0,G,1,0,0,0
21231324,J-05-01-L7,J,5,7,1,0
21285212,J-03-01-L4,J,3,4,1,0
21431228Z,H-05-02-L6,H,5,6,1,0
21528185,G-01-03-L0,G,1,0,0,0
21528195,G-01-02-L3,G,1,3,1,0
23STFILM,F-01-03-L1,F,1,1,0,0
25222143,E-03-03-L5,E,3,5,1,0
25222348,E-03-01-L6,E,3,6,1,0
25222770,H-03-02-L1,H,3,1,0,0
25262316,H-01-01-L0,H,1,0,0,0
25262336,H-03-01-L2,H,3,2,0,0
25266303,F-03-01-L1,F,3,1,0,0
25266304,F-03-02-L1,F,3,1,0,0
25266305,F-03-01-L5,F,3,5,1,0
25268014,C-11-01-L2,C,11,2,0,20
26326007,E-08-01-L1,E,8,1,0,4
26326007-120V,U-01-01-L4,U,1,4,1,0
3052076,D-05-01-L7,D,5,7,1,9
3052077,H-07-02-L7,H,7,7,1,90
3116725,I-03-02-L4,I,3,4,1,0
3401405F0,F-01-02-L5,F,1,5,1,522
3402403F0,I-02-02-L5,I,2,5,1,0
3403899F0,G-03-02-L2,G,3,2,0,0
3403900F0,G-03-03-L2,G,3,2,0,0
3403904F0,J-11-02-L0,J,11,0,0,16
3403910F0,E-02-03-L4,E,2,4,1,173
3403913F0,B-02-03-L1,B,2,1,0,70
3403914F0,B-10-03-L5,B,10,5,1,48
3403915F0,F-10-02-L1,F,10,1,0,3
3403917F0,C-04-02-L4,C,4,4,1,30
3403918F0,E-05-02-L7,E,5,7,1,16
3403925F0,D-01-01-L8,D,1,8,1,0
3403929F0,B-09-03-L3,B,9,3,1,51
3403933F0,B-02-02-L6,B,2,6,1,69
340393501,F-02-03-L2,F,2,2,0,0
3403939F0,E-02-02-L2,E,2,2,0,176
3403940F0,A-04-02-L2,A,4,2,0,5
3403941T0,H-06-03-L0,H,6,0,0,0
3403941T0AG,G-10-03-L4,G,10,4,1,5
3403941T0SN,B-03-03-L5,B,3,5,1,66
3403949F0,F-04-01-L8,F,4,8,1,136
3403950F0,D-08-01-L1,D,8,1,0,3
3403963F0,F-07-01-L0,F,7,0,0,13
3403966F0,I-06-01-L7,I,6,7,1,177
3403978F0,J-06-03-L0,J,6,0,0,502
3403979F0,J-06-02-L0,J,6,0,0,502
3403981F0,G-02-01-L4,G,2,4,1,446
3403982F0,B-07-01-L3,B,7,3,1,56
3403984F0,G-04-02-L5,G,4,5,1,185
3403985F0,G-04-03-L5,G,4,5,1,185
3403986F0,H-06-03-L5,H,6,5,1,160
3403987F0,C-07-03-L4,C,7,4,1,25
3403988F0,H-06-02-L4,H,6,4,1,160
3403989F0,C-07-02-L8,C,7,8,1,24
3403991F0,U-01-02-L4,U,1,4,1,3
3403992F0,D-08-01-L7,D,8,7,1,2
3404000F0,G-02-02-L4,G,2,4,1,446
3404001F0,B-07-01-L5,B,7,5,1,56
3404004F0,G-02-02-L3,G,2,3,1,446
3404005F0,B-07-03-L4,B,7,4,1,56
3404006F0,G-02-01-L3,G,2,3,1,446
3404012F0,E-01-01-L1,E,1,1,0,299
3404013F0,B-12-03-L7,B,12,7,1,42
3404042F0,B-12-03-L0,B,12,0,0,43
3404043F0,H-09-01-L6,H,9,6,1,15
3404044F0,B-03-01-L2,B,3,2,0,68
3404045F0,U-01-01-L2,U,1,2,0,3
3404046F0,G-06-01-L8,G,6,8,1,39
3404047F0,F-09-02-L7,F,9,7,1,6
3404075F0,C-12-01-L0,C,12,0,0,19
3404076F0,B-06-02-L6,B,6,6,1,58
3404079F0,D-01-03-L0,D,1,0,0,157
3404080F0,D-05-02-L4,D,5,4,1,9
3404082F0,B-09-01-L5,B,9,5,1,50
3404083F0,E-01-03-L0,E,1,0,0,299
3404097F0,H-04-02-L2,H,4,2,0,407
3404098F0,C-01-03-L0,C,1,0,0,39
3404102F0SN,H-06-02-L2,H,6,2,0,162
3404106F0SN,U-01-02-L2,U,1,2,0,3
3404142F0,D-03-03-L6,D,3,6,1,17
3404143F0,D-03-01-L7,D,3,7,1,17
3404186FPR12,A-06-02-L6,A,6,6,1,2
3404190F0AG,G-10-02-L6,G,10,6,1,5
3404190F0SN,A-06-03-L6,A,6,6,1,2
3404190T0SN,G-04-02-L8,G,4,8,1,182
3404249F0,G-03-01-L5,G,3,5,1,319
3404251F0,G-02-02-L1,G,2,1,0,451
3404258F0,H-07-01-L4,H,7,4,1,92
3404270FBR07,E-03-01-L1,E,3,1,0,103
3404270FPR12,U-03-01-L4,U,3,4,1,2
3404272F0,H-07-03-L7,H,7,7,1,90
3404273F0,H-10-01-L1,H,10,1,0,10
3404308F0,H-07-03-L4,H,7,4,1,92
3404312F0,G-05-02-L5,G,5,5,1,111
3404313FPR12,U-03-02-L4,U,3,4,1,2
3404314FBR14,U-03-01-L5,U,3,5,1,2
3404314FPR12,U-03-02-L5,U,3,5,1,2
3404315FBR14,U-03-01-L6,U,3,6,1,2
3404315FPR12,U-03-02-L6,U,3,6,1,2
3404316FPR12,E-09-03-L3,E,9,3,1,3
3404317FPR12,E-12-02-L4,E,12,4,1,1
3404318FPR12,E-12-03-L4,E,12,4,1,1
3404352F0,F-11-01-L7,F,11,7,1,2
3404354F0,C-09-03-L5,C,9,5,1,21
3404355F0,E-07-03-L7,E,7,7,1,6
3404356F0,C-11-02-L4,C,11,4,1,19
3404357F0,E-04-01-L6,E,4,6,1,18
3404438FPR12,A-06-01-L7,A,6,7,1,2
3404440FBR07,H-07-02-L4,H,7,4,1,92
3404440FPR12,A-06-02-L7,A,6,7,1,2
3404462F0,H-04-01-L6,H,4,6,1,398
3404463F0,H-04-02-L6,H,4,6,1,398
3404464F0,H-04-03-L4,H,4,4,1,399
3404467F0,F-02-03-L0,F,2,0,0,385
3404468F0,H-04-02-L5,H,4,5,1,398
3404470F0,H-04-03-L6,H,4,6,1,398
3404473F0,H-04-01-L7,H,4,7,1,398
3404474F0,H-04-03-L5,H,4,5,1,398
3404708F0,I-04-01-L6,I,4,6,1,451
3404709F0,G-02-03-L0,G,2,0,0,451
3404717FBR07,I-07-01-L7,I,7,7,1,94
3404717FBR14,E-10-01-L0,E,10,0,0,2
3404718FBR07,H-07-01-L1,H,7,1,0,93
3404718FBR14,E-10-02-L0,E,10,0,0,2
3404719F0,F-05-02-L6,F,5,6,1,80
3404720F0,D-02-03-L2,D,2,2,0,89
3404721F0,J-10-02-L3,J,10,3,1,78
3404722F0,E-06-01-L0,E,6,0,0,11
3404725F0,B-08-03-L3,B,8,3,1,53
3404726F0,B-08-03-L2,B,8,2,0,53
3404729F0,B-08-01-L4,B,8,4,1,53
3404730F0,C-02-03-L7,C,2,7,1,34
3404731F0,B-08-01-L2,B,8,2,0,53
3404732F0,G-06-01-L6,G,6,6,1,39
3404733F0,G-06-03-L5,G,6,5,1,39
3404734F0,B-08-01-L3,B,8,3,1,53
3404735F0,B-08-02-L3,B,8,3,1,53
3404752F0,B-08-02-L8,B,8,8,1,53
3404756F0,E-04-01-L1,E,4,1,0,19
3404790F0,B-07-03-L2,B,7,2,0,56
3404791F0,D-02-01-L3,D,2,3,1,89
3405054F0,F-02-01-L2,F,2,2,0,378
3405054T0,G-05-03-L1,G,5,1,0,118
3405064F0-K,J-09-01-L6,J,9,6,1,125
3405075F0,C-01-02-L8,C,1,8,1,36
3405103F0,H-02-03-L2,H,2,2,0,0
3405107F0,J-03-02-L1,J,3,1,0,0
3405190F0,F-08-01-L3,F,8,3,1,8
3405192F0,A-02-03-L8,A,2,8,1,11
3405193F0,F-06-01-L8,F,6,8,1,16
3405195F0,E-07-03-L4,E,7,4,1,7
3405205F0,F-02-02-L2,F,2,2,0,0
3405209F0,C-02-02-L0,C,2,0,0,0
3405210F0,E-03-02-L1,E,3,1,0,0
3405211F0,E-03-03-L1,E,3,1,0,0
3405212F0,C-02-03-L0,C,2,0,0,0
3405214F0,C-02-01-L1,C,2,1,0,0
3405216F0,C-02-02-L1,C,2,1,0,0
3405220F0,C-02-03-L1,C,2,1,0,0
3405243F0,E-03-01-L2,E,3,2,0,0
3405261F0,J-09-03-L4,J,9,4,1,0
3405264F0,B-03-03-L7,B,3,7,1,0
3405265F0,B-03-01-L8,B,3,8,1,0
3405266F0,B-03-02-L8,B,3,8,1,0
3405267F0,B-03-03-L8,B,3,8,1,0
3405269F0,B-04-01-L0,B,4,0,0,0
3405270F0,B-04-03-L7,B,4,7,1,0
3405271F0,B-06-01-L1,B,6,1,0,0
3405273F0-K,F-06-02-L7,F,6,7,1,16
3405294F0,H-09-01-L7,H,9,7,1,15
3405296F0,B-04-02-L0,B,4,0,0,0
3405309F0-K,H-05-02-L0,H,5,0,0,0
3405310F0,F-10-03-L1,F,10,1,0,3
3405310F0-K,H-11-03-L3,H,11,3,1,0
3405311F0,F-11-01-L1,F,11,1,0,2
3405338F0,H-09-02-L7,H,9,7,1,15
3405341F0,I-02-01-L7,I,2,7,1,0
3405355F0-K,B-04-03-L0,B,4,0,0,0
3405356F0,U-01-01-L3,U,1,3,1,3
3405364F0,E-03-02-L2,E,3,2,0,0
3405366F0,B-06-02-L1,B,6,1,0,0
3405374F0,B-01-01-L6,B,1,6,1,0
3405375F0,G-10-01-L1,G,10,1,0,5
3405376F0,E-10-03-L0,E,10,0,0,0
3405383F0,E-10-01-L1,E,10,1,0,0
3405384F0,E-10-02-L1,E,10,1,0,0
3405387F0,F-10-01-L2,F,10,2,0,3
3405387F0-K,B-04-02-L4,B,4,4,1,0
3405388F0-K,B-04-03-L4,B,4,4,1,0
3405389F0,J-18-02-L2,J,18,2,0,3
3405390F0,J-18-02-L0,J,18,0,0,3
3405392F0,D-03-02-L0,D,3,0,0,17
3405397F0,A-02-03-L0,A,2,0,0,12
3405398F0,F-06-02-L8,F,6,8,1,16
3405412F0,D-02-03-L4,D,2,4,1,0
3405434T0S07,B-06-01-L7,B,6,7,1,0
3405435F0,B-01-01-L3,B,1,3,1,0
3405444T0R14,U-01-01-L5,U,1,5,1,0
3405445F0,J-14-01-L5,J,14,5,1,0
3405453T0R14,E-10-03-L1,E,10,1,0,0
3405454F0,J-14-02-L5,J,14,5,1,0
3405472F0,F-02-02-L5,F,2,5,1,0
3405473F0,F-05-01-L3,F,5,3,1,0
3405474F0,J-10-02-L1,J,10,1,0,0
3405544F0,G-04-03-L1,G,4,1,0,0
3405544F0-K,B-05-03-L1,B,5,1,0,62
3405583F0,B-10-03-L0,B,10,0,0,0
3405583F0-K,D-03-01-L1,D,3,1,0,17
3405584F0,B-10-03-L6,B,10,6,1,0
3405584F0-K,D-03-02-L1,D,3,1,0,17
3405585F0-K,D-03-03-L0,D,3,0,0,17
3405610F0,F-04-01-L5,F,4,5,1,0
3405611F0,F-04-02-L5,F,4,5,1,0
3405612F0,B-06-03-L1,B,6,1,0,0
3405613F0,B-06-01-L2,B,6,2,0,0
3405618F0,C-01-03-L2,C,1,2,0,0
3405619F0,C-01-01-L3,C,1,3,1,0
3405636F0,J-10-01-L7,J,10,7,1,0
3405638F0,B-11-03-L5,B,11,5,1,0
3405639F0,B-11-01-L6,B,11,6,1,0
3405640F0,I-06-02-L7,I,6,7,1,0
3405641F0,D-02-03-L3,D,2,3,1,0
3405701F0,H-04-01-L2,H,4,2,0,0
3405718F0,I-04-01-L4,I,4,4,1,0
3405719F0,J-09-02-L7,J,9,7,1,0
3405720F0,B-06-02-L2,B,6,2,0,0
3405735F0,E-11-02-L6,E,11,6,1,1
3405736F0,E-11-01-L8,E,11,8,1,1
3405740F0,E-02-01-L0,E,2,0,0,0
3405743F0,F-01-03-L0,F,1,0,0,0
3405753F0,B-06-03-L2,B,6,2,0,0
3405772F0,B-11-02-L6,B,11,6,1,0
3405803F0,J-07-01-L0,J,7,0,0,0
3405811F0,C-02-01-L4,C,2,4,1,36
3405812F0,C-04-02-L0,C,4,0,0,30
3405813F0,B-10-02-L5,B,10,5,1,48
3405966F0,E-07-01-L3,E,7,3,1,7
3405966F0-H,E-08-02-L6,E,8,6,1,4
3405966F0-KH,C-08-02-L8,C,8,8,1,23
3405967F0,E-07-01-L5,E,7,5,1,7
3405967F0-H,G-11-01-L5,G,11,5,1,4
3405967F0-KH,C-08-03-L8,C,8,8,1,23
3405968F0,H-10-02-L4,H,10,4,1,0
3405968F0-G,F-10-03-L6,F,10,6,1,3
3405968F0-KH,U-03-01-L1,U,3,1,0,2
3405969F0-KH,U-03-02-L1,U,3,1,0,2
3406000F0,F-01-02-L7,F,1,7,1,0
3406001F0,F-01-03-L7,F,1,7,1,0
3406002F0,F-01-01-L8,F,1,8,1,0
3406003F0,J-06-01-L0,J,6,0,0,0
3406018F0,G-03-03-L7,G,3,7,1,0
3406036F0,D-10-02-L3,D,10,3,1,1
3406038F0,D-10-02-L5,D,10,5,1,1
3406039F0,D-10-03-L2,D,10,2,0,1
3406040F0,B-08-01-L5,B,8,5,1,0
3406041F0,B-09-02-L0,B,9,0,0,0
3406042F0,D-10-03-L3,D,10,3,1,1
3406043F0,D-10-01-L3,D,10,3,1,1
3406103F0,H-05-02-L7,H,5,7,1,0
3406104F0,H-05-01-L3,H,5,3,1,0
3406107F0,J-04-01-L4,J,4,4,1,0
3406107F0CD,I-05-01-L4,I,5,4,1,0
3406111F0,E-02-02-L0,E,2,0,0,0
3406210F0,E-11-03-L3,E,11,3,1,1
3406222F0,I-07-02-L3,I,7,3,1,0
3406399F0,E-03-01-L5,E,3,5,1,100
3407354F0,G-04-01-L2,G,4,2,0,0
3407450T0,H-02-01-L6,H,2,6,1,0
3407699F0,G-08-03-L2,G,8,2,0,0
3407700F0,G-08-01-L3,G,8,3,1,0
3407819F0,E-08-02-L7,E,8,7,1,4
3407837F0,B-07-02-L5,B,7,5,1,56
3407838F0,B-07-03-L5,B,7,5,1,56
3407839F0,B-07-01-L6,B,7,6,1,56
3408476T0-1,B-01-02-L3,B,1,3,1,0
3408479T0-1,J-14-01-L6,J,14,6,1,0
3408547T0-1,E-02-02-L3,E,2,3,1,0
3408548T0-1,J-14-02-L6,J,14,6,1,0
3408863F0,J-04-02-L3,J,4,3,1,0
3408948F0,E-01-03-L3,E,1,3,1,0
3408949F0,E-01-01-L3,E,1,3,1,0
3408950F0,J-10-01-L5,J,10,5,1,0
3408953F0,H-02-03-L6,H,2,6,1,0
3408972F0,G-01-02-L8,G,1,8,1,0
3408986F0,F-01-02-L4,F,1,4,1,0
3409073F0,E-10-01-L2,E,10,2,0,2
3409117F0,E-11-01-L4,E,11,4,1,1
3409198F0,B-12-02-L4,B,12,4,1,42
3409199F0,G-08-03-L1,G,8,1,0,12
35190062,I-02-01-L3,I,2,3,1,0
35190063,J-05-02-L0,J,5,0,0,0
35190280,J-14-01-L7,J,14,7,1,0
35190321,G-04-01-L4,G,4,4,1,0
35190322,E-03-02-L6,E,3,6,1,0
35190365,B-07-02-L3,B,7,3,1,0
35190504,H-03-03-L6,H,3,6,1,0
35190523,E-07-01-L7,E,7,7,1,6
35190598,J-06-01-L4,J,6,4,1,0
35190599,C-08-01-L0,C,8,0,0,0
35190932,E-10-02-L2,E,10,2,0,0
35190939,G-06-01-L1,G,6,1,0,0
35190940,E-06-01-L2,E,6,2,0,0
35190964,G-08-02-L3,G,8,3,1,0
3630000,J-03-03-L0,J,3,0,0,0
3720088,H-04-03-L2,H,4,2,0,0
3727779,A-08-03-L6,A,8,6,1,1
3727786,J-10-01-L2,J,10,2,0,0
3727801,I-01-03-L2,I,1,2,0,0
3727810,I-01-02-L2,I,1,2,0,0
3727846,I-02-02-L1,I,2,1,0,0
3727869,J-02-01-L7,J,2,7,1,0
3727875,J-02-01-L0,J,2,0,0,0
3727876,I-02-02-L2,I,2,2,0,0
3727877,J-02-02-L7,J,2,7,1,0
3727881,I-02-03-L1,I,2,1,0,0
3727891,I-01-01-L3,I,1,3,1,0
3728010,J-02-03-L0,J,2,0,0,0
3729559,I-01-03-L7,I,1,7,1,0
3730092J,B-12-01-L4,B,12,4,1,42
3730092L,C-09-02-L5,C,9,5,1,21
3730092M,H-03-03-L3,H,3,3,1,0
3730092N,E-11-03-L4,E,11,4,1,1
3730092P,J-04-02-L0,J,4,0,0,0
3730161C,J-06-02-L5,J,6,5,1,0
3730353B,E-10-03-L2,E,10,2,0,2
3730404,H-01-03-L1,H,1,1,0,0
3730504,E-03-03-L6,E,3,6,1,0
3730555A,U-02-01-L3,U,2,3,1,2
3730555B,I-02-01-L2,I,2,2,0,0
3730712,B-01-03-L1,B,1,1,0,74
3735507,I-02-03-L0,I,2,0,0,0
3735524,J-08-01-L1,J,8,1,0,203
3735525,J-06-02-L1,J,6,1,0,0
3735528,I-02-01-L1,I,2,1,0,0
3735555,G-03-03-L6,G,3,6,1,0
3735555SN,E-09-01-L4,E,9,4,1,3
3735561SN,G-11-03-L6,G,11,6,1,4
3735578,F-11-02-L1,F,11,1,0,2
3735603,F-05-01-L4,F,5,4,1,81
3735762,A-02-01-L8,A,2,8,1,11
3735766,J-06-01-L2,J,6,2,0,0
3735853,G-05-02-L0,G,5,0,0,0
3736001,H-06-03-L2,H,6,2,0,0
3736002,H-06-01-L3,H,6,3,1,0
3736006,J-04-02-L6,J,4,6,1,0
3736344,C-10-01-L5,C,10,5,1,0
3736354,C-02-01-L0,C,2,0,0,36
3736450,E-11-02-L5,E,11,5,1,1
3736450SN,A-08-01-L7,A,8,7,1,1
3736502,E-10-01-L3,E,10,3,1,0
3736522,H-11-01-L4,H,11,4,1,0
3736525,D-10-03-L0,D,10,0,0,1
3736526,B-11-02-L4,B,11,4,1,0
3736825,H-05-03-L0,H,5,0,0,0
3816992N0,B-05-02-L7,B,5,7,1,0
3930818AG,U-02-01-L6,U,2,6,1,2
3931256S07,J-13-01-L2,J,13,2,0,7
3931273,A-03-01-L4,A,3,4,1,7
3931275,G-09-02-L4,G,9,4,1,7
3931467S07,G-11-02-L5,G,11,5,1,4
3931519,G-09-03-L4,G,9,4,1,7
3932230,A-09-01-L1,A,9,1,0,1
4690212,B-12-03-L1,B,12,1,0,43
4690416,B-12-01-L2,B,12,2,0,43
4690488,B-12-02-L2,B,12,2,0,43
4690492,B-12-03-L2,B,12,2,0,43
4690494,B-12-01-L3,B,12,3,1,43
4690516,B-12-02-L3,B,12,3,1,43
47078,J-13-02-L2,J,13,2,0,0
5009001,F-03-01-L8,F,3,8,1,0
51000029A,H-04-01-L3,H,4,3,1,0
51000029BCD,D-10-02-L1,D,10,1,0,1
51000029BCE,E-10-02-L3,E,10,3,1,2
51000107E,E-06-02-L2,E,6,2,0,0
51000107F,E-06-03-L2,E,6,2,0,0
51000426,C-03-01-L4,C,3,4,1,32
51000504,B-01-01-L8,B,1,8,1,72
51000505,B-02-03-L2,B,2,2,0,70
51000596,F-11-02-L8,F,11,8,1,2
51000602,G-11-02-L8,G,11,8,1,4
51000619,G-04-02-L2,G,4,2,0,0
51000623,F-03-01-L2,F,3,2,0,0
51000646,F-06-01-L5,F,6,5,1,16
51000683,G-09-01-L1,G,9,1,0,7
51000689,J-13-02-L1,J,13,1,0,7
51000691-21S07,B-08-02-L5,B,8,5,1,0
51000691-22S07,J-10-02-L2,J,10,2,0,0
51000691S07,D-02-03-L5,D,2,5,1,87
51000692,H-11-02-L4,H,11,4,1,0
51000703,G-06-01-L3,G,6,3,1,40
5100070301,A-07-03-L8,A,7,8,1,2
51000704,G-06-02-L3,G,6,3,1,40
51000736,B-05-02-L2,B,5,2,0,62
51000753,B-12-01-L7,B,12,7,1,42
51000782,E-10-03-L3,E,10,3,1,2
51000810,H-05-03-L5,H,5,5,1,0
51000821,E-09-02-L4,E,9,4,1,3
51000824,A-09-02-L1,A,9,1,0,1
51000861,D-08-02-L7,D,8,7,1,2
51000862,F-03-02-L5,F,3,5,1,0
51000862SN,A-06-03-L7,A,6,7,1,2
51000961,E-10-01-L4,E,10,4,1,2
5100096101,U-04-01-L0,U,4,0,0,2
51000975,I-05-02-L4,I,5,4,1,0
51000987SN,E-09-03-L4,E,9,4,1,3
51002502U33,E-07-03-L8,E,7,8,1,6
51004136U48,A-09-03-L1,A,9,1,0,0
51004137U41,U-04-02-L0,U,4,0,0,2
51004391U4,F-11-03-L6,F,11,6,1,2
51004391U8,J-18-01-L3,J,18,3,1,3
51004743UA,C-10-02-L5,C,10,5,1,0
51004743UE,C-10-01-L6,C,10,6,1,0
51006522M0,D-05-03-L8,D,5,8,1,8
51007512U13,U-04-01-L1,U,4,1,0,2
51108708M0,D-01-02-L0,D,1,0,0,157
51164028F0,J-06-01-L6,J,6,6,1,463
51164031F0,C-02-03-L8,C,2,8,1,0
51164072F0,E-01-01-L7,E,1,7,1,0
51164089F0,C-04-01-L2,C,4,2,0,30
51164090F0,G-03-02-L5,G,3,5,1,317
51164098F0,F-01-01-L7,F,1,7,1,509
51164108F0,B-02-02-L8,B,2,8,1,69
51164109F0,G-02-03-L5,G,2,5,1,440
51164181F0,E-01-03-L4,E,1,4,1,287
51164195F0,B-11-01-L5,B,11,5,1,45
51164196F0,H-08-02-L3,H,8,3,1,18
51164272F0,D-02-02-L7,D,2,7,1,0
51164273F0,D-02-03-L7,D,2,7,1,0
51164286F0,G-02-03-L7,G,2,7,1,0
51164287F0,B-12-03-L4,B,12,4,1,0
51164289F0,G-05-02-L1,G,5,1,0,119
51164302F0,C-03-03-L4,C,3,4,1,0
51164302F0_SISMIC,B-09-03-L0,B,9,0,0,0
51164306F0,F-05-01-L1,F,5,1,0,0
51164333F0,F-02-02-L3,F,2,3,1,0
51164336F0,F-07-02-L1,F,7,1,0,0
51164365FC,F-08-02-L3,F,8,3,1,0
51164407F0,G-05-02-L6,G,5,6,1,110
51164417F0,G-05-01-L3,G,5,3,1,116
51164478F0,H-05-03-L3,H,5,3,1,0
51164483F0,F-01-01-L6,F,1,6,1,517
51164495F0,C-01-02-L3,C,1,3,1,0
51164500F0,J-10-02-L7,J,10,7,1,76
51164507F0,C-07-01-L5,C,7,5,1,25
51164508F0,H-06-01-L6,H,6,6,1,160
51164543F0,G-04-01-L6,G,4,6,1,185
51164559F0,D-04-02-L4,D,4,4,1,0
51189523F0,B-10-01-L1,B,10,1,0,0
51189527F0,E-08-02-L8,E,8,8,1,0
51189790F0,D-04-03-L4,D,4,4,1,0
51189792F0,D-04-01-L5,D,4,5,1,0
51189885F0,J-13-01-L3,J,13,3,1,0
51189972F0,B-11-03-L6,B,11,6,1,0
51189973F0,C-01-03-L3,C,1,3,1,0
51189975F0,E-02-03-L0,E,2,0,0,0
51189977F0,E-02-01-L1,E,2,1,0,0
51229055F0,J-06-02-L6,J,6,6,1,463
51229171F0,D-04-02-L5,D,4,5,1,14
51229172F0,D-04-01-L2,D,4,2,0,14
51229315F0,J-11-01-L1,J,11,1,0,0
51229316F0,C-10-02-L6,C,10,6,1,0
51229321F0,D-02-01-L8,D,2,8,1,0
51229323F0,G-02-02-L6,G,2,6,1,0
51229333F0,C-12-01-L2,C,12,2,0,0
51229343F0,E-08-03-L8,E,8,8,1,0
51229357F0,G-02-03-L6,G,2,6,1,0
51229362F0,G-08-03-L3,G,8,3,1,0
51229363F0,G-02-01-L7,G,2,7,1,0
51229368F0,B-12-01-L5,B,12,5,1,0
51229369F0,B-12-02-L5,B,12,5,1,0
51229371FB,E-10-02-L4,E,10,4,1,0
51235002F0,J-10-02-L0,J,10,0,0,79
51235003F0,B-11-03-L3,B,11,3,1,46
51235004F0,I-07-01-L0,I,7,0,0,99
51235005F1,I-08-02-L3,I,8,3,1,18
51235006F1,I-08-01-L4,I,8,4,1,18
51235014F0,H-04-01-L0,H,4,0,0,0
51235027F0,F-06-02-L1,F,6,1,0,17
51235028F0,B-02-03-L3,B,2,3,1,70
51235029F0,C-05-01-L0,C,5,0,0,28
51235030F0,E-03-01-L8,E,3,8,1,100
51235034F0,B-04-02-L5,B,4,5,1,65
51235035F0,H-07-03-L0,H,7,0,0,94
51235042F0,E-01-01-L2,E,1,2,0,295
51235047F0,B-04-03-L3,B,4,3,1,65
51235048F0,B-11-02-L3,B,11,3,1,46
51235066F0,F-02-01-L0,F,2,0,0,0
51235067F0,F-01-02-L0,F,1,0,0,0
51235068F0,J-08-03-L1,J,8,1,0,0
51235072F0,I-05-02-L2,I,5,2,0,306
51235073F0,B-03-01-L7,B,3,7,1,66
51235076F0,C-07-03-L5,C,7,5,1,25
51235077F0,B-02-03-L0,B,2,0,0,71
51235078F0,B-04-01-L4,B,4,4,1,65
51235079F0,J-06-03-L5,J,6,5,1,0
51235082F0,E-03-01-L4,E,3,4,1,101
51235083F0,E-01-03-L1,E,1,1,0,295
51235084F0,C-01-01-L8,C,1,8,1,37
51235085F0,B-09-02-L4,B,9,4,1,51
51235087F0,C-05-01-L3,C,5,3,1,28
51235093F0,A-09-01-L2,A,9,2,0,1
51235094F0,A-09-02-L2,A,9,2,0,0
51235197F0,F-10-02-L3,F,10,3,1,3
51235199F0,J-06-01-L5,J,6,5,1,466
51235207F0,I-03-01-L6,I,3,6,1,0
51235211F0,F-09-03-L7,F,9,7,1,6
51235217F0,E-03-01-L3,E,3,3,1,102
51235218F0,B-10-01-L0,B,10,0,0,49
51235219F0,B-09-03-L8,B,9,8,1,49
51235220F0,B-09-02-L8,B,9,8,1,49
51235221F0,B-08-02-L7,B,8,7,1,53
51235222F0,B-08-03-L7,B,8,7,1,53
51235223F0,B-06-02-L8,B,6,8,1,58
51235224F0,B-10-03-L7,B,10,7,1,46
51235225F0,C-02-02-L7,C,2,7,1,34
51235226F0,C-03-03-L0,C,3,0,0,34
51235229F0,U-03-01-L2,U,3,2,0,2
51235238F0,I-10-02-L5,I,10,5,1,8
51235254F0,B-02-03-L6,B,2,6,1,0
51235255F0,B-02-01-L7,B,2,7,1,0
51235256F0,B-02-02-L7,B,2,7,1,0
51235257F0,B-02-03-L7,B,2,7,1,0
51235258F0,C-09-02-L6,C,9,6,1,0
51235259F0,A-09-03-L2,A,9,2,0,0
51235260F0,E-06-01-L3,E,6,3,1,0
51235262F0,C-05-01-L6,C,5,6,1,0
51235263F0,C-05-03-L0,C,5,0,0,0
51235265F0,C-06-03-L8,C,6,8,1,0
51235271F0,J-06-01-L7,J,6,7,1,459
51235272F0,J-06-03-L6,J,6,6,1,462
51235463F0S07,U-04-02-L1,U,4,1,0,2
51235464F0S07,U-04-01-L2,U,4,2,0,2
51235465F0S07,U-04-02-L2,U,4,2,0,2
51235466F0S07,U-04-01-L3,U,4,3,1,2
51235467F0,B-02-03-L5,B,2,5,1,69
51235469F0,C-02-02-L5,C,2,5,1,35
51235469F0S07,U-04-02-L3,U,4,3,1,2
51235470F0S07,U-04-01-L4,U,4,4,1,2
51235489F0,G-04-03-L2,G,4,2,0,0
51235489F0-K,B-05-01-L2,B,5,2,0,62
51235561F0,E-11-01-L5,E,11,5,1,1
51235563F0,G-03-01-L8,G,3,8,1,0
51235567F0,H-05-03-L1,H,5,1,0,271
51235571F0,B-06-03-L8,B,6,8,1,58
51235575F0,D-02-02-L0,D,2,0,0,90
51235579F0,B-03-01-L3,B,3,3,1,0
51235585F0-K,B-09-02-L2,B,9,2,0,51
51235631F0,E-02-03-L2,E,2,2,0,176
51235632F0,H-05-01-L7,H,5,7,1,250
51235644F1,B-09-03-L2,B,9,2,0,0
51235644F1-K,D-03-03-L1,D,3,1,0,17
51235645F1,B-09-01-L3,B,9,3,1,0
51235645F1-K,D-03-01-L2,D,3,2,0,17
51235661F0,U-01-02-L5,U,1,5,1,3
51235662F0,U-01-01-L6,U,1,6,1,3
51235668F0,J-10-02-L5,J,10,5,1,0
51235669F0,J-14-02-L7,J,14,7,1,0
51235670F0,H-11-03-L4,H,11,4,1,0
51235679F0,G-03-02-L8,G,3,8,1,0
51235682F0,E-01-01-L0,E,1,0,0,300
51235684F0,I-05-02-L7,I,5,7,1,300
51235685F0,B-03-02-L6,B,3,6,1,66
51235687F0,B-03-01-L6,B,3,6,1,66
51235740F0,D-02-01-L5,D,2,5,1,0
51235759F0,E-07-01-L4,E,7,4,1,7
51235759F0-K,D-08-02-L1,D,8,1,0,3
51235762F0,F-04-02-L8,F,4,8,1,0
51235769F0-K,C-03-01-L2,C,3,2,0,34
51235771F0,C-04-03-L8,C,4,8,1,28
51235772F0-K,H-10-03-L0,H,10,0,0,10
51235773F0,B-11-01-L4,B,11,4,1,45
51235773F0S07,E-10-03-L4,E,10,4,1,2
51235822F0-K,I-07-01-L1,I,7,1,0,98
51235823F0-K,D-02-02-L4,D,2,4,1,87
51235844F0-K,E-09-01-L5,E,9,5,1,3
51235867F0,C-11-01-L6,C,11,6,1,19
51235868F0,U-04-02-L4,U,4,4,1,2
51235869F0,E-06-03-L1,E,6,1,0,10
51235873F0,C-02-03-L6,C,2,6,1,34
51235874F0,D-01-03-L3,D,1,3,1,157
51235902F0,H-10-02-L2,H,10,2,0,9
51235903F0,C-05-01-L1,C,5,1,0,28
51235945F0,C-04-03-L1,C,4,1,0,30
51235946F0-K,C-03-01-L8,C,3,8,1,31
51235979F0,A-09-01-L3,A,9,3,1,0
51236020F0,I-08-02-L4,I,8,4,1,0
51236020F0-G,G-10-01-L5,G,10,5,1,5
51236021F0,I-08-01-L5,I,8,5,1,0
51236021F0-G,G-10-02-L5,G,10,5,1,5
51236022F0,I-08-02-L5,I,8,5,1,0
51236022F0-G,H-11-02-L0,H,11,0,0,6
51236027F0,C-02-01-L7,C,2,7,1,34
51236085F0,E-08-01-L4,E,8,4,1,4
51236118F0,D-07-01-L0,D,7,0,0,4
51236121F0,D-07-02-L0,D,7,0,0,4
51236124F0,J-13-02-L3,J,13,3,1,7
51236125F0,J-13-01-L4,J,13,4,1,7
51236142F0,D-07-03-L0,D,7,0,0,4
51236143F0,D-07-01-L1,D,7,1,0,4
51236146F0,E-06-01-L1,E,6,1,0,10
51236157F0,B-12-01-L0,B,12,0,0,0
51236179F0,H-06-01-L2,H,6,2,0,163
51236180F0,H-05-02-L1,H,5,1,0,276
51236202F0,J-15-01-L0,J,15,0,0,5
51236205F0,F-10-03-L5,F,10,5,1,3
51236221T0,D-07-02-L1,D,7,1,0,4
51236329F0,J-06-03-L4,J,6,4,1,470
51236335F0,C-01-02-L6,C,1,6,1,37
51236453F0,B-07-03-L6,B,7,6,1,56
51236533F0,A-09-02-L3,A,9,3,1,1
51236548F0,J-09-03-L6,J,9,6,1,0
51236548F0-K,B-05-03-L2,B,5,2,0,62
51236549F0,B-05-03-L3,B,5,3,1,0
51236549F0-K,B-05-03-L4,B,5,4,1,62
51236561F0,E-06-02-L3,E,6,3,1,0
51236662F0,J-18-02-L3,J,18,3,1,3
51236667F0,J-18-01-L4,J,18,4,1,3
51236679F0,U-01-02-L6,U,1,6,1,3
51236690F0,A-05-01-L0,A,5,0,0,3
51236770F0,H-10-03-L4,H,10,4,1,0
51236771F0,H-10-01-L5,H,10,5,1,0
51236772F0,I-08-01-L6,I,8,6,1,0
51236795F0,A-05-02-L0,A,5,0,0,3
51236815F0,E-10-01-L5,E,10,5,1,0
51236843F0R14,G-10-02-L4,G,10,4,1,5
51236844F0R14,E-08-03-L0,E,8,0,0,5
51236845F0R14,E-07-02-L3,E,7,3,1,7
51236849F0,I-10-02-L7,I,10,7,1,7
51236867F0,E-08-03-L6,E,8,6,1,4
51236978F0,G-01-01-L2,G,1,2,0,0
51236992F0,A-05-03-L0,A,5,0,0,0
51237011F0,J-02-03-L5,J,2,5,1,0
51237088F0,F-09-03-L8,F,9,8,1,6
51237092F0,D-05-01-L8,D,5,8,1,9
51237110F0,H-10-02-L5,H,10,5,1,0
51237111F0,H-10-03-L5,H,10,5,1,0
51237112F0,H-10-01-L6,H,10,6,1,0
51237185F0,A-09-03-L3,A,9,3,1,1
51237186F0,A-09-01-L4,A,9,4,1,1
51237262F0,H-04-03-L0,H,4,0,0,411
51237264F0,D-05-02-L7,D,5,7,1,9
51237268F0,E-10-02-L5,E,10,5,1,2
51237279F0,E-03-02-L3,E,3,3,1,0
51237280F0,I-07-02-L1,I,7,1,0,0
51237282F0,H-07-03-L6,H,7,6,1,0
51237289F0,E-02-03-L3,E,2,3,1,0
51237290F0,I-06-01-L0,I,6,0,0,0
51237368F0,F-02-01-L6,F,2,6,1,360
51237369F0,B-05-02-L5,B,5,5,1,62
51237370F0,E-03-02-L4,E,3,4,1,101
51237371F0,C-04-02-L7,C,4,7,1,29
51237372F0,E-07-02-L5,E,7,5,1,7
51237373F0,A-02-01-L7,A,2,7,1,11
51237374F0,C-04-03-L7,C,4,7,1,29
51237375F0,E-07-03-L5,E,7,5,1,7
51237376F0,A-02-03-L6,A,2,6,1,11
51237392FA,B-12-02-L7,B,12,7,1,42
51237426F0AD,J-10-01-L6,J,10,6,1,0
51237427F0AD,D-04-03-L5,D,4,5,1,0
51237527F0,I-06-02-L1,I,6,1,0,0
51237553F0,E-10-03-L5,E,10,5,1,2
51237605F0,G-10-03-L5,G,10,5,1,5
51237608F0,J-14-02-L1,J,14,1,0,5
51237611F0,J-14-01-L2,J,14,2,0,5
51237614F0,J-14-02-L2,J,14,2,0,5
51254778A,U-05-01-L1,U,5,1,0,1
51254778B,C-01-02-L1,C,1,1,0,39
51254779A,U-05-02-L1,U,5,1,0,1
51254779B,C-01-03-L1,C,1,1,0,39
51254780A,D-10-02-L7,D,10,7,1,1
51254780B,C-01-01-L1,C,1,1,0,39
51254783A,A-09-02-L4,A,9,4,1,1
51254783B,E-12-01-L5,E,12,5,1,1
51254786A,E-12-02-L5,E,12,5,1,1
51254786B,A-08-02-L4,A,8,4,1,1
51254786C,E-12-03-L5,E,12,5,1,1
51255561,F-02-03-L4,F,2,4,1,0
51255589,D-08-02-L6,D,8,6,1,2
51256215C,A-05-01-L1,A,5,1,0,0
51256252SN,U-02-02-L6,U,2,6,1,2
51256257,A-08-02-L7,A,8,7,1,1
51256258,A-08-03-L7,A,8,7,1,1
51256260,G-09-01-L5,G,9,5,1,7
51256262,F-08-02-L1,F,8,1,0,8
5125626501,U-04-01-L5,U,4,5,1,2
51256273,B-10-01-L5,B,10,5,1,48
51256308,B-05-03-L6,B,5,6,1,61
51256341,A-09-03-L4,A,9,4,1,1
51256342,E-12-01-L6,E,12,6,1,1
51256343,G-09-02-L5,G,9,5,1,7
51256344,G-09-03-L5,G,9,5,1,7
51256347,E-08-02-L3,E,8,3,1,4
51256350,A-06-01-L0,A,6,0,0,2
51256487-05,B-03-02-L1,B,3,1,0,68
51256515,F-04-03-L6,F,4,6,1,0
51256520,F-06-02-L6,F,6,6,1,16
51256522,E-07-03-L3,E,7,3,1,7
51256526,C-03-03-L7,C,3,7,1,32
51256528SN,E-10-01-L6,E,10,6,1,2
51256532,G-05-03-L4,G,5,4,1,114
51256542S07,C-02-01-L2,C,2,2,0,0
51256592,E-10-02-L6,E,10,6,1,2
51256623,G-05-03-L7,G,5,7,1,0
51256642SN,A-06-02-L0,A,6,0,0,2
51256643SN,A-06-03-L0,A,6,0,0,2
51256645,B-04-03-L6,B,4,6,1,64
51256694S07,G-01-03-L8,G,1,8,1,0
51256694_ADPTS07,E-10-03-L6,E,10,6,1,0
51256695S07,I-06-01-L3,I,6,3,1,0
51256696S07,I-06-02-L4,I,6,4,1,0
51256699S07,E-10-01-L7,E,10,7,1,0
51256702S07,F-03-02-L4,F,3,4,1,0
51256703S07,F-03-03-L2,F,3,2,0,0
51256882,B-06-02-L0,B,6,0,0,59
51256887,A-09-01-L5,A,9,5,1,1
51256898,U-05-02-L3,U,5,3,1,1
51256974,F-11-03-L2,F,11,2,0,2
51256975,J-10-01-L0,J,10,0,0,0
51256976,C-06-03-L4,C,6,4,1,0
51257009,G-01-03-L3,G,1,3,1,0
51257012,G-05-03-L5,G,5,5,1,0
51257013,H-11-01-L5,H,11,5,1,0
51257020,I-10-02-L4,I,10,4,1,8
51257021,E-08-03-L7,E,8,7,1,4
51257038,A-04-03-L2,A,4,2,0,5
51257039,A-04-01-L3,A,4,3,1,5
51257064B,A-05-02-L1,A,5,1,0,0
51257090,A-09-02-L5,A,9,5,1,1
51257091S07,D-05-02-L5,D,5,5,1,9
51257092S07,H-10-02-L0,H,10,0,0,10
51257095,A-09-03-L5,A,9,5,1,1
51257123SN,E-10-02-L7,E,10,7,1,2
51257131AG,F-11-03-L8,F,11,8,1,2
51257137,J-09-03-L7,J,9,7,1,121
51257138,J-09-01-L5,J,9,5,1,126
51257144,E-11-01-L6,E,11,6,1,1
51257144SN,E-10-03-L7,E,10,7,1,2
51257160,I-05-01-L3,I,5,3,1,0
51257165,J-10-02-L4,J,10,4,1,77
51257172,C-10-01-L3,C,10,3,1,20
51257180,B-01-03-L7,B,1,7,1,72
51257182,F-08-02-L0,F,8,0,0,8
51257196SN,E-10-01-L8,E,10,8,1,2
51257200,D-05-01-L6,D,5,6,1,9
51257201,D-05-02-L6,D,5,6,1,9
51257202,I-10-03-L4,I,10,4,1,8
51257210,E-03-02-L0,E,3,0,0,103
51257212SN,A-06-01-L1,A,6,1,0,2
51257249,B-02-01-L8,B,2,8,1,69
51257250,B-02-01-L3,B,2,3,1,70
51257257,A-09-01-L6,A,9,6,1,1
51257287,F-01-01-L4,F,1,4,1,552
51257289,J-09-01-L1,J,9,1,0,131
51257430,G-01-01-L4,G,1,4,1,0
51257437,H-04-03-L7,H,4,7,1,0
51257455,H-10-01-L3,H,10,3,1,9
51257456,F-08-01-L0,F,8,0,0,8
51257457,J-08-03-L6,J,8,6,1,194
51257460SN,E-10-02-L8,E,10,8,1,2
51257472,H-09-03-L0,H,9,0,0,15
51257476,H-09-01-L2,H,9,2,0,0
51257477,H-09-02-L2,H,9,2,0,0
51257490,C-05-03-L5,C,5,5,1,27
51257692,I-06-01-L2,I,6,2,0,0
51257692A,G-05-01-L5,G,5,5,1,114
51257692B,A-02-03-L7,A,2,7,1,11
51257736,A-08-01-L8,A,8,8,1,1
51257738,D-10-02-L8,D,10,8,1,1
51257792,I-02-03-L5,I,2,5,1,0
51257794,H-02-01-L3,H,2,3,1,0
51257813,H-05-01-L2,H,5,2,0,0
51257823,G-01-01-L0,G,1,0,0,0
51257942,E-11-03-L5,E,11,5,1,1
51257942SN,A-05-03-L1,A,5,1,0,3
51257952,G-10-03-L0,G,10,0,0,5
51257952A,I-02-01-L0,I,2,0,0,0
51257999,B-08-03-L5,B,8,5,1,0
51300141FA,E-12-02-L6,E,12,6,1,1
51300160F0,D-07-03-L1,D,7,1,0,0
51300168F0,A-09-02-L6,A,9,6,1,0
51300180F0,A-09-03-L6,A,9,6,1,0
51300184F0,A-09-01-L7,A,9,7,1,0
51300229F0,A-09-02-L7,A,9,7,1,0
51300307F0,E-02-02-L1,E,2,1,0,0
51300312F0,B-06-01-L3,B,6,3,1,0
51300317F0,H-03-01-L7,H,3,7,1,0
51300318F0,B-05-02-L6,B,5,6,1,0
51300319F0,B-07-03-L3,B,7,3,1,0
51300324FA,H-03-01-L6,H,3,6,1,0
51300427F0,H-01-02-L1,H,1,1,0,0
51300503F0,J-09-03-L2,J,9,2,0,0
51300528F0,J-01-01-L4,J,1,4,1,0
51300574F0,C-05-02-L6,C,5,6,1,0
51300576F0,B-05-03-L7,B,5,7,1,0
51300594F0,G-08-01-L4,G,8,4,1,0
51300596F0,F-07-03-L1,F,7,1,0,0
51300598F0,G-08-02-L4,G,8,4,1,0
51300971F0,F-04-01-L3,F,4,3,1,0
51301170FA,H-03-02-L6,H,3,6,1,0
51301171FA,E-01-01-L6,E,1,6,1,0
51301173FA,G-04-01-L3,G,4,3,1,0
51305792F0,G-06-02-L8,G,6,8,1,39
51305959F0,F-11-01-L6,F,11,6,1,2
51305968F0,B-01-02-L6,B,1,6,1,0
51307402F0,C-12-02-L2,C,12,2,0,0
51307403F0,G-08-03-L4,G,8,4,1,0
51307601FA,E-02-03-L1,E,2,1,0,0
51307757FA,F-11-03-L3,F,11,3,1,2
51307819F0,F-07-01-L2,F,7,2,0,0
51310546F0,B-02-03-L8,B,2,8,1,69
51310557F0R07,F-03-01-L0,F,3,0,0,0
51310557F0R11,A-05-01-L2,A,5,2,0,0
51310557F0R13,J-15-02-L0,J,15,0,0,0
51310557F0R14,D-04-01-L6,D,4,6,1,0
51310558F0R07,C-03-01-L0,C,3,0,0,0
51310558F0R14,E-10-03-L8,E,10,8,1,0
51310590F0,G-02-03-L4,G,2,4,1,446
51310591F0,B-07-02-L6,B,7,6,1,56
51310599F0,C-10-01-L0,C,10,0,0,20
51310623F0,G-05-01-L4,G,5,4,1,114
51310655F0,J-06-02-L2,J,6,2,0,496
51310657F0,G-06-01-L4,G,6,4,1,40
51310659F0,F-01-01-L1,F,1,1,0,0
51310660F0,I-05-02-L0,I,5,0,0,0
51310662F0,B-06-03-L6,B,6,6,1,58
51310663F0,B-12-02-L8,B,12,8,1,42
51310664F0,D-03-02-L7,D,3,7,1,17
51310666F0,B-12-03-L8,B,12,8,1,42
51310667F0,D-03-03-L7,D,3,7,1,17
51310669F0,J-15-01-L1,J,15,1,0,5
51310670F0,G-10-03-L6,G,10,6,1,5
51310671F0AG,D-07-01-L2,D,7,2,0,4
51310671F0SN,H-06-01-L4,H,6,4,1,161
51310673F0,F-01-03-L6,F,1,6,1,509
51310678F0,I-04-01-L7,I,4,7,1,451
51310682F0,C-09-03-L8,C,9,8,1,21
51310685F0,E-01-01-L5,E,1,5,1,287
51310686F0,E-01-02-L5,E,1,5,1,287
51310692F0,H-05-02-L2,H,5,2,0,0
51310693F0,E-01-02-L6,E,1,6,1,0
51310694F0,J-06-03-L2,J,6,2,0,496
51310697F0,H-05-01-L4,H,5,4,1,255
51310698F0,C-03-02-L1,C,3,1,0,34
51310700F0,B-03-01-L0,B,3,0,0,69
51310704F0R07,B-09-01-L4,B,9,4,1,51
51310710F0,G-05-01-L7,G,5,7,1,109
51310713F0,C-03-03-L3,C,3,3,1,32
51310718F0,J-06-01-L1,J,6,1,0,501
51310724F0,B-05-01-L6,B,5,6,1,61
51310725F0,B-05-01-L3,B,5,3,1,62
51310791F0,F-01-03-L5,F,1,5,1,521
51310807F0,B-03-02-L2,B,3,2,0,68
51310808F0,E-09-02-L5,E,9,5,1,3
51310809T0SN,B-06-03-L0,B,6,0,0,59
51310811F0,B-07-01-L8,B,7,8,1,54
51310812F0,B-01-03-L2,B,1,2,0,73
51310813F0,B-01-03-L5,B,1,5,1,72
51310841F0,B-05-02-L0,B,5,0,0,63
51310854F0,F-01-01-L0,F,1,0,0,594
51310855F0,E-01-03-L5,E,1,5,1,287
51310856F0,B-02-01-L1,B,2,1,0,71
51310857F0,C-04-01-L4,C,4,4,1,30
51310857F0SN,B-06-02-L4,B,6,4,1,59
51310860FA,B-10-02-L7,B,10,7,1,46
51310860FD,G-09-02-L0,G,9,0,0,7
51310860FESN,C-11-02-L5,C,11,5,1,19
51310861FA,E-05-01-L7,E,5,7,1,16
51310861FD,E-12-03-L6,E,12,6,1,1
51310861FESN,F-07-02-L0,F,7,0,0,13
51310862FA,D-03-02-L8,D,3,8,1,17
51310862FD,E-12-01-L7,E,12,7,1,1
51310862FESN,H-09-03-L7,H,9,7,1,15
51310863FA,F-06-01-L0,F,6,0,0,17
51310863FD,E-12-02-L7,E,12,7,1,1
51310863FESN,D-04-01-L0,D,4,0,0,15
51310864FD,J-14-01-L3,J,14,3,1,5
51310865FA,G-10-02-L1,G,10,1,0,5
51310866FA,F-10-01-L4,F,10,4,1,3
51310866FFAG,A-09-03-L7,A,9,7,1,1
51310867FA,F-10-02-L4,F,10,4,1,3
51310867FFAG,A-09-01-L8,A,9,8,1,1
51310868FA,F-10-03-L3,F,10,3,1,3
51310868FFAG,A-09-02-L8,A,9,8,1,1
51310869FA,U-02-01-L0,U,2,0,0,2
51310879F0R07,F-08-03-L3,F,8,3,1,0
51310881F0,G-01-03-L7,G,1,7,1,0
51310882F0,G-05-02-L4,G,5,4,1,0
51310884F0,J-06-01-L3,J,6,3,1,489
51310894F0,G-02-01-L1,G,2,1,0,451
51310895F0,B-07-01-L2,B,7,2,0,57
51310896F0,I-05-02-L1,I,5,1,0,307
51310896F0AG,J-15-02-L1,J,15,1,0,5
51310896F0SN,G-04-02-L7,G,4,7,1,184
51310897F0,G-04-02-L6,G,4,6,1,185
51310898F0,I-09-01-L4,I,9,4,1,14
51310899F0,G-04-02-L1,G,4,1,0,187
51310900F0,C-10-01-L4,C,10,4,1,20
51310902F0,G-04-03-L6,G,4,6,1,185
51310903F0,C-11-02-L3,C,11,3,1,20
51310904F0,J-07-03-L1,J,7,1,0,344
51310905F0,G-06-02-L6,G,6,6,1,39
51310909F0,B-08-02-L2,B,8,2,0,53
51310913F0,G-02-03-L1,G,2,1,0,451
51310957F0,H-05-03-L2,H,5,2,0,266
51310957F0AG,J-15-01-L2,J,15,2,0,5
51310957F0SN,E-02-03-L7,E,2,7,1,168
51310964F0,C-02-01-L8,C,2,8,1,34
51310967F0,H-04-02-L7,H,4,7,1,398
51310973F0,J-08-01-L7,J,8,7,1,193
51310974F0,C-06-02-L0,C,6,0,0,27
51310975F0,G-02-03-L3,G,2,3,1,446
51310976F0,B-07-02-L2,B,7,2,0,56
51310979T0SN,H-10-03-L3,H,10,3,1,9
51310998F0SN,B-11-03-L4,B,11,4,1,45
51311010M0,A-06-02-L1,A,6,1,0,2
56132756,G-02-01-L5,G,2,5,1,0
56132761,I-05-01-L5,I,5,5,1,0
56132774,H-05-01-L6,H,5,6,1,0
56135320,I-01-01-L2,I,1,2,0,0
56135323,H-03-02-L7,H,3,7,1,0
56135331,H-02-02-L6,H,2,6,1,0
56135334,H-04-02-L3,H,4,3,1,0
56150012,J-02-03-L7,J,2,7,1,0
56270,F-11-03-L4,F,11,4,1,2
56900533,E-06-03-L3,E,6,3,1,0
56900701,G-01-01-L1,G,1,1,0,0
56900702,H-03-03-L1,H,3,1,0,0
56900860,I-05-02-L5,I,5,5,1,0
56900920,I-05-01-L6,I,5,6,1,0
56900923,J-08-01-L2,J,8,2,0,0
56901001,J-01-02-L7,J,1,7,1,0
56901004,G-02-01-L8,G,2,8,1,0
56901014,J-03-02-L0,J,3,0,0,0
56901053,F-01-01-L2,F,1,2,0,0
56920160,J-07-01-L3,J,7,3,1,0
56920300,H-01-02-L0,H,1,0,0,0
56920984,I-02-02-L7,I,2,7,1,0
56940010,D-09-01-L0,D,9,0,0,0
56940011,A-05-02-L2,A,5,2,0,0
56940013,A-05-03-L2,A,5,2,0,0
56950081,H-05-03-L6,H,5,6,1,0
56950264,G-01-03-L6,G,1,6,1,0
59704,H-10-01-L4,H,10,4,1,9
59705,A-04-01-L8,A,4,8,1,5
59836,A-09-03-L8,A,9,8,1,1
59927,A-05-01-L3,A,5,3,1,3
627125,J-04-01-L7,J,4,7,1,0
627150,G-08-02-L1,G,8,1,0,12
627250,F-01-02-L6,F,1,6,1,0
706500TA,F-01-02-L3,F,1,3,1,0
706501TA,F-01-02-L2,F,1,2,0,0
706902A,C-03-02-L0,C,3,0,0,0
707052,G-01-02-L2,G,1,2,0,0
707115A,E-11-03-L7,E,11,7,1,1
707864,I-06-02-L2,I,6,2,0,0
7236021,U-04-02-L5,U,4,5,1,2
7236259,H-09-03-L2,H,9,2,0,15
730307,I-03-03-L5,I,3,5,1,0
730454,J-02-03-L1,J,2,1,0,0
730666-08,I-02-02-L4,I,2,4,1,0
731754,J-15-02-L2,J,15,2,0,0
731885,J-02-03-L2,J,2,2,0,0
731886,G-02-02-L5,G,2,5,1,0
732236,G-01-03-L4,G,1,4,1,0
732480,F-03-02-L2,F,3,2,0,0
732531,F-03-03-L6,F,3,6,1,0
732538C,D-02-01-L7,D,2,7,1,0
732538ECD,B-01-03-L6,B,1,6,1,0
732733B,B-06-02-L7,B,6,7,1,0
732740,J-01-02-L4,J,1,4,1,0
732744X,C-01-03-L6,C,1,6,1,0
732775,F-05-01-L5,F,5,5,1,0
732847,H-07-02-L1,H,7,1,0,0
733065,H-02-03-L0,H,2,0,0,0
754771,H-07-01-L5,H,7,5,1,0
755435,J-02-02-L3,J,2,3,1,0
755484,G-04-02-L4,G,4,4,1,0
755542,J-05-02-L3,J,5,3,1,0
755815,E-02-02-L4,E,2,4,1,0
755847,I-01-02-L1,I,1,1,0,0
755847-08,I-01-01-L1,I,1,1,0,0
759090,H-07-03-L1,H,7,1,0,0
759713,D-01-01-L1,D,1,1,0,0
759964E,D-07-02-L2,D,7,2,0,0
7S3491104220,U-07-01-L0,U,7,0,0,0
8066698,C-10-01-L1,C,10,1,0,20
8132882,C-10-01-L7,C,10,7,1,0
839744AG,E-08-01-L5,E,8,5,1,4
854392AG,G-08-01-L5,G,8,5,1,0
855869AG,J-15-01-L3,J,15,3,1,5
855869SN,G-04-02-L3,G,4,3,1,185
85930602T0,F-02-03-L3,F,2,3,1,0
85930702T0,F-02-01-L8,F,2,8,1,0
85930802T0,F-02-01-L3,F,2,3,1,0
85930902T0,H-10-02-L6,H,10,6,1,0
85931002T0,H-10-03-L6,H,10,6,1,0
85931102T0,E-06-01-L4,E,6,4,1,0
859385T0,U-02-02-L0,U,2,0,0,2
859399,B-08-02-L4,B,8,4,1,53
859402,G-02-01-L0,G,2,0,0,451
859403,G-02-02-L0,G,2,0,0,451
859422,E-01-03-L6,E,1,6,1,285
859422AG,D-07-03-L2,D,7,2,0,4
859422SN,H-06-03-L3,H,6,3,1,162
859423,I-05-01-L2,I,5,2,0,306
859423SN,G-04-01-L5,G,4,5,1,185
859424SN,I-07-01-L6,I,7,6,1,95
859427,G-06-03-L0,G,6,0,0,41
859427SN,D-04-03-L2,D,4,2,0,14
859430,J-06-03-L1,J,6,1,0,497
859441,H-05-01-L5,H,5,5,1,253
859442,C-03-03-L1,C,3,1,0,34
859450,G-02-03-L2,G,2,2,0,448
859456,G-02-01-L6,G,2,6,1,427
859464,H-09-01-L3,H,9,3,1,15
859489,H-05-02-L5,H,5,5,1,253
859500,F-07-03-L0,F,7,0,0,13
859534,B-07-03-L1,B,7,1,0,57
859542,C-04-01-L1,C,4,1,0,30
859606T0,C-07-03-L8,C,7,8,1,24
859606T0SN,C-06-02-L2,C,6,2,0,26
859621,H-09-02-L3,H,9,3,1,15
859694,G-04-03-L3,G,4,3,1,185
859764,G-05-03-L8,G,5,8,1,107
87000,E-03-03-L4,E,3,4,1,101
87004R06,I-07-02-L6,I,7,6,1,95
87007,B-03-02-L0,B,3,0,0,69
87015,I-07-01-L3,I,7,3,1,97
87028,C-10-02-L7,C,10,7,1,0
87031,C-05-02-L5,C,5,5,1,28
87035,C-07-03-L6,C,7,6,1,25
87037,G-11-03-L8,G,11,8,1,4
87063,B-02-02-L4,B,2,4,1,70
87074R14,U-03-02-L2,U,3,2,0,2
87199,U-02-01-L5,U,2,5,1,2
87301,A-08-02-L8,A,8,8,1,1
87329,D-08-01-L2,D,8,2,0,3
87340,C-09-03-L0,C,9,0,0,23
87352,F-07-03-L8,F,7,8,1,13
87381,A-05-02-L3,A,5,3,1,0
875646,I-01-01-L5,I,1,5,1,0
877067,I-01-02-L5,I,1,5,1,0
87722,J-08-02-L7,J,8,7,1,193
87723,B-02-03-L4,B,2,4,1,70
87727,D-09-02-L0,D,9,0,0,0
877495,G-06-02-L1,G,6,1,0,0
877633,J-01-03-L1,J,1,1,0,0
877791,I-01-03-L5,I,1,5,1,0
87790,J-08-02-L6,J,8,6,1,196
877942F,J-08-01-L6,J,8,6,1,196
878297,F-02-01-L1,F,2,1,0,0
878386,H-03-03-L0,H,3,0,0,0
879090,J-05-03-L7,J,5,7,1,0
879091,J-03-03-L6,J,3,6,1,0
87995,C-04-01-L5,C,4,5,1,30
883677,H-05-03-L7,H,5,7,1,0
885228,G-05-02-L2,G,5,2,0,0
885249,J-06-02-L4,J,6,4,1,0
88600,F-03-01-L6,F,3,6,1,0
88601,C-08-02-L0,C,8,0,0,0
88616,D-03-01-L0,D,3,0,0,17
886598,J-01-01-L2,J,1,2,0,0
886606,J-01-02-L3,J,1,3,1,0
886637,J-02-01-L2,J,2,2,0,0
886657,G-01-02-L6,G,1,6,1,0
886661,E-06-03-L0,E,6,0,0,10
886661CD,J-04-01-L2,J,4,2,0,0
886662,F-11-03-L0,F,11,0,0,2
886662CD,J-04-01-L5,J,4,5,1,0
88670,F-07-02-L2,F,7,2,0,0
88690,D-08-01-L8,D,8,8,1,2
886917,J-03-01-L0,J,3,0,0,0
887160,H-01-01-L1,H,1,1,0,0
88725,B-12-02-L1,B,12,1,0,43
887951,C-05-02-L1,C,5,1,0,0
887954,J-09-01-L3,J,9,3,1,0
887956,H-02-01-L7,H,2,7,1,0
887959,G-01-01-L8,G,1,8,1,0
88796,C-06-01-L8,C,6,8,1,26
887962,J-04-02-L1,J,4,1,0,0
887985,J-09-02-L3,J,9,3,1,0
888036A,F-03-01-L7,F,3,7,1,0
888039,J-01-02-L2,J,1,2,0,0
888040,J-01-03-L2,J,1,2,0,0
888205,H-01-03-L0,H,1,0,0,0
888208,I-01-01-L0,I,1,0,0,0
888210,H-01-01-L3,H,1,3,1,0
888215,H-01-02-L3,H,1,3,1,0
888218,I-01-02-L0,I,1,0,0,0
888219,H-01-03-L3,H,1,3,1,0
888220,H-01-01-L4,H,1,4,1,0
888243,H-01-02-L4,H,1,4,1,0
888244,H-01-03-L4,H,1,4,1,0
888255,C-08-03-L0,C,8,0,0,0
888280,J-03-01-L3,J,3,3,1,0
888283,I-01-03-L6,I,1,6,1,0
888289,I-07-02-L0,I,7,0,0,0
888290,H-02-02-L3,H,2,3,1,0
888291,C-02-03-L5,C,2,5,1,0
888292,B-09-03-L6,B,9,6,1,0
888301,H-02-01-L1,H,2,1,0,0
888327,J-01-03-L3,J,1,3,1,0
888328,J-01-03-L4,J,1,4,1,0
888356,J-01-01-L1,J,1,1,0,0
888359,I-02-02-L0,I,2,0,0,0
888364,J-01-01-L5,J,1,5,1,0
888368,J-05-03-L6,J,5,6,1,0
888385,J-01-02-L5,J,1,5,1,0
888391,J-02-01-L6,J,2,6,1,0
888414,J-01-03-L5,J,1,5,1,0
888417,J-01-01-L6,J,1,6,1,0
888422,J-01-02-L6,J,1,6,1,0
888427,I-01-01-L7,I,1,7,1,0
888459,J-03-02-L4,J,3,4,1,0
888459SET,H-02-02-L1,H,2,1,0,0
888468,H-02-03-L1,H,2,1,0,0
888501,B-01-01-L7,B,1,7,1,0
888566,J-11-02-L1,J,11,1,0,0
888568,J-05-03-L0,J,5,0,0,0
888592,B-10-01-L8,B,10,8,1,0
888593,B-10-02-L8,B,10,8,1,0
888596,C-02-02-L2,C,2,2,0,0
888597,B-10-03-L8,B,10,8,1,0
888606,H-01-01-L5,H,1,5,1,0
888619,H-01-02-L5,H,1,5,1,0
888620,H-01-02-L2,H,1,2,0,0
888621,H-01-03-L5,H,1,5,1,0
888633,H-01-03-L2,H,1,2,0,0
888640,I-01-02-L6,I,1,6,1,0
888647,H-01-01-L6,H,1,6,1,0
888649,I-01-01-L6,I,1,6,1,0
888670,J-05-01-L6,J,5,6,1,0
888677,F-01-03-L2,F,1,2,0,0
888690,J-05-03-L3,J,5,3,1,0
888693,J-02-03-L3,J,2,3,1,0
888694,J-05-01-L4,J,5,4,1,0
888697,I-01-03-L1,I,1,1,0,0
888697-08,I-01-03-L0,I,1,0,0,0
888700,J-05-03-L2,J,5,2,0,0
888711,J-05-01-L2,J,5,2,0,0
888715,J-05-02-L4,J,5,4,1,0
888724,I-01-01-L4,I,1,4,1,0
888727,J-05-03-L4,J,5,4,1,0
888733,J-02-01-L4,J,2,4,1,0
888740,J-02-02-L4,J,2,4,1,0
888750,J-03-02-L6,J,3,6,1,0
888768,J-02-03-L6,J,2,6,1,0
888772,J-05-02-L7,J,5,7,1,0
888783,J-05-01-L3,J,5,3,1,0
888793,J-02-03-L4,J,2,4,1,0
888795,J-05-01-L1,J,5,1,0,0
88882,D-07-01-L3,D,7,3,1,4
88883,E-09-03-L5,E,9,5,1,3
888836,J-05-02-L2,J,5,2,0,0
888844,B-05-01-L8,B,5,8,1,0
888846,C-04-02-L2,C,4,2,0,0
888849,J-01-02-L1,J,1,1,0,0
888861,J-08-02-L2,J,8,2,0,0
888864,J-01-03-L6,J,1,6,1,0
888866,B-04-01-L5,B,4,5,1,0
888933,G-01-02-L4,G,1,4,1,0
888946BJ,B-11-01-L7,B,11,7,1,0
888946DJ,H-07-01-L2,H,7,2,0,0
888946GCD,F-02-03-L5,F,2,5,1,0
888946GMCD,H-04-03-L3,H,4,3,1,0
888946RQ,B-05-02-L8,B,5,8,1,0
888946RR,H-06-02-L1,H,6,1,0,0
888946STCD,I-07-01-L4,I,7,4,1,0
888968,F-01-01-L3,F,1,3,1,0
889004,D-01-02-L1,D,1,1,0,0
889005,D-01-03-L1,D,1,1,0,0
889007,D-01-01-L2,D,1,2,0,0
889008,D-01-02-L2,D,1,2,0,0
889010,G-03-01-L7,G,3,7,1,0
889012,D-01-03-L2,D,1,2,0,0
889017,D-01-01-L3,D,1,3,1,0
889021,F-03-02-L8,F,3,8,1,0
889027,F-01-03-L3,F,1,3,1,0
889036,I-05-01-L1,I,5,1,0,0
889042,G-04-03-L4,G,4,4,1,0
889050,D-01-02-L3,D,1,3,1,0
889063,H-03-01-L5,H,3,5,1,0
889082,C-05-03-L6,C,5,6,1,0
889087,J-13-02-L4,J,13,4,1,0
889089,J-13-01-L5,J,13,5,1,0
889096,D-07-02-L3,D,7,3,1,0
889098,J-13-02-L5,J,13,5,1,0
889100,J-13-01-L6,J,13,6,1,0
889101,J-13-02-L6,J,13,6,1,0
889103,I-07-02-L7,I,7,7,1,0
889104,B-01-01-L1,B,1,1,0,0
889107,C-05-01-L7,C,5,7,1,0
889123,B-09-01-L7,B,9,7,1,0
889130,C-05-03-L1,C,5,1,0,0
889131,C-05-01-L2,C,5,2,0,0
889144,J-13-01-L7,J,13,7,1,0
889158,J-13-02-L7,J,13,7,1,0
889159,D-07-03-L3,D,7,3,1,0
889160,D-07-01-L4,D,7,4,1,0
889161,H-10-01-L7,H,10,7,1,0
889162,J-16-01-L0,J,16,0,0,0
889168,I-06-01-L5,I,6,5,1,0
889176,J-16-02-L0,J,16,0,0,0
889177,J-16-01-L1,J,16,1,0,0
889183,J-16-02-L1,J,16,1,0,0
889184,J-16-01-L2,J,16,2,0,0
889185F0,G-01-03-L2,G,1,2,0,0
889186F0,J-06-02-L3,J,6,3,1,0
889188F0,D-01-02-L5,D,1,5,1,0
889191F0,B-06-03-L7,B,6,7,1,0
889214F0,D-01-02-L8,D,1,8,1,0
889221F0,H-07-02-L2,H,7,2,0,0
889224F0,J-06-03-L7,J,6,7,1,0
889290F0,B-04-01-L8,B,4,8,1,0
889291F0,B-09-02-L7,B,9,7,1,0
889309F0,I-02-01-L4,I,2,4,1,0
889312F0,I-04-01-L0,I,4,0,0,0
889316F0,G-04-03-L0,G,4,0,0,0
889317F0,D-01-03-L8,D,1,8,1,0
889337F0,E-01-02-L7,E,1,7,1,0
889341F0,F-04-01-L0,F,4,0,0,0
889344F0,I-02-03-L4,I,2,4,1,0
889346F0,J-05-02-L5,J,5,5,1,0
889348F0,I-04-01-L1,I,4,1,0,0
889376F0,F-04-02-L3,F,4,3,1,0
889392F0,I-04-01-L2,I,4,2,0,0
889400F0,G-06-03-L6,G,6,6,1,0
889402F0,I-04-01-L3,I,4,3,1,0
889407F0,E-01-03-L7,E,1,7,1,0
889424,G-08-02-L5,G,8,5,1,0
889425,C-03-01-L3,C,3,3,1,0
889465F0,E-01-01-L8,E,1,8,1,0
889479FA,J-03-02-L3,J,3,3,1,0
889585FA,D-02-01-L4,D,2,4,1,0
889585FB,B-07-02-L8,B,7,8,1,0
889659,G-08-03-L5,G,8,5,1,0
889663,J-11-01-L2,J,11,2,0,0
889665,G-08-01-L6,G,8,6,1,0
889668,H-01-02-L6,H,1,6,1,0
889669,H-01-03-L6,H,1,6,1,0
889674F0,F-04-03-L3,F,4,3,1,0
889677,H-01-01-L7,H,1,7,1,0
889678,J-02-01-L5,J,2,5,1,0
889685F0,H-03-01-L1,H,3,1,0,0
889695F0,G-06-03-L1,G,6,1,0,0
889698F0,B-07-03-L8,B,7,8,1,0
889755,C-10-01-L8,C,10,8,1,0
889772AB,C-06-03-L2,C,6,2,0,26
889773AX,F-11-03-L7,F,11,7,1,2
889792F0,B-09-03-L7,B,9,7,1,0
889798,F-02-02-L6,F,2,6,1,0
889977F0,G-05-03-L0,G,5,0,0,0
890213F0,B-05-03-L8,B,5,8,1,0
890214F0,B-11-02-L7,B,11,7,1,0
890339F0,G-06-01-L7,G,6,7,1,0
890343F0,C-05-02-L2,C,5,2,0,0
890345F0,B-04-01-L1,B,4,1,0,0
890350F0,D-07-02-L4,D,7,4,1,0
890547FA,C-01-01-L4,C,1,4,1,0
890547FB,J-16-02-L2,J,16,2,0,0
890758F0,G-01-01-L7,G,1,7,1,0
891166FM,U-07-02-L0,U,7,0,0,1
891348F0,J-02-02-L0,J,2,0,0,0
891352F0,F-04-03-L5,F,4,5,1,0
891377,J-05-01-L5,J,5,5,1,0
891486FH,U-07-01-L1,U,7,1,0,0
891511F0,F-02-02-L0,F,2,0,0,0
891537F0,C-12-01-L3,C,12,3,1,0
891558F0,J-02-02-L5,J,2,5,1,0
895385BH,A-05-03-L3,A,5,3,1,0
90335,D-09-03-L0,D,9,0,0,0
91001159902,J-03-03-L4,J,3,4,1,0
954500131,D-04-02-L6,D,4,6,1,0
954500133,J-16-01-L3,J,16,3,1,0
A9F74216,G-10-03-L1,G,10,1,0,5
A9N18458,D-09-01-L1,D,9,1,0,2
AAA12703F0,H-09-01-L1,H,9,1,0,15
AAA12731F0,D-02-02-L5,D,2,5,1,87
AAA12734F0,B-01-01-L5,B,1,5,1,73
AAA12737F0,B-02-01-L4,B,2,4,1,70
AAA12739F0,U-07-02-L1,U,7,1,0,1
AAA12759F0,I-11-01-L7,I,11,7,1,5
AAA12772F0,H-07-01-L3,H,7,3,1,93
AAA12773F0,H-07-02-L6,H,7,6,1,92
AAA12774F0,E-02-03-L6,E,2,6,1,170
AAA12775F0,E-02-01-L7,E,2,7,1,170
AAA12861F0,C-04-01-L6,C,4,6,1,29
AAA12972F0-K,F-04-02-L2,F,4,2,0,143
AAA12973F0,C-03-02-L4,C,3,4,1,32
AAA12974F0-K,C-03-01-L1,C,3,1,0,34
AAA12976F0,F-03-02-L0,F,3,0,0,237
AAA12976F0-K,I-06-02-L0,I,6,0,0,181
AAA13036F0-K,J-08-02-L1,J,8,1,0,201
AAA13106F0,B-03-03-L2,B,3,2,0,67
AAA13118F0,A-04-02-L8,A,4,8,1,5
AAA20033F0,B-12-03-L5,B,12,5,1,42
AAA20107F0R14,E-07-03-L6,E,7,6,1,7
AAA20111F0,C-06-02-L4,C,6,4,1,26
AAS10003T0,F-05-02-L8,F,5,8,1,79
AAS10003T0AG,A-08-03-L8,A,8,8,1,1
AAS10003T0SN,B-03-01-L1,B,3,1,0,68
AAS10009T0,I-06-01-L1,I,6,1,0,180
AAS10014T0,C-08-03-L4,C,8,4,1,24
AAS10014T0SN,D-04-03-L3,D,4,3,1,14
AAS10016T0AG,G-10-01-L8,G,10,8,1,5
AAS10016T0SN,B-05-02-L3,B,5,3,1,62
AAS10021T0,U-05-01-L4,U,5,4,1,1
AAS10021T0-EPK,H-11-02-L5,H,11,5,1,0
AAS10022T0,U-05-02-L4,U,5,4,1,1
AAS10022T0-EPK,H-11-03-L5,H,11,5,1,0
AAS10028T0,D-01-01-L6,D,1,6,1,149
AAS10037T0,D-04-01-L4,D,4,4,1,14
AAS10040T0,D-11-01-L0,D,11,0,0,1
AAS10040T0SN,I-09-01-L5,I,9,5,1,13
AAS10041T0,D-11-01-L1,D,11,1,0,1
AAS10042T0SN,I-09-02-L5,I,9,5,1,13
AAS10043T0,U-02-02-L2,U,2,2,0,2
AAS10043T0SN,I-09-01-L6,I,9,6,1,13
AAS10044T0SN,I-09-02-L4,I,9,4,1,13
AAS10045T0SN,D-04-02-L2,D,4,2,0,14
AAS10046T0,D-11-01-L2,D,11,2,0,1
AAS10047T0,D-11-01-L3,D,11,3,1,1
AAS10048T0,U-05-01-L5,U,5,5,1,1
AAS10049T0,U-05-02-L5,U,5,5,1,1
AAS10050T0,D-11-01-L4,D,11,4,1,1
AAS10051T0,D-11-01-L5,D,11,5,1,1
AAS10066T0,I-06-02-L3,I,6,3,1,179
AAS10069T0,F-04-02-L7,F,4,7,1,137
AAS10070T0,A-04-02-L3,A,4,3,1,5
AAS10073T0,B-02-02-L1,B,2,1,0,70
AAS10073T0AG,E-08-03-L2,E,8,2,0,4
AAS10073T0SN,B-03-03-L0,B,3,0,0,68
AAS10087T0,G-04-02-L0,G,4,0,0,191
AAS10088T0,C-08-01-L8,C,8,8,1,23
AAS10099T0,I-06-02-L6,I,6,6,1,177
AAS10123T0,C-01-01-L6,C,1,6,1,37
AAS10125T0SN,A-06-03-L1,A,6,1,0,2
AAS10126T0,G-04-03-L7,G,4,7,1,183
AAS10132T0,D-07-03-L4,D,7,4,1,4
AAS10137T0,C-04-03-L5,C,4,5,1,29
AAS10137T0AG,D-11-01-L6,D,11,6,1,1
AAS10137T0SN,A-06-01-L2,A,6,2,0,2
AAS10168T0,A-04-03-L3,A,4,3,1,5
AAS10244T0,F-08-01-L4,F,8,4,1,0
AAS10245T0,F-08-02-L4,F,8,4,1,0
AAS10246T0,F-08-03-L4,F,8,4,1,0
AAS10247T0,F-08-01-L5,F,8,5,1,0
AAS10248T0,J-11-02-L2,J,11,2,0,0
AAS10249T0,J-11-01-L3,J,11,3,1,0
AAS10250T0,F-08-02-L5,F,8,5,1,0
AAS10252T0,B-10-02-L1,B,10,1,0,0
AAS10255T0,B-10-03-L1,B,10,1,0,0
AAS10311T0,F-01-03-L4,F,1,4,1,523
AAS10312T0,J-10-02-L6,J,10,6,1,77
AAS10490T0,H-06-02-L6,H,6,6,1,160
AAS10491T0,C-07-02-L5,C,7,5,1,25
AAS10512T0AG,D-07-01-L5,D,7,5,1,4
AAS10571T0,F-04-03-L4,F,4,4,1,141
AAS10572T0,F-04-03-L2,F,4,2,0,142
AAS10573T0,F-04-03-L7,F,4,7,1,137
AAS10574T0,U-07-01-L2,U,7,2,0,1
AAS10575T0,E-08-01-L8,E,8,8,1,4
AAS10591T0,C-08-01-L1,C,8,1,0,0
AAS10592T0,C-05-02-L7,C,5,7,1,0
AAS10593T0,C-06-01-L5,C,6,5,1,0
AAS10594T0,C-06-02-L5,C,6,5,1,0
AAS10596T0,C-06-03-L5,C,6,5,1,0
AAS10597T0,C-07-01-L0,C,7,0,0,0
AAS10605T0,C-06-01-L6,C,6,6,1,0
AAS10612T0,C-06-02-L6,C,6,6,1,0
AAS10635T0,J-04-01-L1,J,4,1,0,0
AAS10638T0,B-08-03-L4,B,8,4,1,53
AAS10648T0,A-05-01-L4,A,5,4,1,0
AAS10649T0,J-09-03-L0,J,9,0,0,133
AAS10650T0,U-07-02-L2,U,7,2,0,1
AAS10664T0,C-04-03-L2,C,4,2,0,0
AAS10669T0,C-04-01-L3,C,4,3,1,0
AAS10670T0,C-04-02-L3,C,4,3,1,0
AAS10671T0,G-11-01-L7,G,11,7,1,4
AAS10675T0R07,F-05-01-L7,F,5,7,1,80
AAS10676T0R07,B-05-01-L5,B,5,5,1,62
AAS10678T0R07,C-11-02-L2,C,11,2,0,20
AAS10679T0,F-05-02-L0,F,5,0,0,82
AAS10680T0,C-11-01-L3,C,11,3,1,20
AAS10681T0R07,F-05-02-L7,F,5,7,1,80
AAS10682T0R07,D-02-01-L6,D,2,6,1,86
AAS10683T0R07,B-02-02-L0,B,2,0,0,71
AAS10684T0R07,F-05-02-L1,F,5,1,0,82
AAS10685T0R07,B-01-02-L4,B,1,4,1,73
AAS10697T0R07,F-05-01-L0,F,5,0,0,82
AAS10698T0,J-10-01-L1,J,10,1,0,78
AAS10699T0R07,C-06-02-L3,C,6,3,1,26
AAS10700T0,C-06-03-L3,C,6,3,1,26
AAS10701T0,U-02-02-L3,U,2,3,1,2
AAS10702T0,A-06-01-L8,A,6,8,1,2
AAS10707T0,F-08-03-L5,F,8,5,1,0
AAS10708T0,E-06-02-L4,E,6,4,1,0
AAS10709T0,F-08-01-L6,F,8,6,1,0
AAS10711T0,F-08-02-L6,F,8,6,1,0
AAS10713T0,C-12-02-L1,C,12,1,0,19
AAS10714T0,C-12-01-L5,C,12,5,1,19
AAS10715T0,C-12-02-L5,C,12,5,1,19
AAS10716T0,C-12-01-L6,C,12,6,1,19
AAS10718T0,C-11-02-L8,C,11,8,1,19
AAS10720T0,C-12-02-L6,C,12,6,1,19
AAS10721T0,C-12-01-L7,C,12,7,1,19
AAS10722T0,C-12-02-L7,C,12,7,1,19
AAS10723T0,C-12-01-L8,C,12,8,1,19
AAS10733T0,E-03-01-L0,E,3,0,0,104
AAS10733T0AG,D-07-02-L5,D,7,5,1,4
AAS10733T0SN,B-03-02-L7,B,3,7,1,66
AAS10737T0,D-02-01-L0,D,2,0,0,90
AAS10738T0,D-02-02-L3,D,2,3,1,89
AAS10752T0-EPK,A-05-02-L4,A,5,4,1,0
AAS10753T0-EPK,A-05-03-L4,A,5,4,1,0
AAS10820T0,E-02-01-L4,E,2,4,1,174
AAS10832T0,J-07-02-L3,J,7,3,1,0
AAS10833T0,J-07-03-L3,J,7,3,1,0
AAS10834T0,H-03-01-L3,H,3,3,1,0
AAS10835T0,J-07-01-L4,J,7,4,1,0
AAS10836T0,J-07-02-L4,J,7,4,1,0
AAS10838T0,J-04-02-L4,J,4,4,1,0
AAS10839T0,J-07-03-L4,J,7,4,1,0
AAS10840T0,J-07-01-L5,J,7,5,1,0
AAS10841T0,J-07-02-L5,J,7,5,1,0
AAS10842T0,J-03-03-L5,J,3,5,1,0
AAS10844T0,J-07-03-L5,J,7,5,1,0
AAS10845T0,J-07-01-L6,J,7,6,1,0
AAS10846T0,J-07-02-L6,J,7,6,1,0
AAS10847T0,H-03-02-L3,H,3,3,1,0
AAS10848T0,J-07-03-L6,J,7,6,1,0
AAS10850T0,J-07-01-L7,J,7,7,1,0
AAS10851T0,J-07-02-L7,J,7,7,1,0
AAS10852T0,J-07-03-L7,J,7,7,1,0
AAS10855T0,G-03-01-L0,G,3,0,0,0
AAS10860T0,G-03-02-L0,G,3,0,0,0
AAS10861T0,G-03-03-L0,G,3,0,0,0
AAS10862T0,J-07-03-L2,J,7,2,0,0
AAS10869T0,E-04-01-L4,E,4,4,1,18
AAS10870T0,I-08-02-L0,I,8,0,0,18
AAS10871T0,H-08-03-L4,H,8,4,1,18
AAS10873T0,H-08-01-L5,H,8,5,1,18
AAS10876T0R07,D-04-02-L8,D,4,8,1,14
AAS10881T0R07,D-04-03-L8,D,4,8,1,14
AAS10886T0,B-05-03-L5,B,5,5,1,61
AAS10887T0,H-08-02-L5,H,8,5,1,18
AAS10888T0,C-11-01-L8,C,11,8,1,19
AAS10891T0,C-11-02-L6,C,11,6,1,19
AAS10894T0,G-03-01-L1,G,3,1,0,0
AAS10895T0R14,D-09-02-L1,D,9,1,0,2
AAS10896T0R07,I-09-01-L0,I,9,0,0,14
AAS10896T0R14,D-09-03-L1,D,9,1,0,2
AAS10897T0,E-05-03-L5,E,5,5,1,16
AAS10898T0,E-05-01-L6,E,5,6,1,16
AAS10905T0,I-08-01-L1,I,8,1,0,18
AAS10907T0,I-09-01-L7,I,9,7,1,13
AAS10908T0,I-09-02-L7,I,9,7,1,13
AAS10909T0,I-09-02-L6,I,9,6,1,13
AAS10910T0,D-09-01-L2,D,9,2,0,2
AAS10913T0,A-06-02-L8,A,6,8,1,2
AAS10915T0,A-02-02-L2,A,2,2,0,11
AAS10916T0,G-08-02-L6,G,8,6,1,12
AAS10921T0,E-04-01-L7,E,4,7,1,18
AAS10923T0,G-03-01-L4,G,3,4,1,322
AAS10924T0,G-03-02-L4,G,3,4,1,322
AAS10944T0,G-03-02-L1,G,3,1,0,0
AAS10945T0,G-03-03-L1,G,3,1,0,0
AAS30032TA,E-12-03-L7,E,12,7,1,1
AAS30095TA,B-12-01-L6,B,12,6,1,0
AAS30113TA,D-09-02-L2,D,9,2,0,2
AAS30113TASN,F-07-03-L2,F,7,2,0,13
AAS30113TB,D-09-03-L2,D,9,2,0,2
AAS30113TBSN,F-07-01-L3,F,7,3,1,13
AAS30113TC,D-09-01-L3,D,9,3,1,2
AAS30113TCSN,F-07-02-L3,F,7,3,1,13
AAS30114TA,D-09-02-L3,D,9,3,1,2
AAS30114TASN,F-07-03-L3,F,7,3,1,13
AAS30114TB,D-09-03-L3,D,9,3,1,2
AAS30114TBSN,F-07-01-L4,F,7,4,1,13
AAS30114TC,D-09-01-L4,D,9,4,1,2
AAS30114TCSN,F-07-02-L4,F,7,4,1,13
AAS40372T0,E-09-01-L6,E,9,6,1,3
AAS40373T0,J-18-02-L4,J,18,4,1,3
AAS40374T0,E-09-02-L6,E,9,6,1,3
AAS40397T0,E-06-03-L8,E,6,8,1,10
AAS40399T0,I-11-02-L7,I,11,7,1,5
AAS40400T0,U-07-01-L3,U,7,3,1,1
AAS40621TB,G-05-01-L6,G,5,6,1,0
AAS40621TR,F-02-01-L4,F,2,4,1,0
AAS40621TXG,E-12-01-L8,E,12,8,1,1
AAS40621TZ,F-05-02-L5,F,5,5,1,0
AAS40629T0,E-09-03-L6,E,9,6,1,3
AAS40630T0,B-05-02-L4,B,5,4,1,62
AAS40647T0,F-09-01-L8,F,9,8,1,6
AAS40647T0SN,E-09-01-L7,E,9,7,1,3
AAS40651T0SN,E-03-03-L0,E,3,0,0,103
AAS40652T0,E-02-01-L3,E,2,3,1,175
AAS40653T0SN,E-03-02-L8,E,3,8,1,99
AAS40654T0,C-07-01-L6,C,7,6,1,25
AAS40654T0SN,E-03-03-L8,E,3,8,1,99
AAS40655T0,A-04-03-L8,A,4,8,1,5
AAS40656T0SN,E-03-03-L7,E,3,7,1,100
AAS40896TA,U-07-02-L3,U,7,3,1,0
AAS41086T0,G-03-02-L3,G,3,3,1,0
AAS41213T0,E-09-02-L7,E,9,7,1,3
AAS41214TB,E-09-03-L7,E,9,7,1,3
AAS41277TB,A-05-01-L5,A,5,5,1,3
AAS41481TA,E-02-01-L8,E,2,8,1,166
AAS41481TB,H-06-03-L1,H,6,1,0,163
AAS41481TC,I-08-02-L1,I,8,1,0,18
AAS41482T0,E-02-02-L8,E,2,8,1,166
AAS41483TA,I-08-01-L2,I,8,2,0,18
AAS41483TB,H-08-02-L6,H,8,6,1,18
AAS41484T0,E-02-03-L8,E,2,8,1,166
AAS41485T0,H-06-01-L0,H,6,0,0,166
AAS41510T0,H-08-03-L6,H,8,6,1,18
AAS41512T0,D-01-03-L4,D,1,4,1,152
AAS41517TC,D-01-01-L4,D,1,4,1,155
AAS41518TA,D-01-03-L7,D,1,7,1,148
AAS41518TB,D-01-03-L5,D,1,5,1,150
AAS41518TC,D-01-03-L6,D,1,6,1,149
AAS41583T0,D-01-02-L6,D,1,6,1,149
AAS41584T0,D-01-02-L7,D,1,7,1,148
AAS41585T0,F-04-02-L0,F,4,0,0,145
AAS41586T0,F-04-03-L0,F,4,0,0,145
AAS41588T0,D-01-01-L5,D,1,5,1,151
AAS41589TA,H-06-02-L7,H,6,7,1,158
AAS41589TB,H-06-03-L7,H,6,7,1,158
AAS41592T0,D-01-01-L7,D,1,7,1,149
AAS41625T0,H-06-01-L7,H,6,7,1,159
AAS41626T0,C-01-03-L5,C,1,5,1,38
AAS41642T0,I-10-01-L2,I,10,2,0,8
AAS41643T0,I-10-02-L2,I,10,2,0,8
AAS41724T0,H-06-02-L0,H,6,0,0,166
AAS41725T0,H-08-03-L7,H,8,7,1,18
AAS41727TA,J-08-02-L3,J,8,3,1,198
AAS41727TB,J-08-03-L4,J,8,4,1,197
AAS41760T0,D-09-02-L4,D,9,4,1,0
AAS41761T0,D-09-03-L4,D,9,4,1,2
AAS41907T0,F-11-02-L2,F,11,2,0,2
AAS42036T0,U-05-01-L6,U,5,6,1,1
AAS42164T0,B-06-03-L4,B,6,4,1,59
AAS42165TASN,B-06-01-L4,B,6,4,1,59
AAS42165TBSN,B-06-01-L5,B,6,5,1,59
AAS42165TCSN,B-06-02-L5,B,6,5,1,59
AAS42165TDSN,B-06-03-L5,B,6,5,1,59
AAS42295T0,F-04-02-L1,F,4,1,0,0
AAS42296T0,F-04-03-L1,F,4,1,0,0
AAS42297T0,E-06-03-L4,E,6,4,1,0
AAS42357T0,H-05-01-L1,H,5,1,0,0
AAS42359T0,F-04-03-L8,F,4,8,1,0
AAS42362T0,F-08-03-L6,F,8,6,1,0
AAS42370T0,H-08-01-L7,H,8,7,1,18
AAS42371T0,I-08-01-L0,I,8,0,0,18
AAS42376T0,U-07-01-L4,U,7,4,1,1
AAS42385T0,B-01-03-L0,B,1,0,0,74
AAS49802T0,J-08-01-L3,J,8,3,1,198
AAS49804T0,B-09-02-L5,B,9,5,1,50
AAS49831T0,E-03-02-L5,E,3,5,1,100
AAS49847T0,U-04-01-L6,U,4,6,1,2
AAS49901T0,G-05-03-L3,G,5,3,1,114
AAS49961T0,C-01-01-L7,C,1,7,1,37
AAS49963T0,H-01-01-L2,H,1,2,0,0
AAV14221,U-07-02-L4,U,7,4,1,0
AAV17870,B-12-03-L3,B,12,3,1,43
AAV17874,G-06-03-L4,G,6,4,1,40
AAV23775,J-01-01-L7,J,1,7,1,0
AAV24160,D-01-02-L4,D,1,4,1,0
AAV24161,C-01-02-L7,C,1,7,1,0
AAV24162,B-11-03-L7,B,11,7,1,0
AAV24163,B-07-01-L4,B,7,4,1,0
AAV33176,G-03-03-L5,G,3,5,1,0
AAV33177,G-03-01-L6,G,3,6,1,0
AAV36546R12,I-10-02-L3,I,10,3,1,8
AAV36546S07,C-09-03-L4,C,9,4,1,22
AAV36551R12,I-10-03-L2,I,10,2,0,8
AAV36551R14,C-09-02-L4,C,9,4,1,22
AAV36551S07,F-06-01-L1,F,6,1,0,17
AAV41876,B-01-02-L1,B,1,1,0,0
AAV41876S07,D-07-03-L5,D,7,5,1,0
AAV41878,J-15-02-L3,J,15,3,1,0
AAV41885,F-08-01-L7,F,8,7,1,0
AAV42403,B-08-01-L6,B,8,6,1,0
AAV42412,G-05-01-L8,G,5,8,1,0
AAV43538,F-03-01-L3,F,3,3,1,220
AAV43632,G-05-03-L2,G,5,2,0,117
AAV43635,B-10-01-L7,B,10,7,1,47
AAV49636,I-05-01-L0,I,5,0,0,308
AAV50992,B-04-02-L8,B,4,8,1,0
AAV52067,G-03-02-L7,G,3,7,1,0
AAV55545,I-04-01-L5,I,4,5,1,453
AAV55917,I-07-01-L2,I,7,2,0,0
AAV55931,B-12-02-L0,B,12,0,0,43
AAV60690,B-10-01-L6,B,10,6,1,47
AAV60877,F-06-01-L2,F,6,2,0,17
AAV61012,J-07-02-L0,J,7,0,0,0
AAV64158,F-02-03-L1,F,2,1,0,0
AAV80194,F-09-02-L3,F,9,3,1,6
AAV80205,F-09-03-L3,F,9,3,1,6
AAV82271,J-18-01-L5,J,18,5,1,3
AAV86003,J-18-02-L1,J,18,1,0,3
AAV88178,J-03-03-L3,J,3,3,1,0
AAV91761,J-03-01-L6,J,3,6,1,0
ABL6TS06U,C-07-01-L7,C,7,7,1,24
ABL6TS16U,A-02-01-L6,A,2,6,1,11
ACTPC6ASFLS30WE,H-08-02-L7,H,8,7,1,18
AEMOE05B25B2115E2,D-11-01-L7,D,11,7,1,1
AEMOK05B55E511,H-09-02-L0,H,9,0,0,15
AEMON05B55B511000M,D-11-01-L8,D,11,8,1,1
AEMOO05E800011,A-06-02-L2,A,6,2,0,2
AEMOQ05B85F811000M,E-12-01-L0,E,12,0,0,1
AEMOS05B55B5215E5,E-12-02-L0,E,12,0,0,1
AEMSO05B55E521,A-06-03-L2,A,6,2,0,2
AEMST05B55E521,E-12-03-L0,E,12,0,0,1
AGDOLAP28188,H-09-03-L3,H,9,3,1,0
AGDOLAP28190,E-06-01-L5,E,6,5,1,0
AGDOLAP28195,D-07-01-L6,D,7,6,1,0
AGDOLAP28196,C-09-03-L6,C,9,6,1,0
AGDOLAP28199,U-07-01-L5,U,7,5,1,0
AGDOLAP28596,J-15-01-L4,J,15,4,1,0
AGDOLAP28802,B-01-03-L3,B,1,3,1,0
AGDOLAP28804,B-08-02-L6,B,8,6,1,0
AGS490502-01,D-10-01-L5,D,10,5,1,1
AGSC72891-04,C-03-01-L5,C,3,5,1,0
AGSC72922-01,J-11-02-L3,J,11,3,1,0
AGSC72974-22,J-11-01-L4,J,11,4,1,0
AGSC72974-23,J-11-02-L4,J,11,4,1,0
AGSC72974-24,J-11-01-L5,J,11,5,1,0
AGSC73386-01,C-03-02-L5,C,3,5,1,0
AGSC73451-01,J-11-02-L5,J,11,5,1,0
AGSC73716-01,J-11-01-L6,J,11,6,1,0
AGSC73717-01,J-11-02-L6,J,11,6,1,0
AGSC73726-03,J-11-01-L7,J,11,7,1,0
AGSC73726-04,J-11-02-L7,J,11,7,1,0
AGSC73761-02,G-07-01-L0,G,7,0,0,0
AGSC73761-05,H-11-01-L6,H,11,6,1,0
AGSC74270-10,E-08-02-L5,E,8,5,1,4
AGSC74272-01,G-07-02-L0,G,7,0,0,0
AGSC74448-01,G-10-01-L7,G,10,7,1,5
AGSC74448-02,G-10-02-L7,G,10,7,1,5
AGSH31601-01,G-11-03-L5,G,11,5,1,4
AGSH35446-01,E-12-01-L1,E,12,1,0,1
AGSI03560-01,B-10-01-L2,B,10,2,0,0
AHMOF05B85F811,A-06-01-L3,A,6,3,1,2
AMB00194,G-08-01-L1,G,8,1,0,12
AMB00204,J-09-01-L0,J,9,0,0,0
AMB00374,C-06-03-L6,C,6,6,1,0
AMB00447,J-06-02-L7,J,6,7,1,0
AMB00448,F-02-01-L5,F,2,5,1,0
AMB00456,G-05-02-L7,G,5,7,1,0
AMB00512,B-03-03-L6,B,3,6,1,66
AMB00513,B-02-01-L2,B,2,2,0,0
AMB00525,A-02-03-L1,A,2,1,0,11
AMB00577,D-10-03-L5,D,10,5,1,1
AMB00578,E-06-02-L5,E,6,5,1,0
AMB00628,J-09-02-L1,J,9,1,0,0
AMB00754,U-07-02-L5,U,7,5,1,1
AMB00755,U-07-01-L6,U,7,6,1,0
AMPERMETRE169,U-07-02-L6,U,7,6,1,0
AMPERMETRE617,U-05-02-L6,U,5,6,1,1
AMT000155-02,B-10-02-L2,B,10,2,0,0
AMT000195-01,G-07-03-L0,G,7,0,0,0
AMT000926-01,H-09-01-L4,H,9,4,1,0
AMT000936-01,C-03-03-L5,C,3,5,1,0
AMT002863-01,E-02-02-L5,E,2,5,1,0
AMT002883-01,E-02-03-L5,E,2,5,1,0
AMT003166-05,H-11-02-L6,H,11,6,1,0
AMT204220-01,A-02-01-L0,A,2,0,0,12
AMTH04261-01,U-02-01-L4,U,2,4,1,2
AMTH06656-01,H-11-03-L6,H,11,6,1,0
BBV14869,I-03-03-L0,I,3,0,0,0
BBV15648,G-10-01-L0,G,10,0,0,6
BBV17284,J-14-01-L0,J,14,0,0,5
BBV19284,D-09-01-L5,D,9,5,1,2
BBV19285,D-12-01-L0,D,12,0,0,1
BBV19286,A-05-02-L5,A,5,5,1,3
BBV19287,A-06-03-L8,A,6,8,1,2
BBV19288,E-12-02-L8,E,12,8,1,1
BBV19290,J-18-02-L5,J,18,5,1,3
BBV19619,G-10-02-L0,G,10,0,0,6
BBV22062,I-03-01-L1,I,3,1,0,0
BBV22837,J-03-02-L7,J,3,7,1,0
BBV24192,I-02-01-L6,I,2,6,1,0
BBV24940,I-03-03-L6,I,3,6,1,0
BBV25627,F-09-02-L8,F,9,8,1,6
BBV27828,I-03-02-L1,I,3,1,0,0
BBV27844,F-08-03-L1,F,8,1,0,8
BBV31367,H-02-03-L3,H,2,3,1,0
BBV31368,H-02-01-L4,H,2,4,1,0
BBV31369,H-02-02-L5,H,2,5,1,0
BBV31551,A-03-01-L5,A,3,5,1,7
BBV31555,A-03-02-L5,A,3,5,1,7
BBV34228,A-03-03-L5,A,3,5,1,7
BBV34230,A-03-01-L6,A,3,6,1,7
BBV34232,G-09-03-L1,G,9,1,0,7
BBV34233,A-03-02-L6,A,3,6,1,7
BBV34236,A-03-03-L6,A,3,6,1,7
BBV34241,A-03-01-L7,A,3,7,1,7
BBV34246,A-03-02-L7,A,3,7,1,7
BBV34247,A-03-03-L7,A,3,7,1,7
BBV34650,I-03-02-L0,I,3,0,0,0
BBV34679,J-01-01-L3,J,1,3,1,0
BBV37577,A-03-01-L8,A,3,8,1,7
BBV40299,U-02-01-L1,U,2,1,0,2
BBV40669,A-03-02-L8,A,3,8,1,7
BBV40670,A-03-03-L8,A,3,8,1,7
BBV40671,J-17-01-L0,J,17,0,0,7
BBV40678,D-09-02-L5,D,9,5,1,2
BBV40679,D-09-03-L5,D,9,5,1,2
BBV40691,A-06-02-L3,A,6,3,1,2
BBV40784,D-08-01-L6,D,8,6,1,2
BBV41038,A-04-01-L4,A,4,4,1,5
BBV41047,G-09-01-L2,G,9,2,0,7
BBV41049,J-17-02-L0,J,17,0,0,7
BBV41228,J-17-01-L1,J,17,1,0,7
BBV41440,G-09-03-L6,G,9,6,1,7
BBV41443,A-04-02-L4,A,4,4,1,5
BBV41956,F-10-01-L7,F,10,7,1,3
BBV44337,A-04-03-L4,A,4,4,1,5
BBV44643,D-09-01-L6,D,9,6,1,2
BBV44645,A-04-01-L5,A,4,5,1,5
BBV44646,A-04-02-L5,A,4,5,1,5
BBV44647,A-04-03-L5,A,4,5,1,5
BBV44648,A-04-01-L6,A,4,6,1,5
BBV45114,J-04-01-L6,J,4,6,1,0
BBV45462,J-02-01-L3,J,2,3,1,0
BBV46299,H-03-03-L5,H,3,5,1,0
BBV48821,I-03-03-L4,I,3,4,1,0
BBV49196,I-03-03-L3,I,3,3,1,0
BBV49257,F-02-02-L8,F,2,8,1,352
BBV49262,F-02-03-L8,F,2,8,1,352
BBV55406,I-02-02-L3,I,2,3,1,0
BBV57728,I-03-01-L0,I,3,0,0,0
BBV59583,J-17-02-L1,J,17,1,0,7
BBV59723,J-17-01-L2,J,17,2,0,7
BBV60758,E-02-01-L6,E,2,6,1,0
BBV61183,J-03-03-L7,J,3,7,1,0
BF4-24VDC,B-03-02-L3,B,3,3,1,0
BF4-48VDC,C-08-02-L6,C,8,6,1,0
BLRCH104A125B48,H-11-01-L7,H,11,7,1,0
BQT38304,H-11-02-L7,H,11,7,1,0
BQT38955,E-11-01-L7,E,11,7,1,1
BQT41857,H-11-03-L7,H,11,7,1,0
BRU58791,A-05-03-L5,A,5,5,1,0
BRU58794,A-05-01-L6,A,5,6,1,0
BRU63807,A-05-02-L6,A,5,6,1,0
BRU66032,D-12-01-L1,D,12,1,0,0
BRU71170,D-12-01-L2,D,12,2,0,0
BRU71262,A-05-03-L6,A,5,6,1,0
BRU82376,B-04-01-L7,B,4,7,1,64
BRU87488,A-05-01-L7,A,5,7,1,0
BW467,E-08-01-L3,E,8,3,1,4
C1034V100,D-03-01-L3,D,3,3,1,0
C1036E040,A-02-01-L3,A,2,3,1,0
C1036E100,C-05-03-L7,C,5,7,1,0
C103TM016,A-02-02-L3,A,2,3,1,0
C1042D100,G-07-01-L1,G,7,1,0,0
C104TM016,D-12-01-L3,D,12,3,1,0
C104TM050,D-09-02-L6,D,9,6,1,0
C104TM063,D-09-03-L6,D,9,6,1,0
C104TM100,J-15-02-L4,J,15,4,1,0
C10S4,G-08-03-L6,G,8,6,1,0
C163TM160,I-11-03-L7,I,11,7,1,5
C16S3,U-01-02-L3,U,1,3,1,3
C253TM250,J-15-01-L5,J,15,5,1,0
C254TM250,A-05-02-L7,A,5,7,1,0
C25S3,A-05-03-L7,A,5,7,1,0
C25S4,D-07-02-L6,D,7,6,1,0
C32WA5970E,U-05-01-L0,U,5,0,0,1
C4042D400,J-16-02-L3,J,16,3,1,0
C40S4,J-16-01-L4,J,16,4,1,0
C6332D630,D-07-03-L6,D,7,6,1,0
C63S4,D-12-01-L4,D,12,4,1,0
CESU-001,F-08-03-L0,F,8,0,0,8
CESU-002,F-08-01-L1,F,8,1,0,8
CF36/10,G-10-01-L2,G,10,2,0,5
CF36/2.5,J-09-02-L6,J,9,6,1,124
CF36/50,A-05-01-L8,A,5,8,1,0
CF36/6.3,C-03-03-L2,C,3,2,0,33
CSTP25-20-200,C-10-02-L1,C,10,1,0,20
CUS-Y2540113-SEG,D-12-01-L5,D,12,5,1,0
CUS-Y2540513-SYC,D-12-01-L6,D,12,6,1,0
DISI_SOKET10,D-12-01-L7,D,12,7,1,1
DRC007897-01,F-08-02-L7,F,8,7,1,0
E142317B2M0B98L,U-04-02-L6,U,4,6,1,2
E44231FB4M0E38M,D-12-01-L8,D,12,8,1,0
E74632QHBM0C88M,U-08-02-L0,U,8,0,0,0
EAV14115,A-04-01-L0,A,4,0,0,5
EAV14460,J-18-01-L6,J,18,6,1,3
EAV14610,A-02-02-L6,A,2,6,1,11
EAV15118,J-16-02-L4,J,16,4,1,0
EAV18146,G-09-01-L7,G,9,7,1,7
EAV19212,G-09-02-L7,G,9,7,1,7
EAV19224,G-09-03-L7,G,9,7,1,7
EAV25748,F-03-03-L4,F,3,4,1,216
EAV25749,F-03-01-L4,F,3,4,1,218
EAV28981,H-11-01-L2,H,11,2,0,6
EAV43345,D-01-01-L0,D,1,0,0,157
EAV45262,J-08-03-L3,J,8,3,1,0
EAV45626R14,C-02-01-L3,C,2,3,1,36
EAV53363,A-05-02-L8,A,5,8,1,3
EAV53378,A-05-03-L8,A,5,8,1,0
EAV53379,G-12-01-L0,G,12,0,0,0
EAV53383,J-18-02-L6,J,18,6,1,3
EAV55085,F-10-02-L7,F,10,7,1,3
EAV57108,G-09-02-L3,G,9,3,1,7
EAV61396,E-01-03-L8,E,1,8,1,283
EAV62986,B-12-01-L1,B,12,1,0,43
EAV63071,B-12-01-L8,B,12,8,1,42
EAV64872,G-12-02-L0,G,12,0,0,3
EAV64873,G-12-03-L0,G,12,0,0,3
EAV66405R12,B-04-02-L6,B,4,6,1,64
EAV66405S07,F-04-01-L6,F,4,6,1,140
EAV66649R12,U-08-03-L0,U,8,0,0,1
EAV66649R14,B-09-02-L3,B,9,3,1,51
EAV66650R12,A-02-02-L7,A,2,7,1,11
EAV66650R14,C-01-02-L5,C,1,5,1,38
EAV66653R14,D-09-01-L7,D,9,7,1,2
EAV66654R12,A-03-02-L4,A,3,4,1,7
EAV66654S07,C-06-01-L1,C,6,1,0,27
EAV66656R12,I-10-01-L3,I,10,3,1,8
EAV66656R14,C-04-01-L7,C,4,7,1,29
EAV70647-018R10,U-08-02-L1,U,8,1,0,0
EAV70647-042R10,F-08-03-L7,F,8,7,1,0
EAV70647R10,G-06-01-L2,G,6,2,0,0
EAV71015,J-16-01-L5,J,16,5,1,0
EAV75985,H-02-03-L7,H,2,7,1,0
EAV81627,F-07-03-L4,F,7,4,1,0
EAV84107,J-18-01-L1,J,18,1,0,3
EAV84745,F-09-02-L4,F,9,4,1,6
EAV84813,H-02-02-L7,H,2,7,1,0
EAV84822,H-02-03-L5,H,2,5,1,0
EAV86412,J-17-02-L2,J,17,2,0,7
EAV92430,U-05-02-L2,U,5,2,0,1
EAV92988,J-07-02-L2,J,7,2,0,343
EAV93562,J-07-01-L2,J,7,2,0,344
EAV93856,F-09-03-L4,F,9,4,1,6
EIBAD0443-01,C-03-01-L6,C,3,6,1,0
EIBAD1038-02,G-07-02-L1,G,7,1,0,0
EIBAD1110-01,G-07-03-L1,G,7,1,0,0
EIBAD1114-02,G-07-01-L2,G,7,2,0,0
EIBAD1180-01,B-10-03-L2,B,10,2,0,0
EIBAD1183-02,D-06-01-L0,D,6,0,0,0
EIBAD1183-03,D-06-02-L0,D,6,0,0,0
EIBAE1018-01,G-07-02-L2,G,7,2,0,0
EIBAE1025-02R27,D-09-02-L7,D,9,7,1,0
EIBAE1036-02R27,D-09-03-L7,D,9,7,1,0
EIBAE1075-02,G-07-03-L2,G,7,2,0,0
EIBAE1076-01,D-07-01-L7,D,7,7,1,0
EIBAE1098-01,G-07-01-L3,G,7,3,1,0
EIBAE1115-02,C-09-01-L7,C,9,7,1,0
EIBAE1119-01,H-09-02-L4,H,9,4,1,0
EIBAE1119-02,G-07-02-L3,G,7,3,1,0
EIBAE1148-01,F-09-01-L4,F,9,4,1,6
EMS58582,E-11-01-L0,E,11,0,0,2
ESY0068F0,D-02-01-L1,D,2,1,0,89
ESY0178F0,G-07-03-L3,G,7,3,1,16
ESY0179F0,F-06-02-L3,F,6,3,1,16
EXE172512A0S,B-10-01-L3,B,10,3,1,0
EXE173112A0S,F-11-01-L3,F,11,3,1,2
EXE173112B0S,A-02-03-L3,A,2,3,1,0
EXE173125C0S,C-04-03-L6,C,4,6,1,0
EXE173125C1B,G-12-01-L1,G,12,1,0,0
EXE51223044F0SC,G-02-02-L8,G,2,8,1,0
EXECOTO,D-09-01-L8,D,9,8,1,0
EXEEDSHT12A2A,U-08-03-L1,U,8,1,0,0
EXEPLWD,F-03-02-L7,F,3,7,1,0
EXEPLWS,H-06-03-L6,H,6,6,1,0
EXETRKAA,J-09-03-L1,J,9,1,0,0
EXETRKAAP,U-08-02-L2,U,8,2,0,0
EXETRKBA,F-07-01-L5,F,7,5,1,0
EXETRKCA,C-03-02-L6,C,3,6,1,0
FIBERCAB072,A-06-03-L5,A,6,5,1,2
FIBERCAB079,G-10-03-L7,G,10,7,1,5
FIBERCAB083,E-08-02-L2,E,8,2,0,4
FIBERCAB085,A-02-03-L2,A,2,2,0,11
FIXED_CART,C-01-03-L7,C,1,7,1,37
FUSE6.3,J-15-02-L5,J,15,5,1,0
GDE14563,C-02-02-L4,C,2,4,1,36
GDE31924,C-10-01-L2,C,10,2,0,20
GDE33134,C-10-02-L3,C,10,3,1,20
GDE55471,D-07-02-L7,D,7,7,1,0
GDE64866,C-04-03-L4,C,4,4,1,30
GDE65821,C-05-01-L4,C,5,4,1,28
GDE66765,C-04-01-L8,C,4,8,1,29
GDE68041,B-11-03-L8,B,11,8,1,44
GDE76221,G-11-02-L7,G,11,7,1,4
GDE80040,G-06-01-L5,G,6,5,1,40
GDE80046,C-02-03-L4,C,2,4,1,36
GDE88004,B-10-02-L3,B,10,3,1,0
GDE88039,J-15-01-L6,J,15,6,1,5
GDE88041,J-14-02-L3,J,14,3,1,5
GDE88912,B-04-03-L1,B,4,1,0,66
GDE96320,C-08-01-L6,C,8,6,1,24
GEX16549-05,D-09-02-L8,D,9,8,1,0
GEX16797,D-06-03-L0,D,6,0,0,0
GEX16802,D-06-01-L1,D,6,1,0,0
GEX27771,G-07-01-L4,G,7,4,1,0
GEX27787,G-07-02-L4,G,7,4,1,0
GEX37214,I-06-01-L6,I,6,6,1,0
GEX37215,F-11-03-L1,F,11,1,0,2
GEX37216,C-09-03-L1,C,9,1,0,0
GEX40253,J-15-02-L6,J,15,6,1,0
GEX41549R07,F-06-01-L7,F,6,7,1,16
GEX41549R14,F-11-01-L8,F,11,8,1,2
GEX41877,C-11-01-L7,C,11,7,1,19
GEX61578,B-07-01-L1,B,7,1,0,0
GEX61581,H-06-01-L1,H,6,1,0,0
GEX62583,H-08-03-L5,H,8,5,1,18
GEX62985,G-11-03-L7,G,11,7,1,4
GEX69885R14,U-08-03-L2,U,8,2,0,1
GEX70294R14,U-08-02-L3,U,8,3,1,1
GEX70801R14,U-08-03-L3,U,8,3,1,1
GEX77045,D-03-03-L8,D,3,8,1,17
GEX77196,E-11-02-L0,E,11,0,0,2
GEX77198,E-05-02-L5,E,5,5,1,16
GEX77200,U-08-02-L4,U,8,4,1,1
GEX77202R07,H-09-02-L6,H,9,6,1,15
GEX77202R14,U-02-02-L1,U,2,1,0,2
GEX77203,E-04-01-L5,E,4,5,1,18
GEX77205,E-08-02-L4,E,8,4,1,4
GEX77206R07,I-09-02-L0,I,9,0,0,14
GEX77206R14,U-08-03-L4,U,8,4,1,1
GEX77207R14,U-08-02-L5,U,8,5,1,1
GEX77208R07,F-07-01-L7,F,7,7,1,13
GEX77208R14,U-08-03-L5,U,8,5,1,1
GEX77209R14,U-08-02-L6,U,8,6,1,1
GEX82623,C-09-01-L1,C,9,1,0,22
GEX83019,E-04-01-L3,E,4,3,1,18
GEX83373,H-11-01-L0,H,11,0,0,6
GEX83374,E-05-02-L6,E,5,6,1,16
GEX83381,E-05-03-L6,E,5,6,1,16
GEX83383,H-08-01-L6,H,8,6,1,18
GEX87189,E-08-03-L4,E,8,4,1,4
GEX87323,F-06-02-L5,F,6,5,1,16
GEX87337,C-12-02-L0,C,12,0,0,19
GEX94427,E-09-01-L8,E,9,8,1,3
GEX99641,E-04-01-L8,E,4,8,1,18
GNL00012,U-08-03-L6,U,8,6,1,0
GNL00022,C-10-02-L8,C,10,8,1,0
GNL00071,H-01-03-L7,H,1,7,1,0
GNL00193,G-07-03-L4,G,7,4,1,0
GNL00222,D-09-03-L8,D,9,8,1,0
GNL00233,C-04-03-L3,C,4,3,1,0
GNL00234,C-11-01-L0,C,11,0,0,0
GNL00235,E-06-03-L5,E,6,5,1,0
GNL00244,E-03-01-L7,E,3,7,1,0
GNL00280,E-06-01-L6,E,6,6,1,0
GNL00478,F-05-01-L6,F,5,6,1,0
GNL00496,A-10-01-L0,A,10,0,0,0
GNL00499,F-12-01-L0,F,12,0,0,0
GNL00659,H-03-01-L4,H,3,4,1,0
GNL00661,F-01-02-L1,F,1,1,0,0
GNL00770,I-08-02-L6,I,8,6,1,0
GNL00811,G-01-02-L1,G,1,1,0,0
GNL00813,C-07-02-L0,C,7,0,0,0
GNL00818,J-02-02-L6,J,2,6,1,0
GNL00819,J-03-01-L1,J,3,1,0,0
GNL00851,H-04-01-L4,H,4,4,1,0
GNL00856,I-01-02-L4,I,1,4,1,0
GNL00857,I-02-03-L3,I,2,3,1,0
GNL00858,J-03-01-L5,J,3,5,1,0
GNL00862,D-04-03-L6,D,4,6,1,0
GNL00917,G-01-03-L1,G,1,1,0,0
GNL00940,E-06-02-L6,E,6,6,1,0
GNL00941,C-09-01-L2,C,9,2,0,0
GNL00948,C-01-02-L4,C,1,4,1,0
GNL00996,C-07-03-L0,C,7,0,0,0
GNL00999,I-01-03-L4,I,1,4,1,0
GS2AH535,A-10-02-L0,A,10,0,0,0
GV1L3,F-11-01-L2,F,11,2,0,2
GV2APN01,J-08-02-L0,J,8,0,0,0
GV2P10,A-08-01-L0,A,8,0,0,1
GV4APN01,D-04-01-L7,D,4,7,1,0
GV4LE80S,A-02-01-L4,A,2,4,1,0
HE-12-IF,D-03-02-L3,D,3,3,1,0
HE-33,U-03-01-L3,U,3,3,1,2
HE-S-36,B-04-03-L8,B,4,8,1,0
HK46G113P120V,A-10-03-L0,A,10,0,0,0
HK46G113S-220VAC,J-15-01-L7,J,15,7,1,0
HRB15288,J-04-01-L0,J,4,0,0,0
HRB19905,E-02-01-L2,E,2,2,0,0
HRB25227,B-09-01-L2,B,9,2,0,52
HRB32870,H-06-02-L3,H,6,3,1,0
HRB33614,A-02-02-L8,A,2,8,1,11
HRB35358,G-06-02-L7,G,6,7,1,0
HRB35359,G-10-02-L2,G,10,2,0,5
HRB35360,B-09-01-L8,B,9,8,1,0
HRB35370,F-04-01-L1,F,4,1,0,0
HRB35380,C-09-02-L7,C,9,7,1,0
HRB37035,J-02-01-L1,J,2,1,0,0
HRB37769,B-11-01-L0,B,11,0,0,0
HRB38367,B-11-02-L0,B,11,0,0,0
HRB38368,B-11-03-L0,B,11,0,0,0
HRB51653,F-11-01-L4,F,11,4,1,2
HRB51667,J-17-01-L3,J,17,3,1,7
HRB51883,F-04-01-L7,F,4,7,1,0
HRB52844,B-11-01-L1,B,11,1,0,0
HRB53713,H-10-03-L2,H,10,2,0,9
HRB55925,B-11-02-L1,B,11,1,0,0
HRB57391,B-11-03-L1,B,11,1,0,0
HRB57440,B-11-01-L2,B,11,2,0,0
HRB60034,B-11-02-L2,B,11,2,0,0
HRB6336400,H-08-03-L3,H,8,3,1,18
HRB64624,B-03-01-L5,B,3,5,1,67
HRB64626,B-03-02-L5,B,3,5,1,67
HRB64828,B-05-01-L1,B,5,1,0,63
HRB64830,B-05-02-L1,B,5,1,0,63
HRB65944,B-01-03-L8,B,1,8,1,71
HRB80976,G-09-02-L2,G,9,2,0,7
HRB81078,H-05-01-L0,H,5,0,0,279
HUA15560,H-03-03-L2,H,3,2,0,0
HUA23187,F-10-03-L0,F,10,0,0,0
HUA23189,J-04-02-L2,J,4,2,0,0
HUA39662,D-06-02-L1,D,6,1,0,0
HVX0F362512T,D-10-01-L1,D,10,1,0,1
HVX0F363112T,F-01-01-L5,F,1,5,1,0
HVX0HNDL0001,F-05-01-L8,F,5,8,1,80
HVX0MCH125DC,D-10-03-L6,D,10,6,1,1
JLJ3932708,J-16-02-L5,J,16,5,1,7
JLJ3932709,I-10-03-L3,I,10,3,1,8
JLJ3932819S07,G-11-01-L6,G,11,6,1,4
JLJ3932855S07,D-06-03-L1,D,6,1,0,6
JLJ3932969,A-10-01-L1,A,10,1,0,1
JLJ3932970,A-10-02-L1,A,10,1,0,1
JLJ3932971,E-12-03-L8,E,12,8,1,1
JLJ3932972,A-10-03-L1,A,10,1,0,1
JLJ3933198S07,I-10-01-L4,I,10,4,1,8
JLJ3935916,A-08-02-L0,A,8,0,0,1
JLJ3936055,E-12-02-L1,E,12,1,0,1
JLJ3936143,G-12-02-L1,G,12,1,0,3
JLJ3936584,G-12-03-L1,G,12,1,0,3
JPS80174,B-08-01-L0,B,8,0,0,0
JYT11061,E-09-02-L8,E,9,8,1,3
JYT17272,G-12-01-L2,G,12,2,0,0
JYT18398,G-07-01-L5,G,7,5,1,0
JYT21669,C-03-03-L6,C,3,6,1,0
JYT30348,A-10-01-L2,A,10,2,0,1
JYT33655S07,D-06-01-L2,D,6,2,0,0
JYT35041_SETR27,F-12-02-L0,F,12,0,0,0
JYT35046,G-07-02-L5,G,7,5,1,0
JYT37347,I-06-01-L4,I,6,4,1,179
JYT37348,G-04-01-L8,G,4,8,1,183
JYT37348-K,B-06-01-L6,B,6,6,1,59
JYT37349,G-04-03-L8,G,4,8,1,182
JYT37349-K,B-07-01-L0,B,7,0,0,58
JYT37493,G-07-03-L5,G,7,5,1,0
JYT47165,G-07-01-L6,G,7,6,1,0
JYT47170,G-07-02-L6,G,7,6,1,0
JYT51423,J-06-03-L3,J,6,3,1,0
JYT70340,D-06-02-L2,D,6,2,0,0
JYT95090,H-05-02-L3,H,5,3,1,0
JYT96080,I-05-02-L6,I,5,6,1,0
JYT96081,C-05-03-L2,C,5,2,0,0
JYT96087,I-05-01-L7,I,5,7,1,0
K1I023NCH,A-10-02-L2,A,10,2,0,0
KABLOETK5,J-05-02-L1,J,5,1,0,0
KARKASCMC4417CS07,B-06-01-L0,B,6,0,0,0
KARKASDM1A81856S07,G-03-01-L3,G,3,3,1,0
KARKASDMAE48603S07,C-08-02-L1,C,8,1,0,0
KARKASQM4329CS07,B-07-02-L1,B,7,1,0,0
KL-721-616/019-044,J-10-01-L3,J,10,3,1,0
LA4DA2N,D-08-02-L2,D,8,2,0,3
LAD8N11,H-04-02-L0,H,4,0,0,0
LADN31,H-04-02-L1,H,4,1,0,0
LAG8N113,G-12-02-L2,G,12,2,0,0
LAG8N113P,G-12-03-L2,G,12,2,0,0
LC1D128M7,E-11-03-L0,E,11,0,0,2
LC1D258ED,F-12-03-L0,F,12,0,0,0
LC1D38BNE,C-09-02-L2,C,9,2,0,0
LC1D80GD,J-15-02-L7,J,15,7,1,0
LC1DT20P7,A-10-03-L2,A,10,2,0,0
LED-BP11-0030,B-03-03-L3,B,3,3,1,0
LED-EM-220VAC-GRN,B-08-03-L6,B,8,6,1,0
LED-EM-220VAC-RED,B-07-02-L4,B,7,4,1,0
LED-EM-24VDC-GRN,B-05-01-L0,B,5,0,0,0
LED-EM-24VDC-RED,J-09-03-L3,J,9,3,1,0
LED-EM-24VDC-YLW,B-06-02-L3,B,6,3,1,0
LED-EM-48VDC-GRN,D-10-02-L6,D,10,6,1,1
LED-EM-48VDC-RED,F-11-02-L6,F,11,6,1,2
LOCK-PART-010,F-12-01-L1,F,12,1,0,0
LT6CT8001,E-12-03-L1,E,12,1,0,1
LTMR08EBD,G-05-01-L2,G,5,2,0,0
LTMT9RJ401,A-08-02-L2,A,8,2,0,1
LTMTCTV100T,D-10-01-L7,D,10,7,1,1
LTMTCTV25T,D-10-03-L7,D,10,7,1,1
LTMTCTV3T,U-05-01-L2,U,5,2,0,1
LTMTCUF,F-11-01-L5,F,11,5,1,2
LTMTIN42FM,F-10-02-L2,F,10,2,0,3
LTMTMFM,F-11-02-L4,F,11,4,1,2
LU9R03,J-08-03-L0,J,8,0,0,0
LV432598T,F-11-02-L7,F,11,7,1,2
LV434220,C-01-03-L4,C,1,4,1,0
LVM02128X0,I-08-01-L7,I,8,7,1,0
LVM02708X0,D-02-03-L0,D,2,0,0,90
LVM02732X0,B-07-03-L0,B,7,0,0,58
LVM02910,C-09-03-L2,C,9,2,0,0
LVM02918,J-16-01-L6,J,16,6,1,0
LVM04654X0,A-10-01-L3,A,10,3,1,0
LVM04660X0,F-12-02-L1,F,12,1,0,0
LVM05006X0,J-14-02-L0,J,14,0,0,5
LVM05021X0,C-03-02-L3,C,3,3,1,33
LVM05047X0,H-10-02-L1,H,10,1,0,10
LVM09814,G-07-03-L6,G,7,6,1,0
LVM20001,J-09-01-L4,J,9,4,1,0
LVM20002,B-01-01-L4,B,1,4,1,0
LVM20004,F-11-01-L0,F,11,0,0,2
LVM20007,E-11-02-L3,E,11,3,1,1
LVM20011,I-03-03-L7,I,3,7,1,0
LVM20015,E-11-02-L7,E,11,7,1,1
LVM20016,E-11-03-L6,E,11,6,1,1
LVM20053XD-101R07,D-07-03-L7,D,7,7,1,0
LVM20558XF-104R14,J-08-01-L4,J,8,4,1,0
LVM20807X0R14,G-06-02-L0,G,6,0,0,42
LVM31023X0,J-08-02-L4,J,8,4,1,0
LVM31046X0,D-03-03-L3,D,3,3,1,0
LVM31125X0,D-07-01-L8,D,7,8,1,0
LVM32505X0,C-09-01-L3,C,9,3,1,0
LVM32506X0,E-01-02-L1,E,1,1,0,0
LVMZ0016X0,E-11-01-L1,E,11,1,0,2
LVMZ0181X0,B-05-03-L0,B,5,0,0,63
LVMZ0182X0,C-06-03-L7,C,6,7,1,26
LVMZ0192,C-04-01-L0,C,4,0,0,31
LVMZ0194,B-02-01-L5,B,2,5,1,70
LVMZ1133X0,C-04-02-L5,C,4,5,1,30
LVMZ1402X0,B-03-03-L4,B,3,4,1,67
LVMZ1479X0,C-09-02-L3,C,9,3,1,0
LVMZ1481X0,D-03-01-L4,D,3,4,1,0
LVMZ1487X0,B-04-03-L5,B,4,5,1,0
LVMZ1502X0,G-12-01-L3,G,12,3,1,0
LVMZ1507X0,D-07-02-L8,D,7,8,1,0
LVMZ1514X0,J-16-02-L6,J,16,6,1,0
LVMZ1518X0,F-03-03-L8,F,3,8,1,0
LVMZ1522X0,D-07-03-L8,D,7,8,1,0
MC000028,G-07-01-L7,G,7,7,1,0
MC02537T0,F-11-02-L5,F,11,5,1,2
MC02538T0,F-10-01-L3,F,10,3,1,3
MC02539T0,F-10-03-L4,F,10,4,1,3
MC02540T0,C-05-01-L8,C,5,8,1,0
MC02541T0,C-05-02-L8,C,5,8,1,0
MC02543T0,H-10-02-L7,H,10,7,1,0
MC02544T0,H-10-03-L7,H,10,7,1,0
MC02545T0,D-05-01-L0,D,5,0,0,0
MC02546T0,D-05-02-L0,D,5,0,0,0
MC02547T0,D-05-03-L0,D,5,0,0,0
MC02548T0,D-05-01-L1,D,5,1,0,0
MC02572T0,B-02-01-L0,B,2,0,0,71
MC02574T0,C-09-02-L8,C,9,8,1,21
MC02575T0,G-12-02-L3,G,12,3,1,3
MC1041,G-12-03-L3,G,12,3,1,3
MC1042,G-12-01-L4,G,12,4,1,3
MC1044,I-08-02-L7,I,8,7,1,0
MC1044-G,F-10-01-L5,F,10,5,1,3
MC1045,D-05-02-L1,D,5,1,0,0
MC1045-G,F-10-03-L7,F,10,7,1,3
MC110002,E-02-01-L5,E,2,5,1,172
MC110003,E-02-02-L6,E,2,6,1,170
MC110034,G-07-02-L7,G,7,7,1,0
MC1156,D-10-01-L2,D,10,2,0,1
MC1160,D-10-01-L4,D,10,4,1,1
MC1161,D-10-02-L2,D,10,2,0,1
MC1162,D-10-02-L4,D,10,4,1,1
MC1163,D-10-03-L4,D,10,4,1,1
MC1164,A-10-02-L3,A,10,3,1,0
MC1165,A-10-03-L3,A,10,3,1,0
MC1166,A-10-01-L4,A,10,4,1,0
MC1167,A-10-02-L4,A,10,4,1,0
MC1168,A-10-03-L4,A,10,4,1,0
MC128-K,D-03-03-L2,D,3,2,0,17
MC134-01,A-02-02-L0,A,2,0,0,12
MC136,I-08-02-L2,I,8,2,0,18
MC150048,G-12-02-L4,G,12,4,1,3
MC150050,C-03-03-L8,C,3,8,1,31
MC150051,A-02-01-L2,A,2,2,0,11
MC150052,B-11-02-L5,B,11,5,1,45
MC150055,G-11-01-L0,G,11,0,0,4
MC150056,E-08-01-L0,E,8,0,0,5
MC150107,H-04-01-L1,H,4,1,0,411
MC150126,G-06-03-L8,G,6,8,1,39
MC150169,D-06-03-L2,D,6,2,0,0
MC150170,D-06-01-L3,D,6,3,1,0
MC170009,G-07-03-L7,G,7,7,1,0
MC170010,G-07-01-L8,G,7,8,1,0
MC2007,J-16-01-L7,J,16,7,1,7
MC2008,G-09-03-L3,G,9,3,1,7
MC2009,H-11-02-L1,H,11,1,0,6
MC2010,G-10-03-L2,G,10,2,0,5
MC2011,H-11-03-L1,H,11,1,0,6
MC2012,E-07-01-L8,E,7,8,1,6
MC2013,U-06-01-L0,U,6,0,0,1
MC2036,E-09-03-L8,E,9,8,1,3
MC2037,F-10-01-L0,F,10,0,0,4
MC2038,G-11-01-L8,G,11,8,1,4
MC204,G-01-01-L5,G,1,5,1,0
MC2134,A-10-01-L5,A,10,5,1,0
MC221104,B-10-03-L3,B,10,3,1,0
MC221170,I-11-01-L0,I,11,0,0,0
MC221171,D-06-02-L3,D,6,3,1,0
MC221172,D-06-03-L3,D,6,3,1,0
MC221173,I-11-02-L0,I,11,0,0,0
MC221174,I-11-03-L0,I,11,0,0,0
MC221175,D-06-01-L4,D,6,4,1,0
MC221176,D-06-02-L4,D,6,4,1,0
MC221177,I-11-01-L1,I,11,1,0,0
MC221178,I-11-02-L1,I,11,1,0,0
MC221179,D-06-03-L4,D,6,4,1,0
MC221180,D-06-01-L5,D,6,5,1,0
MC221181,I-11-03-L1,I,11,1,0,0
MC223267,U-02-01-L2,U,2,2,0,2
MC223269,A-06-03-L3,A,6,3,1,2
MC223271,A-06-01-L4,A,6,4,1,2
MC224099,F-08-01-L8,F,8,8,1,0
MC224100,F-08-02-L8,F,8,8,1,0
MC224103,F-08-03-L8,F,8,8,1,0
MC226173,G-11-02-L0,G,11,0,0,4
MC290,C-10-02-L4,C,10,4,1,20
MC310007,D-03-02-L4,D,3,4,1,0
MC310011,B-08-02-L0,B,8,0,0,0
MC310015,H-08-01-L0,H,8,0,0,0
MC310039,G-12-03-L4,G,12,4,1,0
MC310042,C-12-02-L3,C,12,3,1,0
MC310043,D-03-03-L4,D,3,4,1,0
MC310044,B-08-03-L0,B,8,0,0,0
MC310052,H-08-02-L0,H,8,0,0,0
MC310053,H-08-03-L0,H,8,0,0,0
MC350005,F-02-01-L7,F,2,7,1,0
MC350006,D-03-01-L5,D,3,5,1,0
MC350007,D-02-03-L1,D,2,1,0,0
MC350008,D-02-01-L2,D,2,2,0,0
MC350009,H-08-01-L1,H,8,1,0,0
MC350011,H-07-02-L5,H,7,5,1,0
MC350020,D-03-02-L5,D,3,5,1,0
MC350025,D-10-01-L8,D,10,8,1,1
MC350028,B-08-01-L1,B,8,1,0,0
MC350037,C-09-03-L3,C,9,3,1,0
MC350061,H-07-01-L0,H,7,0,0,0
MC350062,H-07-02-L0,H,7,0,0,0
MC350098,D-03-03-L5,D,3,5,1,0
MC350099,D-03-01-L6,D,3,6,1,0
MC350100,E-03-03-L2,E,3,2,0,0
MC350101,I-06-02-L5,I,6,5,1,0
MC350102,G-05-02-L8,G,5,8,1,0
MC350103,G-03-03-L3,G,3,3,1,0
MC350104,H-08-02-L1,H,8,1,0,0
MC350105,H-08-03-L1,H,8,1,0,0
MC350106,B-08-02-L1,B,8,1,0,0
MC350107,B-08-03-L1,B,8,1,0,0
MC350131,F-12-03-L1,F,12,1,0,0
MC350137,D-06-02-L5,D,6,5,1,0
MC350138,H-08-01-L2,H,8,2,0,0
MC350139R12,C-02-01-L6,C,2,6,1,0
MC350140,J-16-02-L7,J,16,7,1,0
MC367,E-07-01-L6,E,7,6,1,7
MC368,E-07-02-L6,E,7,6,1,7
MC370032,G-11-03-L0,G,11,0,0,0
MC370033,A-03-01-L0,A,3,0,0,0
MC382,D-03-02-L2,D,3,2,0,17
MC410001,I-09-02-L1,I,9,1,0,14
MC410002,I-09-01-L2,I,9,2,0,14
MC418,C-01-01-L5,C,1,5,1,0
MC419,E-08-02-L1,E,8,1,0,4
MC422,A-08-03-L2,A,8,2,0,1
MC423,J-18-01-L7,J,18,7,1,3
MC450010,A-02-02-L1,A,2,1,0,11
MC450012,A-02-02-L4,A,2,4,1,11
MC450013,I-09-02-L2,I,9,2,0,14
MC450133,E-08-01-L7,E,8,7,1,4
MC470001,E-05-02-L8,E,5,8,1,15
MC470115,A-06-02-L4,A,6,4,1,2
MC470117,A-06-03-L4,A,6,4,1,2
MC5005,C-04-02-L6,C,4,6,1,29
MC5006,C-02-02-L8,C,2,8,1,34
MC5007,C-09-01-L6,C,9,6,1,21
MC5009,C-09-01-L0,C,9,0,0,23
MC5010,C-08-02-L5,C,8,5,1,24
MC510002,E-07-02-L4,E,7,4,1,7
MC510010,D-10-03-L8,D,10,8,1,1
MC573,A-08-03-L4,A,8,4,1,1
MC630,G-05-03-L6,G,5,6,1,110
MC650059,C-10-02-L0,C,10,0,0,20
MC650068R18,I-11-01-L2,I,11,2,0,0
MC650069R18,I-11-02-L2,I,11,2,0,0
MC650070R18,D-06-03-L5,D,6,5,1,0
MC650071R18,D-06-01-L6,D,6,6,1,0
MC653,F-07-02-L5,F,7,5,1,13
MC770121,F-01-03-L8,F,1,8,1,0
MCSESU083FN0,B-02-02-L2,B,2,2,0,0
MESAN5820E-110VDC,C-11-02-L1,C,11,1,0,20
MESAN895-110VDCRED,C-08-01-L4,C,8,4,1,24
METSEION7400,A-10-02-L5,A,10,5,1,0
METSEION92040,F-12-01-L2,F,12,2,0,2
METSEION92140,A-10-03-L5,A,10,5,1,0
METSEPM5320,A-08-01-L3,A,8,3,1,1
METSEPM5561,A-10-01-L6,A,10,6,1,0
METSEPM5650,B-03-01-L4,B,3,4,1,0
METSEPM82401,A-08-01-L5,A,8,5,1,1
MFR34424,C-07-03-L1,C,7,1,0,25
MFR36733,J-07-01-L1,J,7,1,0,348
MFR38057S07,C-07-01-L1,C,7,1,0,25
MFR38068,C-06-02-L8,C,6,8,1,25
MFR38500,F-09-01-L5,F,9,5,1,6
MFR38539S07,C-07-01-L2,C,7,2,0,25
MFR38793,C-08-03-L1,C,8,1,0,24
MFR38799,F-09-02-L5,F,9,5,1,6
MFR39067,C-07-02-L2,C,7,2,0,25
MFR39398,H-11-02-L2,H,11,2,0,6
MFR39474,F-10-02-L5,F,10,5,1,3
MFR39937,E-11-02-L1,E,11,1,0,2
MFR40141,E-11-03-L1,E,11,1,0,2
MFR40738,F-12-02-L2,F,12,2,0,2
MFR42021,C-08-03-L6,C,8,6,1,0
MFR42412,C-08-01-L7,C,8,7,1,0
MFR42428,C-08-02-L7,C,8,7,1,0
MFR42515,A-08-03-L0,A,8,0,0,1
MFR49235,C-07-03-L2,C,7,2,0,25
MFR49290,D-06-02-L6,D,6,6,1,0
MFR49910,C-07-01-L3,C,7,3,1,25
MFR50501,U-03-01-L0,U,3,0,0,2
MFR53058,C-08-01-L2,C,8,2,0,0
MFR6869500,F-12-03-L2,F,12,2,0,0
MFR77945,E-11-01-L2,E,11,2,0,2
MFR77955,E-11-02-L2,E,11,2,0,2
MFR78459,U-02-02-L4,U,2,4,1,2
MFR79360,F-12-01-L3,F,12,3,1,2
MFR79458,A-02-03-L4,A,2,4,1,11
MFR92472,E-08-02-L0,E,8,0,0,5
MMC9,H-04-02-L4,H,4,4,1,0
MNE-ACTPC6ASFLS10W,D-04-02-L1,D,4,1,0,15
MNE-ACTPC6ASFLS5WE,A-03-03-L4,A,3,4,1,7
MV261400,U-06-02-L0,U,6,0,0,1
MV261401,U-06-01-L1,U,6,1,0,1
MVFDE36U40AL5,G-06-02-L5,G,6,5,1,39
MVFDE36U63AL5,D-04-02-L0,D,4,0,0,15
NAT17082,C-03-02-L8,C,3,8,1,0
NAT28082,A-03-02-L0,A,3,0,0,0
NAT28083,A-03-03-L0,A,3,0,0,0
NAT28085-001S07,D-06-03-L6,D,6,6,1,0
NAT28085-002S07,A-10-02-L6,A,10,6,1,0
NAT28085S07,A-03-01-L1,A,3,1,0,0
NHA10901,G-09-01-L6,G,9,6,1,7
NHA12446,D-06-01-L7,D,6,7,1,6
NHA12476,D-08-01-L0,D,8,0,0,3
NHA12854,A-10-03-L6,A,10,6,1,1
NHA13012,A-10-01-L7,A,10,7,1,1
NHA13072,F-12-02-L3,F,12,3,1,2
NHA14487,I-03-02-L6,I,3,6,1,1099
NHA14490,H-03-02-L0,H,3,0,0,0
NHA15014,I-11-03-L2,I,11,2,0,0
NHA16968,J-17-02-L3,J,17,3,1,7
NHA19683S07,G-09-02-L6,G,9,6,1,7
NHA20233R14,A-10-02-L7,A,10,7,1,1
NHA20422S07,U-06-02-L1,U,6,1,0,1
NHA22910,I-10-03-L6,I,10,6,1,7
NHA27269,H-03-02-L4,H,3,4,1,659
NHA31278,B-11-03-L2,B,11,2,0,0
NHA40168,E-08-03-L5,E,8,5,1,4
NHA40857,F-12-03-L3,F,12,3,1,0
NHA41450,G-04-01-L1,G,4,1,0,0
NHA42283,D-05-03-L7,D,5,7,1,9
NHA48752,F-05-01-L2,F,5,2,0,81
NHA53589,D-02-02-L1,D,2,1,0,89
NHA54099,F-04-01-L4,F,4,4,1,0
NHA66417,B-11-01-L3,B,11,3,1,0
NHA72325,B-01-03-L4,B,1,4,1,73
NHA72589,B-08-01-L8,B,8,8,1,53
NHA74459,B-04-03-L2,B,4,2,0,66
NHA87539,I-10-03-L7,I,10,7,1,7
NHA87539-K,D-04-02-L3,D,4,3,1,14
NHA88868,B-01-01-L0,B,1,0,0,75
NHA88871,B-01-02-L0,B,1,0,0,75
NNZ23522,C-05-02-L4,C,5,4,1,28
NNZ23525,C-05-03-L4,C,5,4,1,28
NNZ63591,B-10-01-L4,B,10,4,1,0
NNZ73708,D-02-03-L6,D,2,6,1,86
NNZ74761,G-07-02-L8,G,7,8,1,0
NNZ76185,G-07-03-L8,G,7,8,1,0
NNZ76187,D-05-03-L1,D,5,1,0,0
NNZ76335,E-05-01-L0,E,5,0,0,0
NNZ77523,G-10-02-L3,G,10,3,1,5
NNZ78724,F-12-01-L4,F,12,4,1,2
NNZ79178,E-05-02-L0,E,5,0,0,0
NNZ80694,C-03-01-L7,C,3,7,1,0
NNZ80695,B-04-01-L6,B,4,6,1,0
NNZ80743,E-05-03-L0,E,5,0,0,0
NNZ80782,E-05-01-L1,E,5,1,0,0
NNZ81788,G-08-01-L7,G,8,7,1,0
NNZ81807,G-12-01-L5,G,12,5,1,0
NNZ82268,G-12-02-L5,G,12,5,1,0
NNZ82562,I-10-01-L0,I,10,0,0,0
NNZ83210,B-10-02-L4,B,10,4,1,0
NNZ84360,E-05-02-L1,E,5,1,0,0
NNZ84362,E-05-03-L1,E,5,1,0,0
NNZ84499,E-05-01-L2,E,5,2,0,0
NNZ85228,E-08-01-L2,E,8,2,0,4
NNZ87665,D-05-01-L2,D,5,2,0,0
NNZ87920,G-12-03-L5,G,12,5,1,0
NNZ88435,H-08-02-L2,H,8,2,0,0
NNZ88544,F-12-02-L4,F,12,4,1,2
NNZ88574,H-08-03-L2,H,8,2,0,0
NNZ88604,A-10-03-L7,A,10,7,1,1
NNZ88609,A-10-01-L8,A,10,8,1,1
NNZ89030S07,F-12-03-L4,F,12,4,1,0
NNZ89478,B-10-03-L4,B,10,4,1,0
NNZ93413,E-05-02-L2,E,5,2,0,0
NNZ93424,H-08-01-L3,H,8,3,1,0
NNZ94067,E-05-03-L2,E,5,2,0,0
NNZ96686,E-05-01-L3,E,5,3,1,0
NSYLAM3M,F-12-01-L5,F,12,5,1,2
NSYLAMLDS,G-11-01-L1,G,11,1,0,0
NVE11103,F-06-02-L4,F,6,4,1,16
NVE11105,E-05-02-L4,E,5,4,1,16
NVE11108,F-06-01-L6,F,6,6,1,16
NVE11138,E-05-03-L4,E,5,4,1,16
NVE12761,J-01-01-L0,J,1,0,0,0
NVE12773,I-01-03-L3,I,1,3,1,0
NVE13753,C-05-02-L3,C,5,3,1,28
NVE14992,G-12-01-L6,G,12,6,1,3
NVE18124,C-01-01-L2,C,1,2,0,39
NVE19342,H-03-01-L0,H,3,0,0,0
NVE20194,H-03-02-L5,H,3,5,1,0
NVE20210,J-02-02-L2,J,2,2,0,0
NVE23154,C-11-01-L1,C,11,1,0,20
NVE25093,C-06-02-L1,C,6,1,0,27
NVE25419,B-02-02-L5,B,2,5,1,70
NVE26684,F-09-01-L6,F,9,6,1,6
NVE26691,F-09-02-L6,F,9,6,1,6
NVE28501,G-12-02-L6,G,12,6,1,0
NVE42047,F-12-02-L5,F,12,5,1,0
NVE44360,I-08-01-L3,I,8,3,1,18
NVE44362,C-12-01-L4,C,12,4,1,19
NVE44363,G-02-03-L8,G,2,8,1,420
NVE46947,C-11-01-L5,C,11,5,1,19
NVE54755,C-01-02-L2,C,1,2,0,39
NVE54757,B-04-01-L3,B,4,3,1,66
NVE54761,B-04-01-L2,B,4,2,0,66
NVE58874,C-05-03-L3,C,5,3,1,28
NVE63136,B-07-01-L7,B,7,7,1,56
NVE63141,F-12-03-L5,F,12,5,1,2
NVE65935R12,D-03-01-L8,D,3,8,1,17
NVE65935R14,E-06-02-L0,E,6,0,0,11
NVE65935S07,C-06-03-L0,C,6,0,0,27
NVE66003,C-05-03-L8,C,5,8,1,0
NVE66007,G-11-02-L1,G,11,1,0,0
NVE66009,A-03-02-L1,A,3,1,0,0
NVE71463,A-02-01-L5,A,2,5,1,0
NVE72937,F-05-02-L3,F,5,3,1,0
NVE74895,G-03-01-L2,G,3,2,0,334
NVE83009R12,B-02-02-L3,B,2,3,1,70
NVE83009S07,F-06-01-L3,F,6,3,1,16
NVE83303,J-09-01-L2,J,9,2,0,0
NVE83318,H-07-01-L7,H,7,7,1,0
NVE83407,D-02-02-L2,D,2,2,0,0
NVE83472,G-03-03-L8,G,3,8,1,310
NVE83485,E-03-03-L3,E,3,3,1,101
NVE83501,F-03-03-L5,F,3,5,1,0
NVE83511,C-12-02-L4,C,12,4,1,0
NVE84039,J-09-02-L2,J,9,2,0,0
NVE84041,F-04-01-L2,F,4,2,0,0
NVE84042,J-09-02-L0,J,9,0,0,0
NVE84046-007R10,A-10-02-L8,A,10,8,1,0
NVE84046-012R10,A-10-03-L8,A,10,8,1,0
NVE84046-355R10,U-09-01-L0,U,9,0,0,0
NVE84046-366R10,U-09-02-L0,U,9,0,0,0
NVE84374,F-02-02-L1,F,2,1,0,380
NVE84918,I-10-01-L5,I,10,5,1,8
NVE84919,I-11-01-L3,I,11,3,1,0
NVE84920,D-05-03-L6,D,5,6,1,9
NVE84922,D-06-02-L7,D,6,7,1,0
NVE84925R10,I-11-02-L3,I,11,3,1,0
NVE88767,F-03-03-L7,F,3,7,1,209
NVE90311,H-05-02-L4,H,5,4,1,255
NVE90312,B-08-01-L7,B,8,7,1,53
NVE90313,B-07-02-L7,B,7,7,1,55
NVE93679,C-03-02-L2,C,3,2,0,34
NVE95219,H-05-03-L4,H,5,4,1,255
NVE95220,B-09-03-L1,B,9,1,0,52
NVE95221,B-09-01-L1,B,9,1,0,52
NX7230484,F-10-03-L2,F,10,2,0,3
OGH0212,D-08-01-L3,D,8,3,1,3
OGH0604,F-10-02-L0,F,10,0,0,4
OGH0606,G-08-01-L0,G,8,0,0,13
OGH0607,H-10-03-L1,H,10,1,0,10
OKK00018,D-08-02-L3,D,8,3,1,3
OKK00534,D-08-02-L0,D,8,0,0,3
OKK01243,F-07-03-L7,F,7,7,1,13
OKK01253,F-07-01-L8,F,7,8,1,13
OKK01254,F-07-02-L8,F,7,8,1,13
OKK01886,G-08-02-L0,G,8,0,0,13
OKK01888,G-08-03-L0,G,8,0,0,13
OKK02060,E-04-01-L0,E,4,0,0,19
OKK02154,F-12-01-L6,F,12,6,1,0
OKK02538,H-10-01-L2,H,10,2,0,10
OKK02559,D-08-01-L4,D,8,4,1,3
OKK03448,A-03-03-L1,A,3,1,0,0
OKK03507,E-06-03-L6,E,6,6,1,0
OKK03508,E-06-01-L7,E,6,7,1,0
OKK03509,I-11-03-L3,I,11,3,1,0
OKK03510,E-06-02-L7,E,6,7,1,0
OKK03511,I-11-01-L4,I,11,4,1,0
OKK03512,H-09-03-L4,H,9,4,1,0
OKK03513,I-11-02-L4,I,11,4,1,0
OKK03514,I-11-03-L4,I,11,4,1,0
OKK03515,I-11-01-L5,I,11,5,1,0
OKK03517,G-12-03-L6,G,12,6,1,0
OKK03518,U-09-01-L1,U,9,1,0,0
OKK03519,U-09-02-L1,U,9,1,0,0
OKK03556,F-12-02-L6,F,12,6,1,0
P3F30-CGGGGAAENABA,U-09-01-L2,U,9,2,0,0
P3G32CGG1AAA1NABBA,U-09-02-L2,U,9,2,0,0
P3L30-CGGGA-SAENA-,U-09-01-L3,U,9,3,1,0
P3L30CGGGASAENABAA,F-12-03-L6,F,12,6,1,0
P3T32CGG1AAA1NABAA,U-09-02-L3,U,9,3,1,0
P3U30-6BAA3BBAA,E-06-03-L7,E,6,7,1,0
P5L30CECEMEHHHBAFI,U-09-01-L4,U,9,4,1,0
P5L30EEDELDBAABAE,A-03-01-L2,A,3,2,0,0
P7M-SET0002,U-06-01-L2,U,6,2,0,1
P7M-SET0018,U-09-02-L4,U,9,4,1,1
P7M-SET4131,A-08-03-L5,A,8,5,1,1
P7M-SET4135,U-06-02-L2,U,6,2,0,1
P7M-SET4136,U-06-01-L3,U,6,3,1,1
P7M-SET4556,U-09-01-L5,U,9,5,1,1
P7M-SET4557,U-09-02-L5,U,9,5,1,1
P7M-SET5106,F-12-02-L7,F,12,7,1,2
P7M10029,H-07-02-L3,H,7,3,1,93
P7M12015,F-12-01-L7,F,12,7,1,2
P7M12017,C-08-03-L5,C,8,5,1,24
P7M13002,C-07-02-L3,C,7,3,1,25
P7M14005,J-17-01-L4,J,17,4,1,7
P7M16001SET,C-01-03-L8,C,1,8,1,36
P7M16079,G-12-01-L7,G,12,7,1,3
P7M17001,B-09-01-L0,B,9,0,0,52
P7M17002,B-05-01-L7,B,5,7,1,60
P7M17010,E-01-02-L2,E,1,2,0,293
P7M17026,D-02-03-L8,D,2,8,1,83
P7M17084,C-06-01-L2,C,6,2,0,27
P7M17101,B-10-02-L0,B,10,0,0,49
P7M17102,D-04-03-L1,D,4,1,0,14
P7M17103SET,A-08-02-L5,A,8,5,1,1
P7M17140,E-08-03-L3,E,8,3,1,4
P7M17143,A-08-01-L1,A,8,1,0,1
P7M18023,B-04-02-L3,B,4,3,1,66
P7M18034,B-04-02-L2,B,4,2,0,66
PAS600L,E-07-02-L7,E,7,7,1,6
PHA14081,H-08-01-L4,H,8,4,1,18
PHA14086,H-08-02-L4,H,8,4,1,18
PHA24106,C-02-02-L3,C,2,3,1,36
PHA25036,D-08-02-L5,D,8,5,1,2
PHA25392,F-11-02-L0,F,11,0,0,2
PHA25458,D-08-02-L8,D,8,8,1,2
PHA26967R10,G-11-03-L1,G,11,1,0,0
PHA37060,J-07-03-L0,J,7,0,0,348
PHA38174,F-02-03-L6,F,2,6,1,356
PHA39569,I-11-02-L5,I,11,5,1,0
PHA40102,C-08-02-L2,C,8,2,0,0
PHA77817,D-08-02-L4,D,8,4,1,3
PHA77820,D-08-01-L5,D,8,5,1,3
PHA81106,B-07-02-L0,B,7,0,0,58
PHA96752S07,D-04-02-L7,D,4,7,1,0
PHN-0308029,F-02-02-L7,F,2,7,1,0
PHN-2868606,E-04-01-L2,E,4,2,0,19
PHN-2904599,U-05-02-L0,U,5,0,0,1
PHN-2907719,H-11-03-L2,H,11,2,0,6
PHN-3024478,I-03-02-L7,I,3,7,1,0
PHN-3026272,J-05-03-L1,J,5,1,0,0
PHN-3044814,I-01-02-L7,I,1,7,1,0
PIXSET000046,G-06-02-L2,G,6,2,0,0
PIXSET000450,G-08-02-L7,G,8,7,1,0
PKR16399,E-05-02-L3,E,5,3,1,0
PKR28822,F-10-01-L1,F,10,1,0,3
PKR38566,E-05-03-L3,E,5,3,1,0
PKR40755S07,A-03-02-L2,A,3,2,0,7
PKR42621,A-03-03-L2,A,3,2,0,7
PKR42622,A-03-01-L3,A,3,3,1,7
PKR42624,A-03-02-L3,A,3,3,1,7
PKR42628,D-06-03-L7,D,6,7,1,6
PKR42633,D-06-01-L8,D,6,8,1,6
PKR42697,D-06-02-L8,D,6,8,1,6
PKR42698,H-11-03-L0,H,11,0,0,6
PKR42700,D-06-03-L8,D,6,8,1,6
PKR42704,F-09-01-L0,F,9,0,0,6
PKR42705,G-09-01-L4,G,9,4,1,7
PKR42706,U-09-01-L6,U,9,6,1,1
PKR42798,A-03-03-L3,A,3,3,1,7
PKR42978,G-12-02-L7,G,12,7,1,3
PKR42979,G-10-01-L6,G,10,6,1,5
PKR42980,A-06-01-L5,A,6,5,1,2
PKR45330S07,F-12-03-L7,F,12,7,1,0
PKR45632,G-05-02-L3,G,5,3,1,116
PKR56799,G-06-01-L0,G,6,0,0,42
PKR58155,G-12-03-L7,G,12,7,1,0
PKR58162,F-09-02-L0,F,9,0,0,0
PKR58163,G-12-01-L8,G,12,8,1,0
PKR59589,J-08-01-L5,J,8,5,1,197
PKR59590,J-08-02-L5,J,8,5,1,197
PKR59591,J-08-03-L5,J,8,5,1,197
PKR78310,F-12-01-L8,F,12,8,1,2
PKR91906,C-09-01-L5,C,9,5,1,22
PT570110,D-10-01-L0,D,10,0,0,1
PT78740,D-10-02-L0,D,10,0,0,1
QGH17901,H-04-01-L5,H,4,5,1,399
QGH20773,F-02-02-L4,F,2,4,1,368
QGH28830,C-01-01-L0,C,1,0,0,39
QGH30355,U-06-02-L3,U,6,3,1,1
QGH30391,F-10-01-L6,F,10,6,1,3
QGH32762,C-05-01-L5,C,5,5,1,28
QGH35858,J-18-02-L7,J,18,7,1,3
QGH36704,C-11-02-L7,C,11,7,1,19
QGH42623,U-09-02-L6,U,9,6,1,0
QGH42626,A-11-01-L0,A,11,0,0,0
QGH42900,A-11-02-L0,A,11,0,0,0
QGH43015,A-11-03-L0,A,11,0,0,0
QGH44733,G-03-02-L6,G,3,6,1,315
QGH46836R07,G-11-01-L2,G,11,2,0,0
QGH49263,U-01-01-L0,U,1,0,0,3
QGH49270,U-01-02-L0,U,1,0,0,3
QGH49432,I-11-03-L5,I,11,5,1,5
QGH54010,B-09-03-L4,B,9,4,1,51
QGH65581,U-06-01-L4,U,6,4,1,1
QGH66332-49,I-10-02-L0,I,10,0,0,0
QGH66332-70,A-08-02-L3,A,8,3,1,1
QGH66357,U-01-01-L1,U,1,1,0,3
QGH68575,C-06-03-L1,C,6,1,0,27
QGH68580,B-10-02-L6,B,10,6,1,47
QGH68582,C-04-02-L8,C,4,8,1,29
QGH71808,F-04-02-L4,F,4,4,1,0
QGH71867,E-11-03-L8,E,11,8,1,1
QGH72768,J-05-01-L0,J,5,0,0,0
QGH82656,J-01-02-L0,J,1,0,0,0
QGH83395,U-03-02-L0,U,3,0,0,2
QGH83730,F-12-02-L8,F,12,8,1,2
QGH83736,F-12-03-L8,F,12,8,1,2
QGH83945,A-07-01-L0,A,7,0,0,2
QGH90952,A-04-02-L0,A,4,0,0,5
REL15007,A-07-02-L0,A,7,0,0,0
REL15014,E-01-01-L4,E,1,4,1,0
REL15051,G-11-02-L2,G,11,2,0,0
REL52004,I-10-01-L7,I,10,7,1,7
REL52008,A-07-03-L0,A,7,0,0,2
REL52009,C-06-01-L0,C,6,0,0,0
REL52011,B-11-01-L8,B,11,8,1,0
REL52018,I-11-01-L6,I,11,6,1,0
REL52022,A-07-01-L1,A,7,1,0,0
REL52921,A-11-01-L1,A,11,1,0,0
REL59917,A-07-02-L1,A,7,1,0,0
RESISTOR130OHM,G-08-03-L7,G,8,7,1,0
RI02,H-02-01-L2,H,2,2,0,0
RK-926-315-BD,U-06-02-L4,U,6,4,1,1
RK-926-315-BL,U-06-01-L5,U,6,5,1,1
RM35JA32MW,C-07-02-L1,C,7,1,0,0
ROZET-EM-BROZET18,G-01-01-L6,G,1,6,1,0
RSB2A080ED,D-10-03-L1,D,10,1,0,1
RSP25-11003Z6TT-SC,U-05-01-L3,U,5,3,1,1
S1A11835SN,A-06-02-L5,A,6,5,1,2
S1A11836,G-10-01-L3,G,10,3,1,5
S1A13835,I-02-02-L6,I,2,6,1,0
S1A15653,B-04-02-L1,B,4,1,0,0
S1A17088,J-07-02-L1,J,7,1,0,347
S1A18951,J-14-01-L1,J,14,1,0,5
S1A19358,J-08-03-L7,J,8,7,1,0
S1A19359,H-11-01-L1,H,11,1,0,6
S1A19361,C-06-01-L4,C,6,4,1,26
S1A20643,E-07-02-L8,E,7,8,1,6
S1A20811,I-03-03-L1,I,3,1,0,0
S1A22391,G-09-03-L0,G,9,0,0,7
S1A22486,A-08-02-L1,A,8,1,0,1
S1A22613,I-03-01-L5,I,3,5,1,0
S1A23008,J-08-01-L0,J,8,0,0,206
S1A23251,E-01-02-L8,E,1,8,1,284
S1A23397,J-17-02-L4,J,17,4,1,7
S1A24150,E-05-03-L7,E,5,7,1,16
S1A24152,F-06-02-L0,F,6,0,0,17
S1A24828,I-03-02-L5,I,3,5,1,0
S1A25599,F-09-03-L0,F,9,0,0,6
S1A25783,D-04-03-L0,D,4,0,0,15
S1A25814,H-09-03-L6,H,9,6,1,15
S1A25957,E-03-02-L7,E,3,7,1,0
S1A25967,I-07-02-L4,I,7,4,1,0
S1A27099,E-11-02-L8,E,11,8,1,1
S1A27817,B-04-02-L7,B,4,7,1,63
S1A28558,C-11-02-L0,C,11,0,0,0
S1A30039,I-03-01-L4,I,3,4,1,0
S1A34242,B-01-01-L2,B,1,2,0,74
S1A34846,J-03-03-L1,J,3,1,0,0
S1A34848,J-02-02-L1,J,2,1,0,0
S1A35572,J-09-02-L5,J,9,5,1,125
S1A37536,I-03-03-L2,I,3,2,0,0
S1A37586S,H-03-02-L2,H,3,2,0,0
S1A38031,F-08-01-L2,F,8,2,0,8
S1A38033,G-09-01-L8,G,9,8,1,7
S1A38465,H-01-02-L7,H,1,7,1,0
S1A38648,F-10-01-L8,F,10,8,1,3
S1A39140,J-17-01-L5,J,17,5,1,7
S1A40494,G-01-02-L5,G,1,5,1,0
S1A41028,I-07-02-L2,I,7,2,0,0
S1A41443,J-17-02-L5,J,17,5,1,7
S1A41573,I-03-01-L3,I,3,3,1,0
S1A41933,C-11-01-L4,C,11,4,1,20
S1A42806,J-03-01-L7,J,3,7,1,0
S1A42884,J-04-02-L7,J,4,7,1,0
S1A42885,I-03-02-L3,I,3,3,1,0
S1A45741,D-04-01-L1,D,4,1,0,15
S1A46595,J-17-01-L6,J,17,6,1,7
S1A47334,G-09-02-L1,G,9,1,0,7
S1A50471,J-17-02-L6,J,17,6,1,7
S1A50595,J-10-01-L4,J,10,4,1,77
S1A50818,E-12-01-L2,E,12,2,0,1
S1A50820,J-17-01-L7,J,17,7,1,7
S1A51232,G-01-03-L5,G,1,5,1,0
S1A52369,B-11-02-L8,B,11,8,1,44
S1A52413,C-05-02-L0,C,5,0,0,28
S1A63489,E-02-02-L7,E,2,7,1,169
S1A65648,J-17-02-L7,J,17,7,1,7
S1A65946,I-07-01-L5,I,7,5,1,0
S1A66370,E-07-01-L0,E,7,0,0,7
S1A67175,G-09-02-L8,G,9,8,1,7
S1A67176,G-09-03-L8,G,9,8,1,7
S1A67178,E-07-02-L0,E,7,0,0,7
S1A68105,J-13-01-L0,J,13,0,0,7
S1A68107,F-08-02-L2,F,8,2,0,8
S1A68123,J-13-02-L0,J,13,0,0,7
S1A68920,B-02-01-L6,B,2,6,1,69
S1A68921,J-05-03-L5,J,5,5,1,0
S1A68922,D-05-03-L5,D,5,5,1,9
S1A68923,H-03-03-L4,H,3,4,1,0
S1A68924,B-09-02-L1,B,9,1,0,52
S1A70177,E-01-02-L3,E,1,3,1,289
S1A70323,G-12-02-L8,G,12,8,1,0
S1A71076R10,A-07-03-L1,A,7,1,0,2
S1A73352,U-01-02-L1,U,1,1,0,3
S1A74397,H-09-02-L1,H,9,1,0,15
S1A74776,A-04-02-L6,A,4,6,1,5
S1A74778,A-04-03-L6,A,4,6,1,5
S1A76775,A-07-01-L2,A,7,2,0,2
S1A77781,J-03-02-L2,J,3,2,0,0
S1A79496,F-04-02-L6,F,4,6,1,140
S1A80474,F-05-02-L2,F,5,2,0,81
S1A80586,G-09-03-L2,G,9,2,0,7
S1A80600,J-04-02-L5,J,4,5,1,0
S1A81405-008R10,G-12-03-L8,G,12,8,1,0
S1A84011,J-01-03-L0,J,1,0,0,0
S1A84768,H-02-02-L4,H,2,4,1,0
S1A85882,H-02-03-L4,H,2,4,1,0
S1A88184,I-02-03-L6,I,2,6,1,0
S1A89043,B-09-03-L5,B,9,5,1,0
S1A89414,C-08-01-L5,C,8,5,1,24
S1A90548,J-03-01-L2,J,3,2,0,0
S1A90812,J-13-01-L1,J,13,1,0,7
S1A90814,F-08-03-L2,F,8,2,0,8
S1A91664,F-03-02-L3,F,3,3,1,219
S1A91668,H-07-03-L3,H,7,3,1,93
S1A91862,E-07-03-L0,E,7,0,0,7
S1A91943,E-07-01-L1,E,7,1,0,7
S1A91944,E-07-02-L1,E,7,1,0,7
S1A91945,E-07-03-L1,E,7,1,0,7
S1A92071,H-02-01-L0,H,2,0,0,0
S1A92263,F-03-03-L3,F,3,3,1,219
S1A93302,I-01-02-L3,I,1,3,1,0
S1A93757,A-11-02-L1,A,11,1,0,0
S1A96904,A-04-01-L7,A,4,7,1,5
S1B11977,E-07-01-L2,E,7,2,0,7
S1B12501,E-05-03-L8,E,5,8,1,15
S1B13759,J-09-03-L5,J,9,5,1,125
S1B18405,J-09-02-L4,J,9,4,1,127
S1B18646,H-07-03-L2,H,7,2,0,0
S1B23211,H-02-01-L5,H,2,5,1,0
S1B23238,A-11-03-L1,A,11,1,0,1
S1B23253,A-08-03-L3,A,8,3,1,1
S1B23255,A-08-01-L4,A,8,4,1,1
S1B25914,A-11-01-L2,A,11,2,0,0
S1B27049,G-01-02-L7,G,1,7,1,0
S1B27927,H-09-03-L1,H,9,1,0,15
S1B28347,F-03-03-L0,F,3,0,0,235
S1B28636,E-08-03-L1,E,8,1,0,4
S1B28639,I-09-01-L1,I,9,1,0,14
S1B28641,I-09-01-L3,I,9,3,1,14
S1B28642,I-09-02-L3,I,9,3,1,14
S1B28947,F-11-03-L5,F,11,5,1,2
S1B28950,I-03-01-L2,I,3,2,0,0
S1B29170,I-02-03-L7,I,2,7,1,0
S1B30019,I-10-02-L6,I,10,6,1,7
S1B32159,C-06-02-L7,C,6,7,1,26
S1B32736,E-11-03-L2,E,11,2,0,2
S1B33086,F-09-01-L1,F,9,1,0,0
S1B33086R10,E-07-02-L2,E,7,2,0,7
S1B34391,F-03-02-L6,F,3,6,1,211
S1B35575,E-05-01-L5,E,5,5,1,16
S1B42175,E-11-02-L4,E,11,4,1,1
S1B44814,J-14-01-L4,J,14,4,1,5
S1B45034,A-04-02-L7,A,4,7,1,5
S1B45130,C-01-02-L0,C,1,0,0,39
S1B45131,C-02-03-L3,C,2,3,1,36
S1B45714,A-04-03-L7,A,4,7,1,5
S1B46674,I-10-03-L0,I,10,0,0,0
S1B46834,G-03-03-L4,G,3,4,1,319
S1B52154,J-14-02-L4,J,14,4,1,5
S1B53255,I-07-02-L5,I,7,5,1,0
S1B54338,G-09-01-L0,G,9,0,0,7
S1B56277,A-07-02-L2,A,7,2,0,2
S1B59137,H-02-02-L0,H,2,0,0,0
S1B59157,E-11-01-L3,E,11,3,1,2
S1B60455,F-02-03-L7,F,2,7,1,354
S1B60456,G-05-01-L0,G,5,0,0,120
S1B63319-135S07,F-07-03-L5,F,7,5,1,0
S1B63319-157S07,D-05-02-L2,D,5,2,0,0
S1B63319-186S07,A-11-02-L2,A,11,2,0,0
S1B63319-228S07,C-09-03-L7,C,9,7,1,0
S1B63319-284S07,A-07-03-L2,A,7,2,0,0
S1B63319-289S07,A-11-03-L2,A,11,2,0,0
S1B63319-297S07,A-11-01-L3,A,11,3,1,0
S1B63319-334S07,I-10-01-L1,I,10,1,0,0
S1B63319-348S07,A-11-02-L3,A,11,3,1,0
S1B63319-399S07,E-09-01-L0,E,9,0,0,0
S1B63319-400S07,A-11-03-L3,A,11,3,1,0
S1B63319-415S07,G-11-03-L2,G,11,2,0,0
S1B63319-418S07,A-11-01-L4,A,11,4,1,0
S1B63319-486S07,C-09-01-L4,C,9,4,1,0
S1B63319-536S07,E-09-02-L0,E,9,0,0,0
S1B63319-635S07,D-05-03-L2,D,5,2,0,0
S1B63319-735S07,A-11-02-L4,A,11,4,1,0
S1B63319-736S07,A-11-03-L4,A,11,4,1,0
S1B63319-737S07,A-07-01-L3,A,7,3,1,0
S1B63319-739S07,D-05-01-L3,D,5,3,1,0
S1B63319-745S07,A-11-01-L5,A,11,5,1,0
S1B63319S07,B-12-02-L6,B,12,6,1,0
S1B63323-004S07,E-06-01-L8,E,6,8,1,0
S1B63323-1001S07,C-08-03-L7,C,8,7,1,0
S1B63323-1020S07,A-11-02-L5,A,11,5,1,0
S1B63323-1022S07,A-11-03-L5,A,11,5,1,0
S1B63323-1045S07,E-01-02-L4,E,1,4,1,0
S1B63323-1054S07,A-11-01-L6,A,11,6,1,0
S1B63323-1074S07,G-11-01-L3,G,11,3,1,0
S1B63323-1111S07,A-11-02-L6,A,11,6,1,0
S1B63323-1112S07,G-11-02-L3,G,11,3,1,0
S1B63323-1131S07,A-07-02-L3,A,7,3,1,0
S1B63323-1135S07,A-11-03-L6,A,11,6,1,0
S1B63323-1171S07,A-11-01-L7,A,11,7,1,0
S1B63323-1208S07,E-05-01-L4,E,5,4,1,0
S1B63323-1237S07,A-11-02-L7,A,11,7,1,0
S1B63323-1278S07,A-11-03-L7,A,11,7,1,0
S1B63323-1324S07,A-11-01-L8,A,11,8,1,0
S1B63323-1325S07,A-07-03-L3,A,7,3,1,0
S1B63323-1400S07,I-11-02-L6,I,11,6,1,0
S1B63323-1466S07,A-11-02-L8,A,11,8,1,0
S1B63323-1510S07,A-07-01-L4,A,7,4,1,0
S1B63323-1511S07,A-07-02-L4,A,7,4,1,0
S1B63323-1512S07,A-07-03-L4,A,7,4,1,0
S1B63323-1513S07,A-11-03-L8,A,11,8,1,0
S1B63323-1515S07,D-04-03-L7,D,4,7,1,0
S1B63323-1516S07,A-07-01-L5,A,7,5,1,0
S1B63323-1517S07,U-10-01-L0,U,10,0,0,0
S1B63323-1518S07,A-07-02-L5,A,7,5,1,0
S1B63323-1519S07,U-10-02-L0,U,10,0,0,0
S1B63323-399S07,G-11-03-L3,G,11,3,1,0
S1B63323-464S07,B-06-03-L3,B,6,3,1,0
S1B63323-477S07,G-06-03-L2,G,6,2,0,0
S1B63323-647S07,U-10-01-L1,U,10,1,0,0
S1B63323-862S07,D-05-02-L3,D,5,3,1,0
S1B63323-911S07,E-06-02-L8,E,6,8,1,0
S1B63323-912S07,F-09-02-L1,F,9,1,0,0
S1B63323-913S07,E-09-03-L0,E,9,0,0,0
S1B63323S07,C-08-03-L2,C,8,2,0,0
S1B66039,F-09-03-L6,F,9,6,1,6
S1B72008,G-04-01-L7,G,4,7,1,0
S1B72022,H-07-03-L5,H,7,5,1,0
S1B81606,J-03-03-L2,J,3,2,0,0
S1B88264,H-07-01-L6,H,7,6,1,0
S1B90388,H-10-01-L0,H,10,0,0,10
S1B98321,E-07-03-L2,E,7,2,0,7
S202-C32,G-06-03-L7,G,6,7,1,0
S202-C6,E-01-03-L2,E,1,2,0,0
S2500925P01-ETK-1,U-10-02-L1,U,10,1,0,0
S2500925P02-ETK-2,U-10-01-L2,U,10,2,0,0
S2500925P03-ETK-3,U-10-02-L2,U,10,2,0,0
S2500925P04-ETK-4,U-10-01-L3,U,10,3,1,0
S2502618PLT-1,U-10-02-L3,U,10,3,1,1
S2505015ETIKET_1,U-10-01-L4,U,10,4,1,0
S2506318PLT-5,U-10-02-L4,U,10,4,1,1
S2C-H6R,H-03-03-L7,H,3,7,1,0
S6-CT-CMC12MX,E-09-01-L1,E,9,1,0,3
S6-CT-CMC1LX,A-04-03-L0,A,4,0,0,5
S6-CT-CMC1MX,D-05-03-L4,D,5,4,1,9
S6-CT-CMC2LX,U-10-01-L5,U,10,5,1,1
S6-CT-CMC2MX,F-07-01-L6,F,7,6,1,13
S6-CT-CMC3MX,G-08-01-L8,G,8,8,1,12
S6-CT-CMC4MX,H-09-01-L5,H,9,5,1,15
S6-CT-DMAED1C,C-07-03-L7,C,7,7,1,24
S6-CT-DMAED1X,U-06-02-L5,U,6,5,1,1
S6-CT-DMHTD1X,F-09-03-L5,F,9,5,1,6
S6-CT-DMHTD3C,D-04-01-L3,D,4,3,1,14
S6-CT-DMHTD3X,B-01-02-L2,B,1,2,0,73
S6-CT-DMHTS1C,C-08-01-L3,C,8,3,1,24
S6-CT-DMHTS1X,C-12-01-L1,C,12,1,0,19
S6-CT-DMHTS3X,D-02-02-L6,D,2,6,1,86
S6-CT-DMTTD3X,C-04-02-L1,C,4,1,0,30
S6-CT-DMTTS1X,G-06-03-L3,G,6,3,1,40
S6-CT-DMTTS3X,B-03-02-L4,B,3,4,1,67
S6-CT-PHA67826,E-12-02-L2,E,12,2,0,1
S6-CT-PHA67832,H-09-01-L0,H,9,0,0,15
S6-KK-O-CT-DM,G-02-02-L7,G,2,7,1,424
S6-KK-O-CT-GB,G-06-02-L4,G,6,4,1,40
S6-KK-O-VT-DM,J-09-01-L7,J,9,7,1,123
S6-KK-O-VT-DMC,C-07-02-L6,C,7,6,1,25
S6-TM-O-F,B-01-02-L8,B,1,8,1,72
S6-TM-O-RJ45,B-08-03-L8,B,8,8,1,53
S6-VT-CM1X,A-02-02-L5,A,2,5,1,11
S6-VT-CM2X,D-05-03-L3,D,5,3,1,9
S6-VT-CMC12MX,E-09-02-L1,E,9,1,0,3
S6-VT-CMC1LX,A-04-01-L1,A,4,1,0,5
S6-VT-CMC1MX,D-05-01-L5,D,5,5,1,9
S6-VT-CMC2LX,U-10-02-L5,U,10,5,1,1
S6-VT-CMC2MX,F-07-02-L6,F,7,6,1,13
S6-VT-CMC3MX,G-08-02-L8,G,8,8,1,12
S6-VT-CMC4MX,H-09-02-L5,H,9,5,1,15
S6-VT-CMXAUX2,U-06-01-L6,U,6,6,1,1
S6-VT-DMAED1C,C-07-01-L8,C,7,8,1,24
S6-VT-PHA67814,G-08-02-L2,G,8,2,0,12
SARF-REU-0064,G-08-03-L8,G,8,8,1,0
SARF-REU-0106,E-09-03-L1,E,9,1,0,0
SARF-REU-0136,A-07-03-L5,A,7,5,1,0
SARF-REU-0138,U-10-01-L6,U,10,6,1,0
SARF-REU-0146,H-09-03-L5,H,9,5,1,0
SARF-REU-0148,E-09-01-L2,E,9,2,0,0
SARF-REU-0164,U-10-02-L6,U,10,6,1,0
SARF-REU-0241,A-07-01-L6,A,7,6,1,0
SARF-REU-0248,A-07-02-L6,A,7,6,1,0
SARF-REU-0273,E-09-02-L2,E,9,2,0,0
SE25-01325,E-09-03-L2,E,9,2,0,0
SE25-01354,E-12-03-L2,E,12,2,0,1
SE25-02188,F-09-03-L1,F,9,1,0,0
SE25-02220,I-11-03-L6,I,11,6,1,0
SE25-02532,E-09-01-L3,E,9,3,1,0
SE25-02595,A-08-03-L1,A,8,1,0,1
SE25-C1415,E-09-02-L3,E,9,3,1,0
SEM101093-01,C-03-02-L7,C,3,7,1,0
SET00003,I-03-01-L7,I,3,7,1,0
SET00005,F-01-02-L8,F,1,8,1,0
SET00007,B-09-01-L6,B,9,6,1,0
SETSM600013,B-03-03-L1,B,3,1,0,0
SETSM600015S07,G-11-01-L4,G,11,4,1,0
SETSM600016S07,F-09-01-L2,F,9,2,0,0
SETSM600020S07,U-11-01-L0,U,11,0,0,1
SETSM600039S07,U-11-02-L0,U,11,0,0,1
SETSM600046,E-12-01-L3,E,12,3,1,1
SETSM600060,A-04-02-L1,A,4,1,0,5
SETSM600061,G-10-02-L8,G,10,8,1,5
SETSM600063,A-04-03-L1,A,4,1,0,5
SETSM600064,G-10-03-L8,G,10,8,1,5
SETSM600067,A-04-01-L2,A,4,2,0,5
SETSM600086,U-11-01-L1,U,11,1,0,1
SETSM600087,U-06-02-L6,U,6,6,1,1
SETSM600088,U-11-02-L1,U,11,1,0,1
SETSM600142S07,B-06-01-L8,B,6,8,1,0
SETSM600261,U-11-01-L2,U,11,2,0,1
SETSM600262,U-11-02-L2,U,11,2,0,1
SETSM600263,U-11-01-L3,U,11,3,1,1
SETSM600351S07,G-11-02-L4,G,11,4,1,0
SETSM600423,D-04-01-L8,D,4,8,1,0
SETSM600424,I-10-02-L1,I,10,1,0,0
SETSM600425,C-06-01-L7,C,6,7,1,0
SETSM600429,A-09-01-L0,A,9,0,0,1
SETSM600466,A-07-03-L6,A,7,6,1,2
SETSM600472,U-11-02-L3,U,11,3,1,1
SETSM600473,U-11-01-L4,U,11,4,1,1
SETSM600475,A-09-02-L0,A,9,0,0,1
SETSM600479,U-11-02-L4,U,11,4,1,1
SETSM600480,A-07-01-L7,A,7,7,1,2
SETSM600491,U-11-01-L5,U,11,5,1,1
SETSM600492,U-11-02-L5,U,11,5,1,1
SF-FB12,C-02-02-L6,C,2,6,1,0
SF-FB13,H-02-02-L2,H,2,2,0,0
SF-FB15,F-03-03-L1,F,3,1,0,0
SF-FB16,B-09-02-L6,B,9,6,1,0
SF-FB21,G-04-01-L0,G,4,0,0,0
SF-FB26,D-05-01-L4,D,5,4,1,0
SF-FB48,G-02-02-L2,G,2,2,0,0
SFCBFR014,J-03-02-L5,J,3,5,1,0
SIBA30-109-13/125A,C-08-03-L3,C,8,3,1,0
SIBA_30-109-13/100,C-08-02-L3,C,8,3,1,0
SMTAMB001,G-05-01-L1,G,5,1,0,0
SMTAMB022,J-04-01-L3,J,4,3,1,0
SPARE_STARKLT,U-11-01-L6,U,11,6,1,0
SPK51000107E,B-12-03-L6,B,12,6,1,0
ST269-401-401,C-02-03-L2,C,2,2,0,0
ST434-010-004,F-09-02-L2,F,9,2,0,0
ST434-010-024,C-12-02-L8,C,12,8,1,19
ST436-101-030,F-09-03-L2,F,9,2,0,0
TME43529,E-01-02-L0,E,1,0,0,299
TRF003224,F-09-01-L3,F,9,3,1,0
TRF004938,U-11-02-L6,U,11,6,1,1
TRF006364,E-12-02-L3,E,12,3,1,1
TRFESITAS001,J-08-03-L2,J,8,2,0,198
TRFESITAS004,G-10-03-L3,G,10,3,1,5
TRFESITAS005,F-10-02-L8,F,10,8,1,3
TRFESITAS006,F-10-03-L8,F,10,8,1,3
TRFESITAS007,C-10-02-L2,C,10,2,0,20
TRFESITAS008,J-18-01-L0,J,18,0,0,3
TRFESITAS010,C-09-02-L1,C,9,1,0,22
TRFESITAS011,C-02-01-L5,C,2,5,1,35
TRFESITAS014,B-07-03-L7,B,7,7,1,54
TRFESITAS015,C-04-03-L0,C,4,0,0,30
TRFESITAS016,G-10-01-L4,G,10,4,1,5
TRFESITAS017,F-06-01-L4,F,6,4,1,16
TUR10002,I-10-03-L5,I,10,5,1,8
TUR10003,I-10-01-L6,I,10,6,1,8
TUR10004,D-05-02-L8,D,5,8,1,9
VAMP4RSE,A-07-02-L7,A,7,7,1,0
VDISFD006VO,I-10-03-L1,I,10,1,0,0
VIKO043E43E36G,E-12-03-L3,E,12,3,1,1
VJKO023E26E000,C-07-02-L7,C,7,7,1,24
VJKP023G16G000,G-08-01-L2,G,8,2,0,12
VJKR023E23E000M,G-11-02-L6,G,11,6,1,4
VJKR023H000000M,E-12-01-L4,E,12,4,1,1
VOLTMETRE316,A-09-03-L0,A,9,0,0,1
VPI62401,G-11-03-L4,G,11,4,1,4
VPI62415,A-08-01-L2,A,8,2,0,1
VW3A8306R03,A-08-01-L6,A,8,6,1,1
XB4BA42,A-12-01-L0,A,12,0,0,0
XB5AVG3,F-07-03-L6,F,7,6,1,0
ZB4BZ62,H-04-03-L1,H,4,1,0,0
ZB5AD2,F-11-02-L3,F,11,3,1,2
ZB5AG7D,B-05-01-L4,B,5,4,1,0
