material_id,position_id,rack,bay,level,needs_rt,zwm92_picks
03811061N0,G-06-03-L5,G,6,5,1,21
03812736N0,C-04-02-L4,C,4,4,1,84
03814388N0-N,D-01-02-L6,D,1,6,1,6
03814399N0-N,I-04-01-L7,I,4,7,1,9
03814402N0-N,E-09-02-L4,E,9,4,1,30
03815808N0-N,C-03-02-L8,C,3,8,1,4
03815811N0-N,D-01-03-L6,D,1,6,1,6
03815813N0-N,D-01-01-L7,D,1,7,1,4
03816489N0,D-01-02-L7,D,1,7,1,6
03816490N0-N,I-03-02-L6,I,3,6,1,11
03816491N0-N,D-05-02-L8,D,5,8,1,12
03816492N0-N,D-05-03-L8,D,5,8,1,6
03816493N0-N,A-02-02-L5,A,2,5,1,24
03816494N0-N,A-02-03-L5,A,2,5,1,17
03816495N0-N,F-08-01-L6,F,8,6,1,23
03816496N0,F-08-02-L6,F,8,6,1,0
03816496N0-N,C-03-03-L8,C,3,8,1,16
03817244N0,H-08-01-L6,H,8,6,1,3
1022025N,E-02-01-L1,E,2,1,0,0
11845604,B-12-03-L3,B,12,3,1,0
11845606Z,G-09-03-L0,G,9,0,0,0
1277066SNRYC,J-01-03-L0,J,1,0,0,27
1277504,H-08-02-L6,H,8,6,1,13
1350150120,H-09-03-L3,H,9,3,1,0
17422411Z,D-09-03-L2,D,9,2,0,0
17426018,J-10-02-L3,J,10,3,1,0
17426022,F-02-03-L3,F,2,3,1,0
1781757,H-03-02-L3,H,3,3,1,0
1946501,B-02-03-L3,B,2,3,1,48
1949754,C-08-02-L2,C,8,2,0,160
1949764,C-08-01-L2,C,8,2,0,160
1949765,C-08-03-L2,C,8,2,0,160
1949771,C-01-01-L5,C,1,5,1,25
1949773,C-01-02-L5,C,1,5,1,25
1949775,C-01-03-L5,C,1,5,1,25
1949777,B-09-01-L5,B,9,5,1,32
1949779SN,F-10-01-L3,F,10,3,1,72
1949785SN,F-10-02-L4,F,10,4,1,26
1949801,E-06-01-L5,E,6,5,1,16
1949869,J-18-01-L7,J,18,7,1,2
1949870,J-18-02-L7,J,18,7,1,2
1949871,U-01-01-L0,U,1,0,0,2
1MRK002136-B,D-01-03-L7,D,1,7,1,0
1MRK002136-E,H-01-03-L5,H,1,5,1,0
1SNA166875R2300,D-10-03-L4,D,10,4,1,2
21167100,G-02-02-L3,G,2,3,1,0
21186059,C-11-01-L3,C,11,3,1,0
21213320,C-07-02-L3,C,7,3,1,0
21231324,B-01-02-L3,B,1,3,1,0
21285212,B-09-02-L0,B,9,0,0,0
21431228Z,C-03-03-L1,C,3,1,0,0
21528185,C-07-03-L3,C,7,3,1,0
21528195,C-11-02-L3,C,11,3,1,0
23STFILM,C-09-03-L0,C,9,0,0,0
25222143,D-04-01-L2,D,4,2,0,0
25222348,D-04-02-L2,D,4,2,0,0
25222770,C-01-02-L0,C,1,0,0,0
25262316,G-05-03-L0,G,5,0,0,0
25262336,C-02-01-L0,C,2,0,0,0
25266303,C-08-02-L1,C,8,1,0,0
25266304,C-08-03-L1,C,8,1,0,0
25266305,C-12-01-L1,C,12,1,0,0
25268014,J-01-01-L1,J,1,1,0,118
26326007,F-03-03-L3,F,3,3,1,14
26326007-120V,H-08-03-L6,H,8,6,1,0
3052076,C-04-01-L6,C,4,6,1,9
3052077,D-04-01-L3,D,4,3,1,90
3116725,C-01-03-L3,C,1,3,1,0
3401405F0,F-01-02-L1,F,1,1,0,522
3402403F0,J-07-01-L3,J,7,3,1,0
3403899F0,I-02-02-L1,I,2,1,0,0
3403900F0,I-02-03-L1,I,2,1,0,0
3403904F0,E-06-02-L5,E,6,5,1,16
3403910F0,B-11-02-L2,B,11,2,0,173
3403913F0,A-12-02-L1,A,12,1,0,351
3403914F0,E-05-01-L4,E,5,4,1,70
3403915F0,I-08-02-L0,I,8,0,0,60
3403917F0,A-11-02-L5,A,11,5,1,31
3403918F0,J-07-02-L6,J,7,6,1,18
3403925F0,A-12-03-L1,A,12,1,0,0
3403929F0,E-07-03-L4,E,7,4,1,51
3403933F0,B-06-02-L2,B,6,2,0,299
340393501,E-09-02-L0,E,9,0,0,0
3403939F0,B-04-01-L2,B,4,2,0,176
3403940F0,H-08-01-L7,H,8,7,1,5
3403941T0,E-10-03-L1,E,10,1,0,0
3403941T0AG,J-01-02-L1,J,1,1,0,12
3403941T0SN,G-07-02-L1,G,7,1,0,198
3403949F0,C-04-01-L2,C,4,2,0,136
3403950F0,U-01-02-L0,U,1,0,0,3
3403963F0,A-11-03-L5,A,11,5,1,13
3403966F0,B-01-01-L2,B,1,2,0,177
3403978F0,F-01-03-L1,F,1,1,0,502
3403979F0,F-01-01-L1,F,1,1,0,502
3403981F0,I-08-02-L3,I,8,3,1,1326
3403982F0,G-08-03-L2,G,8,2,0,171
3403984F0,B-04-03-L2,B,4,2,0,185
3403985F0,B-05-01-L2,B,5,2,0,185
3403986F0,C-09-01-L2,C,9,2,0,160
3403987F0,C-02-01-L5,C,2,5,1,25
3403988F0,F-08-03-L1,F,8,1,0,320
3403989F0,H-11-01-L4,H,11,4,1,48
3403991F0,H-08-02-L7,H,8,7,1,21
3403992F0,B-12-01-L0,B,12,0,0,6
3404000F0,E-07-03-L0,E,7,0,0,632
3404001F0,H-07-01-L4,H,7,4,1,76
3404004F0,C-04-01-L3,C,4,3,1,1642
3404005F0,H-05-03-L4,H,5,4,1,82
3404006F0,B-03-02-L3,B,3,3,1,2337
3404012F0,I-11-01-L1,I,11,1,0,299
3404013F0,F-10-03-L4,F,10,4,1,42
3404042F0,E-08-02-L4,E,8,4,1,43
3404043F0,A-12-01-L5,A,12,5,1,15
3404044F0,A-05-03-L3,A,5,3,1,136
3404045F0,C-04-02-L6,C,4,6,1,6
3404046F0,E-05-02-L4,E,5,4,1,39
3404047F0,F-08-03-L6,F,8,6,1,6
3404075F0,E-12-01-L4,E,12,4,1,38
3404076F0,A-05-03-L2,A,5,2,0,116
3404079F0,F-11-03-L1,F,11,1,0,314
3404080F0,J-07-03-L6,J,7,6,1,18
3404082F0,G-06-03-L2,G,6,2,0,196
3404083F0,A-06-03-L0,A,6,0,0,598
3404097F0,B-08-01-L1,B,8,1,0,407
3404098F0,G-07-03-L5,G,7,5,1,39
3404102F0SN,C-04-01-L1,C,4,1,0,324
3404106F0SN,C-04-03-L6,C,4,6,1,6
3404142F0,E-06-03-L5,E,6,5,1,17
3404143F0,D-05-01-L5,D,5,5,1,17
3404186FPR12,C-04-01-L7,C,4,7,1,8
3404190F0AG,I-03-03-L6,I,3,6,1,10
3404190F0SN,C-04-02-L7,C,4,7,1,4
3404190T0SN,G-05-02-L1,G,5,1,0,364
3404249F0,G-07-03-L3,G,7,3,1,1268
3404251F0,F-05-01-L1,F,5,1,0,451
3404258F0,C-07-02-L1,C,7,1,0,358
3404270FBR07,I-06-01-L2,I,6,2,0,202
3404270FPR12,F-08-01-L7,F,8,7,1,4
3404272F0,G-12-01-L3,G,12,3,1,90
3404273F0,U-01-01-L1,U,1,1,0,10
3404308F0,B-10-03-L2,B,10,2,0,179
3404312F0,I-02-03-L2,I,2,2,0,215
3404313FPR12,F-08-02-L7,F,8,7,1,4
3404314FBR14,F-08-03-L7,F,8,7,1,2
3404314FPR12,F-08-01-L8,F,8,8,1,4
3404315FBR14,F-08-02-L8,F,8,8,1,2
3404315FPR12,F-08-03-L8,F,8,8,1,4
3404316FPR12,I-10-01-L5,I,10,5,1,4
3404317FPR12,I-10-02-L5,I,10,5,1,2
3404318FPR12,I-10-03-L5,I,10,5,1,2
3404352F0,A-07-01-L5,A,7,5,1,15
3404354F0,C-02-01-L1,C,2,1,0,309
3404355F0,B-12-03-L4,B,12,4,1,89
3404356F0,E-08-01-L0,E,8,0,0,514
3404357F0,B-04-03-L4,B,4,4,1,54
3404438FPR12,C-04-03-L7,C,4,7,1,8
3404440FBR07,C-07-03-L1,C,7,1,0,348
3404440FPR12,C-04-01-L8,C,4,8,1,8
3404462F0,B-08-02-L1,B,8,1,0,398
3404463F0,B-08-03-L1,B,8,1,0,398
3404464F0,G-07-02-L0,G,7,0,0,788
3404467F0,G-06-03-L1,G,6,1,0,385
3404468F0,B-02-03-L1,B,2,1,0,411
3404470F0,B-09-01-L1,B,9,1,0,398
3404473F0,B-09-02-L1,B,9,1,0,398
3404474F0,B-07-03-L1,B,7,1,0,398
3404708F0,I-03-01-L1,I,3,1,0,451
3404709F0,G-01-03-L1,G,1,1,0,451
3404717FBR07,B-02-02-L2,B,2,2,0,172
3404717FBR14,I-10-01-L6,I,10,6,1,2
3404718FBR07,B-02-03-L2,B,2,2,0,170
3404718FBR14,I-10-02-L6,I,10,6,1,2
3404719F0,A-06-03-L3,A,6,3,1,80
3404720F0,U-03-01-L3,U,3,3,1,89
3404721F0,E-11-02-L3,E,11,3,1,78
3404722F0,U-01-02-L1,U,1,1,0,11
3404725F0,E-11-03-L3,E,11,3,1,53
3404726F0,U-03-02-L3,U,3,3,1,53
3404729F0,D-10-01-L3,D,10,3,1,53
3404730F0,U-10-01-L3,U,10,3,1,34
3404731F0,C-01-01-L2,C,1,2,0,106
3404732F0,E-12-02-L3,E,12,3,1,39
3404733F0,D-10-02-L3,D,10,3,1,39
3404734F0,E-10-01-L3,E,10,3,1,67
3404735F0,E-10-02-L3,E,10,3,1,67
3404752F0,C-02-02-L5,C,2,5,1,53
3404756F0,C-04-02-L8,C,4,8,1,19
3404790F0,F-07-03-L2,F,7,2,0,306
3404791F0,E-10-03-L3,E,10,3,1,89
3405054F0,H-10-03-L3,H,10,3,1,378
3405054T0,F-03-02-L2,F,3,2,0,118
3405064F0-K,C-02-01-L2,C,2,2,0,201
3405075F0,D-04-03-L2,D,4,2,0,214
3405103F0,J-08-02-L3,J,8,3,1,0
3405107F0,B-06-03-L0,B,6,0,0,0
3405190F0,J-07-01-L7,J,7,7,1,40
3405192F0,H-08-03-L7,H,8,7,1,46
3405193F0,E-02-02-L5,E,2,5,1,48
3405195F0,I-10-03-L6,I,10,6,1,27
3405205F0,G-12-03-L0,G,12,0,0,0
3405209F0,C-08-02-L4,C,8,4,1,0
3405210F0,E-04-01-L2,E,4,2,0,0
3405211F0,I-08-01-L2,I,8,2,0,0
3405212F0,C-08-03-L4,C,8,4,1,0
3405214F0,C-09-01-L4,C,9,4,1,0
3405216F0,C-09-02-L4,C,9,4,1,0
3405220F0,C-09-03-L4,C,9,4,1,0
3405243F0,I-08-02-L2,I,8,2,0,0
3405261F0,B-03-01-L2,B,3,2,0,0
3405264F0,J-13-01-L3,J,13,3,1,0
3405265F0,J-13-02-L3,J,13,3,1,0
3405266F0,J-16-01-L3,J,16,3,1,0
3405267F0,J-16-02-L3,J,16,3,1,0
3405269F0,A-03-01-L3,A,3,3,1,0
3405270F0,A-04-02-L3,A,4,3,1,0
3405271F0,D-09-01-L3,D,9,3,1,0
3405273F0-K,F-02-01-L5,F,2,5,1,32
3405294F0,J-05-01-L5,J,5,5,1,15
3405296F0,A-03-02-L3,A,3,3,1,0
3405309F0-K,B-06-03-L1,B,6,1,0,0
3405310F0,C-09-02-L1,C,9,1,0,84
3405310F0-K,D-01-01-L8,D,1,8,1,0
3405311F0,I-01-01-L1,I,1,1,0,12
3405338F0,J-05-02-L5,J,5,5,1,15
3405341F0,I-05-01-L3,I,5,3,1,0
3405355F0-K,A-03-03-L3,A,3,3,1,0
3405356F0,C-04-03-L8,C,4,8,1,12
3405364F0,D-03-01-L2,D,3,2,0,0
3405366F0,D-09-02-L3,D,9,3,1,0
3405374F0,D-04-02-L3,D,4,3,1,0
3405375F0,D-03-02-L2,D,3,2,0,108
3405376F0,I-10-01-L7,I,10,7,1,0
3405383F0,I-10-02-L7,I,10,7,1,0
3405384F0,I-10-03-L7,I,10,7,1,0
3405387F0,D-03-03-L2,D,3,2,0,12
3405387F0-K,F-09-01-L3,F,9,3,1,0
3405388F0-K,F-09-02-L3,F,9,3,1,0
3405389F0,D-01-02-L8,D,1,8,1,12
3405390F0,J-07-02-L7,J,7,7,1,12
3405392F0,B-12-03-L2,B,12,2,0,405
3405397F0,D-03-01-L6,D,3,6,1,48
3405398F0,E-02-03-L5,E,2,5,1,48
3405412F0,E-08-03-L2,E,8,2,0,0
3405434T0S07,D-10-03-L3,D,10,3,1,0
3405435F0,E-05-02-L3,E,5,3,1,0
3405444T0R14,D-03-02-L6,D,3,6,1,0
3405445F0,B-04-01-L7,B,4,7,1,0
3405453T0R14,G-09-01-L6,G,9,6,1,0
3405454F0,B-04-02-L7,B,4,7,1,0
3405472F0,A-06-02-L0,A,6,0,0,0
3405473F0,E-10-03-L2,E,10,2,0,0
3405474F0,A-08-01-L2,A,8,2,0,0
3405544F0,A-03-01-L1,A,3,1,0,0
3405544F0-K,E-12-02-L1,E,12,1,0,186
3405583F0,G-02-02-L4,G,2,4,1,0
3405583F0-K,H-07-02-L4,H,7,4,1,51
3405584F0,E-01-02-L4,E,1,4,1,0
3405584F0-K,H-07-03-L4,H,7,4,1,51
3405585F0-K,E-09-02-L2,E,9,2,0,102
3405610F0,G-03-02-L2,G,3,2,0,0
3405611F0,G-03-03-L2,G,3,2,0,0
3405612F0,D-09-03-L3,D,9,3,1,0
3405613F0,F-12-01-L3,F,12,3,1,0
3405618F0,G-06-01-L4,G,6,4,1,0
3405619F0,G-06-02-L4,G,6,4,1,0
3405636F0,A-10-03-L2,A,10,2,0,0
3405638F0,D-01-03-L4,D,1,4,1,0
3405639F0,F-04-01-L4,F,4,4,1,0
3405640F0,D-07-03-L1,D,7,1,0,0
3405641F0,E-08-01-L2,E,8,2,0,0
3405701F0,A-04-03-L0,A,4,0,0,0
3405718F0,G-09-01-L0,G,9,0,0,0
3405719F0,B-07-01-L2,B,7,2,0,0
3405720F0,F-12-02-L3,F,12,3,1,0
3405735F0,D-07-02-L0,D,7,0,0,1
3405736F0,D-07-01-L1,D,7,1,0,1
3405740F0,G-11-01-L1,G,11,1,0,0
3405743F0,C-08-03-L0,C,8,0,0,0
3405753F0,F-12-03-L3,F,12,3,1,0
3405772F0,F-04-02-L4,F,4,4,1,0
3405803F0,A-07-02-L0,A,7,0,0,0
3405811F0,J-05-03-L5,J,5,5,1,36
3405812F0,B-11-03-L2,B,11,2,0,30
3405813F0,C-10-01-L4,C,10,4,1,48
3405966F0,C-05-01-L6,C,5,6,1,14
3405966F0-H,D-01-03-L8,D,1,8,1,8
3405966F0-KH,J-01-03-L1,J,1,1,0,46
3405967F0,G-09-02-L6,G,9,6,1,7
3405967F0-H,D-03-03-L6,D,3,6,1,4
3405967F0-KH,F-04-01-L6,F,4,6,1,23
3405968F0,G-02-01-L6,G,2,6,1,0
3405968F0-G,G-02-02-L6,G,2,6,1,9
3405968F0-KH,D-03-01-L7,D,3,7,1,6
3405969F0-KH,D-03-02-L7,D,3,7,1,6
3406000F0,I-09-01-L0,I,9,0,0,0
3406001F0,I-09-02-L0,I,9,0,0,0
3406002F0,F-07-01-L0,F,7,0,0,0
3406003F0,G-08-01-L0,G,8,0,0,0
3406018F0,E-01-02-L1,E,1,1,0,0
3406036F0,J-03-02-L4,J,3,4,1,12
3406038F0,E-01-03-L4,E,1,4,1,17
3406039F0,A-11-01-L3,A,11,3,1,10
3406040F0,I-01-02-L4,I,1,4,1,0
3406041F0,J-03-03-L4,J,3,4,1,0
3406042F0,J-01-01-L4,J,1,4,1,1
3406043F0,I-01-03-L4,I,1,4,1,1
3406103F0,C-05-03-L1,C,5,1,0,0
3406104F0,B-12-01-L1,B,12,1,0,0
3406107F0,B-07-02-L3,B,7,3,1,0
3406107F0CD,E-02-02-L1,E,2,1,0,0
3406111F0,G-11-02-L1,G,11,1,0,0
3406210F0,G-02-01-L3,G,2,3,1,10
3406222F0,D-05-03-L2,D,5,2,0,0
3406399F0,C-03-03-L3,C,3,3,1,1538
3407354F0,A-03-02-L1,A,3,1,0,0
3407450T0,H-06-02-L3,H,6,3,1,0
3407699F0,J-01-01-L2,J,1,2,0,0
3407700F0,J-01-02-L2,J,1,2,0,0
3407819F0,B-04-03-L7,B,4,7,1,21
3407837F0,C-10-02-L4,C,10,4,1,62
3407838F0,C-11-01-L4,C,11,4,1,62
3407839F0,C-11-02-L4,C,11,4,1,62
3408476T0-1,E-05-03-L3,E,5,3,1,0
3408479T0-1,B-04-01-L8,B,4,8,1,0
3408547T0-1,A-05-02-L1,A,5,1,0,0
3408548T0-1,B-04-02-L8,B,4,8,1,0
3408863F0,B-07-01-L3,B,7,3,1,0
3408948F0,B-03-01-L1,B,3,1,0,0
3408949F0,D-02-03-L1,D,2,1,0,0
3408950F0,D-12-01-L2,D,12,2,0,0
3408953F0,D-01-02-L3,D,1,3,1,0
3408972F0,B-10-03-L0,B,10,0,0,0
3408986F0,F-06-02-L0,F,6,0,0,0
3409073F0,G-09-03-L6,G,9,6,1,4
3409117F0,E-02-02-L3,E,2,3,1,6
3409198F0,B-12-03-L1,B,12,1,0,420
3409199F0,B-07-02-L2,B,7,2,0,124
35190062,G-02-03-L3,G,2,3,1,0
35190063,J-09-01-L3,J,9,3,1,0
35190280,B-04-03-L8,B,4,8,1,0
35190321,D-06-01-L1,D,6,1,0,0
35190322,I-09-01-L2,I,9,2,0,0
35190365,U-07-01-L3,U,7,3,1,0
35190504,C-07-01-L0,C,7,0,0,0
35190523,C-11-01-L0,C,11,0,0,14
35190598,E-06-02-L0,E,6,0,0,0
35190599,E-12-02-L4,E,12,4,1,0
35190932,G-09-01-L7,G,9,7,1,0
35190939,B-05-01-L4,B,5,4,1,0
35190940,I-03-01-L7,I,3,7,1,0
35190964,J-01-03-L2,J,1,2,0,0
3630000,B-06-01-L0,B,6,0,0,0
3720088,D-07-03-L0,D,7,0,0,0
3727779,D-03-03-L7,D,3,7,1,3
3727786,A-08-02-L2,A,8,2,0,0
3727801,I-03-03-L0,I,3,0,0,0
3727810,I-03-02-L0,I,3,0,0,0
3727846,J-06-01-L3,J,6,3,1,0
3727869,F-04-03-L0,F,4,0,0,0
3727875,I-05-01-L0,I,5,0,0,0
3727876,I-04-01-L3,I,4,3,1,0
3727877,G-05-01-L0,G,5,0,0,0
3727881,J-06-02-L3,J,6,3,1,0
3727891,G-01-01-L0,G,1,0,0,0
3728010,E-01-01-L0,E,1,0,0,0
3729559,G-03-03-L0,G,3,0,0,0
3730092J,G-04-02-L1,G,4,1,0,42
3730092L,E-05-03-L0,E,5,0,0,21
3730092M,C-04-01-L0,C,4,0,0,0
3730092N,G-05-02-L3,G,5,3,1,1
3730092P,B-04-01-L3,B,4,3,1,0
3730161C,D-05-02-L0,D,5,0,0,0
3730353B,G-09-02-L7,G,9,7,1,2
3730404,I-07-02-L0,I,7,0,0,0
3730504,I-09-02-L2,I,9,2,0,0
3730555A,J-07-03-L7,J,7,7,1,2
3730555B,J-06-03-L3,J,6,3,1,0
3730712,F-09-03-L3,F,9,3,1,74
3735507,F-01-02-L3,F,1,3,1,0
3735524,A-07-01-L0,A,7,0,0,203
3735525,G-08-02-L0,G,8,0,0,0
3735528,F-01-03-L3,F,1,3,1,0
3735555,G-03-02-L1,G,3,1,0,0
3735555SN,G-09-03-L7,G,9,7,1,4
3735561SN,G-09-01-L8,G,9,8,1,4
3735578,G-05-01-L1,G,5,1,0,61
3735603,G-10-01-L3,G,10,3,1,81
3735762,B-05-01-L6,B,5,6,1,11
3735766,G-08-03-L0,G,8,0,0,0
3735853,B-08-01-L2,B,8,2,0,0
3736001,F-12-02-L1,F,12,1,0,0
3736002,F-12-03-L1,F,12,1,0,0
3736006,B-09-01-L3,B,9,3,1,0
3736344,F-05-01-L5,F,5,5,1,0
3736354,J-02-01-L4,J,2,4,1,36
3736450,F-06-01-L3,F,6,3,1,12
3736450SN,D-03-01-L8,D,3,8,1,3
3736502,G-09-02-L8,G,9,8,1,0
3736522,F-04-02-L6,F,4,6,1,0
3736525,B-08-02-L2,B,8,2,0,3
3736526,E-02-03-L4,E,2,4,1,0
3736825,B-07-01-L1,B,7,1,0,0
3816992N0,G-12-02-L3,G,12,3,1,0
3930818AG,F-04-03-L6,F,4,6,1,6
3931256S07,J-08-01-L0,J,8,0,0,7
3931273,F-04-01-L7,F,4,7,1,7
3931275,J-01-01-L5,J,1,5,1,14
3931467S07,D-03-02-L8,D,3,8,1,4
3931519,J-01-02-L5,J,1,5,1,14
3932230,U-01-01-L2,U,1,2,0,1
4690212,U-01-02-L2,U,1,2,0,43
4690416,U-01-01-L5,U,1,5,1,43
4690488,U-01-02-L5,U,1,5,1,43
4690492,U-01-01-L6,U,1,6,1,43
4690494,U-01-02-L6,U,1,6,1,43
4690516,A-05-01-L6,A,5,6,1,43
47078,J-08-02-L0,J,8,0,0,0
5009001,G-07-03-L1,G,7,1,0,0
51000029A,G-11-01-L0,G,11,0,0,0
51000029BCD,E-05-02-L2,E,5,2,0,1
51000029BCE,G-09-03-L8,G,9,8,1,2
51000107E,I-03-02-L7,I,3,7,1,0
51000107F,I-03-03-L7,I,3,7,1,0
51000426,F-08-01-L3,F,8,3,1,32
51000504,G-12-03-L3,G,12,3,1,72
51000505,E-09-01-L3,E,9,3,1,70
51000596,J-01-03-L5,J,1,5,1,9
51000602,A-05-02-L6,A,5,6,1,4
51000619,A-03-03-L1,A,3,1,0,0
51000623,C-10-01-L1,C,10,1,0,0
51000646,H-11-02-L4,H,11,4,1,16
51000683,D-01-01-L5,D,1,5,1,10
51000689,G-02-03-L6,G,2,6,1,10
51000691-21S07,J-02-02-L4,J,2,4,1,0
51000691-22S07,A-08-03-L2,A,8,2,0,0
51000691S07,E-05-03-L4,E,5,4,1,87
51000692,F-04-02-L7,F,4,7,1,0
51000703,C-12-01-L4,C,12,4,1,40
5100070301,A-05-03-L6,A,5,6,1,2
51000704,C-12-02-L4,C,12,4,1,40
51000736,I-02-02-L2,I,2,2,0,62
51000753,E-04-01-L4,E,4,4,1,42
51000782,J-13-01-L0,J,13,0,0,2
51000810,C-02-02-L1,C,2,1,0,0
51000821,J-13-02-L0,J,13,0,0,3
51000824,A-05-01-L7,A,5,7,1,1
51000861,G-07-01-L0,G,7,0,0,9
51000862,C-12-02-L1,C,12,1,0,0
51000862SN,C-05-02-L6,C,5,6,1,4
51000961,J-13-01-L1,J,13,1,0,2
5100096101,A-05-02-L7,A,5,7,1,2
51000975,E-02-03-L1,E,2,1,0,0
51000987SN,J-13-02-L1,J,13,1,0,4
51002502U33,A-07-02-L5,A,7,5,1,15
51004136U48,A-05-03-L7,A,5,7,1,0
51004137U41,A-05-01-L8,A,5,8,1,2
51004391U4,B-09-02-L5,B,9,5,1,5
51004391U8,F-04-03-L7,F,4,7,1,9
51004743UA,F-05-02-L5,F,5,5,1,0
51004743UE,B-01-01-L5,B,1,5,1,0
51006522M0,C-06-01-L1,C,6,1,0,32
51007512U13,A-05-02-L8,A,5,8,1,2
51108708M0,D-09-01-L0,D,9,0,0,543
51164028F0,F-05-02-L1,F,5,1,0,463
51164031F0,H-09-01-L4,H,9,4,1,0
51164072F0,B-04-03-L1,B,4,1,0,0
51164089F0,A-03-02-L4,A,3,4,1,30
51164090F0,B-11-02-L1,B,11,1,0,439
51164098F0,F-11-02-L0,F,11,0,0,509
51164108F0,H-09-02-L4,H,9,4,1,69
51164109F0,E-03-02-L1,E,3,1,0,440
51164181F0,A-06-01-L1,A,6,1,0,287
51164195F0,H-11-03-L4,H,11,4,1,45
51164196F0,E-05-01-L5,E,5,5,1,18
51164272F0,E-09-03-L2,E,9,2,0,0
51164273F0,D-08-01-L2,D,8,2,0,0
51164286F0,F-09-01-L0,F,9,0,0,0
51164287F0,D-02-01-L4,D,2,4,1,0
51164289F0,G-09-01-L2,G,9,2,0,122
51164302F0,D-05-01-L4,D,5,4,1,0
51164302F0_SISMIC,J-01-02-L4,J,1,4,1,0
51164306F0,A-06-03-L2,A,6,2,0,0
51164333F0,D-08-01-L0,D,8,0,0,0
51164336F0,H-01-01-L6,H,1,6,1,0
51164365FC,G-03-01-L6,G,3,6,1,0
51164407F0,B-12-03-L0,B,12,0,0,1083
51164417F0,B-11-03-L0,B,11,0,0,825
51164478F0,G-06-02-L1,G,6,1,0,0
51164483F0,E-03-03-L1,E,3,1,0,517
51164495F0,G-06-03-L4,G,6,4,1,0
51164500F0,D-02-02-L4,D,2,4,1,76
51164507F0,C-02-03-L5,C,2,5,1,25
51164508F0,C-09-02-L2,C,9,2,0,160
51164543F0,B-05-02-L2,B,5,2,0,185
51164559F0,A-12-02-L5,A,12,5,1,0
51189523F0,G-02-03-L4,G,2,4,1,0
51189527F0,C-05-03-L6,C,5,6,1,0
51189790F0,A-12-03-L5,A,12,5,1,0
51189792F0,I-01-01-L5,I,1,5,1,0
51189885F0,J-08-03-L0,J,8,0,0,0
51189972F0,F-04-03-L4,F,4,4,1,0
51189973F0,C-01-01-L4,C,1,4,1,0
51189975F0,G-11-03-L1,G,11,1,0,0
51189977F0,F-10-01-L1,F,10,1,0,0
51229055F0,B-01-01-L1,B,1,1,0,463
51229171F0,I-01-02-L5,I,1,5,1,14
51229172F0,U-07-02-L3,U,7,3,1,60
51229315F0,D-05-02-L5,D,5,5,1,0
51229316F0,B-01-02-L5,B,1,5,1,0
51229321F0,D-08-02-L2,D,8,2,0,0
51229323F0,D-06-01-L0,D,6,0,0,0
51229333F0,B-09-03-L5,B,9,5,1,0
51229343F0,C-05-01-L7,C,5,7,1,0
51229357F0,D-06-02-L0,D,6,0,0,0
51229362F0,J-01-01-L6,J,1,6,1,0
51229363F0,D-06-03-L0,D,6,0,0,0
51229368F0,D-02-03-L4,D,2,4,1,0
51229369F0,F-05-01-L4,F,5,4,1,0
51229371FB,J-13-01-L2,J,13,2,0,0
51235002F0,D-12-01-L3,D,12,3,1,79
51235003F0,A-03-03-L4,A,3,4,1,46
51235004F0,A-04-03-L3,A,4,3,1,99
51235005F1,C-03-01-L5,C,3,5,1,54
51235006F1,C-03-02-L5,C,3,5,1,54
51235014F0,G-10-03-L0,G,10,0,0,0
51235027F0,J-13-02-L2,J,13,2,0,17
51235028F0,J-17-01-L4,J,17,4,1,70
51235029F0,D-06-01-L4,D,6,4,1,28
51235030F0,A-07-01-L3,A,7,3,1,100
51235034F0,D-05-02-L4,D,5,4,1,66
51235035F0,U-08-02-L3,U,8,3,1,94
51235042F0,C-06-01-L2,C,6,2,0,295
51235047F0,E-11-01-L2,E,11,2,0,148
51235048F0,I-08-01-L4,I,8,4,1,55
51235066F0,A-05-01-L0,A,5,0,0,0
51235067F0,C-08-02-L0,C,8,0,0,0
51235068F0,G-08-03-L1,G,8,1,0,0
51235072F0,C-03-01-L2,C,3,2,0,306
51235073F0,G-08-02-L3,G,8,3,1,149
51235076F0,D-05-03-L5,D,5,5,1,35
51235077F0,C-01-02-L4,C,1,4,1,71
51235078F0,E-11-02-L2,E,11,2,0,149
51235079F0,D-05-03-L0,D,5,0,0,0
51235082F0,E-08-01-L3,E,8,3,1,101
51235083F0,C-04-02-L2,C,4,2,0,295
51235084F0,J-13-01-L5,J,13,5,1,42
51235085F0,U-13-02-L4,U,13,4,1,51
51235087F0,J-08-01-L1,J,8,1,0,28
51235093F0,A-05-03-L8,A,5,8,1,1
51235094F0,G-12-01-L6,G,12,6,1,0
51235197F0,D-01-02-L5,D,1,5,1,3
51235199F0,I-09-01-L1,I,9,1,0,466
51235207F0,C-04-03-L3,C,4,3,1,0
51235211F0,J-13-02-L5,J,13,5,1,6
51235217F0,J-15-01-L3,J,15,3,1,111
51235218F0,E-03-03-L4,E,3,4,1,58
51235219F0,J-09-01-L4,J,9,4,1,58
51235220F0,H-06-01-L4,H,6,4,1,58
51235221F0,E-08-03-L4,E,8,4,1,53
51235222F0,D-07-01-L4,D,7,4,1,53
51235223F0,J-11-02-L4,J,11,4,1,63
51235224F0,F-12-01-L2,F,12,2,0,111
51235225F0,F-10-02-L3,F,10,3,1,68
51235226F0,J-17-02-L4,J,17,4,1,34
51235229F0,D-03-03-L8,D,3,8,1,6
51235238F0,C-05-02-L7,C,5,7,1,8
51235254F0,A-02-03-L3,A,2,3,1,0
51235255F0,E-06-01-L3,E,6,3,1,0
51235256F0,E-06-02-L3,E,6,3,1,0
51235257F0,E-06-03-L3,E,6,3,1,0
51235258F0,D-01-03-L5,D,1,5,1,0
51235259F0,G-12-02-L6,G,12,6,1,0
51235260F0,G-01-01-L6,G,1,6,1,0
51235262F0,E-09-03-L4,E,9,4,1,0
51235263F0,J-18-01-L4,J,18,4,1,0
51235265F0,U-05-01-L4,U,5,4,1,0
51235271F0,I-09-02-L1,I,9,1,0,459
51235272F0,D-04-01-L1,D,4,1,0,462
51235463F0S07,G-12-03-L6,G,12,6,1,2
51235464F0S07,G-12-01-L7,G,12,7,1,2
51235465F0S07,G-12-02-L7,G,12,7,1,2
51235466F0S07,G-12-03-L7,G,12,7,1,2
51235467F0,A-04-03-L1,A,4,1,0,288
51235469F0,C-04-03-L4,C,4,4,1,49
51235469F0S07,G-12-01-L8,G,12,8,1,2
51235470F0S07,G-12-02-L8,G,12,8,1,2
51235489F0,E-07-01-L1,E,7,1,0,0
51235489F0-K,E-12-03-L1,E,12,1,0,186
51235561F0,B-05-02-L3,B,5,3,1,234
51235563F0,E-01-03-L1,E,1,1,0,0
51235567F0,F-06-01-L2,F,6,2,0,271
51235571F0,D-07-02-L4,D,7,4,1,58
51235575F0,U-08-03-L3,U,8,3,1,90
51235579F0,F-08-02-L3,F,8,3,1,0
51235585F0-K,H-02-01-L4,H,2,4,1,153
51235631F0,G-12-03-L2,G,12,2,0,183
51235632F0,I-08-02-L1,I,8,1,0,498
51235644F1,H-02-02-L4,H,2,4,1,0
51235644F1-K,F-05-02-L4,F,5,4,1,51
51235645F1,H-02-03-L4,H,2,4,1,0
51235645F1-K,J-10-01-L4,J,10,4,1,51
51235661F0,F-06-01-L6,F,6,6,1,3
51235662F0,F-06-02-L6,F,6,6,1,3
51235668F0,A-10-01-L2,A,10,2,0,0
51235669F0,B-05-02-L6,B,5,6,1,0
51235670F0,F-04-01-L8,F,4,8,1,0
51235679F0,F-03-02-L1,F,3,1,0,0
51235682F0,B-11-01-L2,B,11,2,0,300
51235684F0,B-08-03-L2,B,8,2,0,300
51235685F0,F-03-03-L2,F,3,2,0,149
51235687F0,I-01-01-L2,I,1,2,0,149
51235740F0,D-07-01-L2,D,7,2,0,0
51235759F0,F-06-01-L7,F,6,7,1,7
51235759F0-K,G-12-03-L8,G,12,8,1,4
51235762F0,E-02-01-L2,E,2,2,0,0
51235769F0-K,G-01-02-L6,G,1,6,1,34
51235771F0,J-10-02-L4,J,10,4,1,28
51235772F0-K,J-13-01-L6,J,13,6,1,10
51235773F0,J-15-02-L3,J,15,3,1,97
51235773F0S07,J-13-02-L6,J,13,6,1,4
51235822F0-K,H-10-01-L3,H,10,3,1,98
51235823F0-K,G-06-01-L2,G,6,2,0,166
51235844F0-K,J-13-01-L7,J,13,7,1,3
51235867F0,D-04-03-L3,D,4,3,1,126
51235868F0,E-09-01-L6,E,9,6,1,3
51235869F0,J-05-01-L6,J,5,6,1,23
51235873F0,B-11-03-L1,B,11,1,0,102
51235874F0,F-11-01-L2,F,11,2,0,471
51235902F0,G-12-01-L2,G,12,2,0,113
51235903F0,J-18-02-L4,J,18,4,1,88
51235945F0,G-01-03-L4,G,1,4,1,30
51235946F0-K,H-09-03-L4,H,9,4,1,52
51235979F0,E-09-02-L6,E,9,6,1,0
51236020F0,C-03-03-L5,C,3,5,1,0
51236020F0-G,J-01-02-L6,J,1,6,1,21
51236021F0,C-04-01-L5,C,4,5,1,0
51236021F0-G,J-01-03-L6,J,1,6,1,21
51236022F0,C-04-02-L5,C,4,5,1,0
51236022F0-G,J-01-01-L7,J,1,7,1,24
51236027F0,G-10-03-L2,G,10,2,0,102
51236085F0,J-01-02-L7,J,1,7,1,12
51236118F0,C-05-03-L7,C,5,7,1,4
51236121F0,C-05-01-L8,C,5,8,1,4
51236124F0,J-08-02-L1,J,8,1,0,7
51236125F0,J-08-03-L1,J,8,1,0,7
51236142F0,C-05-02-L8,C,5,8,1,4
51236143F0,C-05-03-L8,C,5,8,1,4
51236146F0,I-11-01-L2,I,11,2,0,132
51236157F0,I-07-01-L4,I,7,4,1,0
51236179F0,F-12-02-L2,F,12,2,0,165
51236180F0,C-10-02-L2,C,10,2,0,276
51236202F0,B-05-03-L6,B,5,6,1,7
51236205F0,I-01-03-L5,I,1,5,1,18
51236221T0,C-06-01-L6,C,6,6,1,8
51236329F0,C-03-02-L3,C,3,3,1,1868
51236335F0,E-09-02-L3,E,9,3,1,72
51236453F0,E-12-03-L4,E,12,4,1,56
51236533F0,E-09-03-L6,E,9,6,1,1
51236548F0,B-05-03-L2,B,5,2,0,0
51236548F0-K,F-06-02-L2,F,6,2,0,124
51236549F0,F-10-03-L3,F,10,3,1,0
51236549F0-K,J-05-01-L4,J,5,4,1,62
51236561F0,G-01-03-L6,G,1,6,1,0
51236662F0,F-04-02-L8,F,4,8,1,6
51236667F0,F-04-03-L8,F,4,8,1,6
51236679F0,F-06-02-L7,F,6,7,1,3
51236690F0,F-06-01-L8,F,6,8,1,3
51236770F0,G-02-01-L7,G,2,7,1,0
51236771F0,G-02-02-L7,G,2,7,1,0
51236772F0,C-04-03-L5,C,4,5,1,0
51236795F0,F-06-02-L8,F,6,8,1,3
51236815F0,J-13-02-L7,J,13,7,1,0
51236843F0R14,I-01-01-L6,I,1,6,1,26
51236844F0R14,E-09-01-L7,E,9,7,1,19
51236845F0R14,C-06-02-L6,C,6,6,1,16
51236849F0,I-03-01-L4,I,3,4,1,54
51236867F0,J-09-01-L0,J,9,0,0,8
51236978F0,C-09-02-L3,C,9,3,1,0
51236992F0,J-11-01-L0,J,11,0,0,0
51237011F0,D-01-02-L0,D,1,0,0,0
51237088F0,E-09-02-L7,E,9,7,1,6
51237092F0,J-16-01-L0,J,16,0,0,18
51237110F0,G-02-03-L7,G,2,7,1,0
51237111F0,G-02-01-L8,G,2,8,1,0
51237112F0,G-02-02-L8,G,2,8,1,0
51237185F0,E-09-03-L7,E,9,7,1,1
51237186F0,E-09-01-L8,E,9,8,1,1
51237262F0,F-09-03-L1,F,9,1,0,411
51237264F0,C-06-03-L6,C,6,6,1,9
51237268F0,J-16-02-L0,J,16,0,0,2
51237279F0,E-05-03-L2,E,5,2,0,0
51237280F0,A-02-01-L2,A,2,2,0,0
51237282F0,F-09-03-L2,F,9,2,0,0
51237289F0,A-05-03-L1,A,5,1,0,0
51237290F0,G-10-03-L1,G,10,1,0,0
51237368F0,B-06-02-L1,B,6,1,0,716
51237369F0,D-05-03-L4,D,5,4,1,62
51237370F0,E-08-02-L3,E,8,3,1,101
51237371F0,G-02-03-L8,G,2,8,1,29
51237372F0,J-16-01-L1,J,16,1,0,7
51237373F0,J-08-01-L2,J,8,2,0,11
51237374F0,H-04-01-L0,H,4,0,0,29
51237375F0,J-16-02-L1,J,16,1,0,7
51237376F0,G-03-02-L6,G,3,6,1,11
51237392FA,G-08-02-L4,G,8,4,1,42
51237426F0AD,A-10-02-L2,A,10,2,0,0
51237427F0AD,I-01-02-L6,I,1,6,1,0
51237527F0,I-11-02-L1,I,11,1,0,0
51237553F0,J-16-01-L2,J,16,2,0,2
51237605F0,J-01-03-L7,J,1,7,1,20
51237608F0,J-09-02-L0,J,9,0,0,10
51237611F0,J-09-03-L0,J,9,0,0,10
51237614F0,J-09-01-L1,J,9,1,0,10
51254778A,H-04-02-L0,H,4,0,0,1
51254778B,J-09-02-L1,J,9,1,0,44
51254779A,H-04-03-L0,H,4,0,0,1
51254779B,J-09-03-L1,J,9,1,0,44
51254780A,C-05-01-L5,C,5,5,1,2
51254780B,I-02-01-L5,I,2,5,1,88
51254783A,E-09-02-L8,E,9,8,1,1
51254783B,J-16-02-L2,J,16,2,0,2
51254786A,J-16-01-L5,J,16,5,1,2
51254786B,C-06-01-L7,C,6,7,1,4
51254786C,J-16-02-L5,J,16,5,1,2
51255561,F-11-03-L0,F,11,0,0,0
51255589,D-03-03-L3,D,3,3,1,4
51256215C,J-11-02-L0,J,11,0,0,0
51256252SN,J-09-01-L2,J,9,2,0,6
51256257,J-11-01-L1,J,11,1,0,3
51256258,J-11-02-L1,J,11,1,0,3
51256260,I-02-02-L5,I,2,5,1,21
51256262,I-02-03-L5,I,2,5,1,21
5125626501,E-09-03-L8,E,9,8,1,2
51256273,B-04-02-L4,B,4,4,1,48
51256308,I-01-03-L6,I,1,6,1,61
51256341,D-08-01-L6,D,8,6,1,1
51256342,J-16-01-L6,J,16,6,1,2
51256343,I-02-01-L6,I,2,6,1,21
51256344,I-02-02-L6,I,2,6,1,21
51256347,C-05-02-L5,C,5,5,1,18
51256350,J-09-02-L2,J,9,2,0,6
51256487-05,G-08-03-L3,G,8,3,1,68
51256515,E-01-02-L2,E,1,2,0,0
51256520,U-06-01-L4,U,6,4,1,48
51256522,C-06-02-L7,C,6,7,1,7
51256526,E-05-02-L5,E,5,5,1,33
51256528SN,J-16-02-L6,J,16,6,1,2
51256532,C-05-01-L4,C,5,4,1,115
51256542S07,I-08-02-L4,I,8,4,1,0
51256592,J-16-01-L7,J,16,7,1,2
51256623,C-06-02-L2,C,6,2,0,0
51256642SN,J-09-03-L2,J,9,2,0,6
51256643SN,J-09-01-L5,J,9,5,1,6
51256645,H-06-02-L4,H,6,4,1,192
51256694S07,B-11-01-L0,B,11,0,0,0
51256694_ADPTS07,J-16-02-L7,J,16,7,1,0
51256695S07,A-04-02-L1,A,4,1,0,0
51256696S07,E-08-01-L1,E,8,1,0,0
51256699S07,A-03-01-L6,A,3,6,1,0
51256702S07,C-11-02-L1,C,11,1,0,0
51256703S07,C-11-01-L1,C,11,1,0,0
51256882,E-11-01-L0,E,11,0,0,348
51256887,D-08-02-L6,D,8,6,1,1
51256898,J-09-02-L5,J,9,5,1,3
51256974,B-12-01-L2,B,12,2,0,8
51256975,E-11-03-L2,E,11,2,0,0
51256976,E-10-01-L4,E,10,4,1,0
51257009,C-12-01-L3,C,12,3,1,0
51257012,C-03-02-L2,C,3,2,0,0
51257013,J-09-03-L5,J,9,5,1,0
51257020,B-05-01-L7,B,5,7,1,8
51257021,B-05-02-L7,B,5,7,1,4
51257038,J-11-01-L2,J,11,2,0,5
51257039,J-11-02-L2,J,11,2,0,5
51257064B,J-11-01-L5,J,11,5,1,0
51257090,D-08-01-L7,D,8,7,1,1
51257091S07,J-09-01-L6,J,9,6,1,9
51257092S07,J-09-02-L6,J,9,6,1,10
51257095,D-08-02-L7,D,8,7,1,1
51257123SN,A-03-02-L6,A,3,6,1,2
51257131AG,I-02-03-L6,I,2,6,1,12
51257137,B-10-01-L5,B,10,5,1,121
51257138,B-10-02-L5,B,10,5,1,126
51257144,G-07-03-L0,G,7,0,0,1
51257144SN,A-03-03-L6,A,3,6,1,2
51257160,I-06-02-L1,I,6,1,0,0
51257165,F-04-02-L2,F,4,2,0,228
51257172,U-06-02-L4,U,6,4,1,60
51257180,A-05-01-L3,A,5,3,1,72
51257182,A-07-03-L5,A,7,5,1,21
51257196SN,A-03-01-L7,A,3,7,1,2
51257200,B-05-03-L7,B,5,7,1,9
51257201,B-05-01-L8,B,5,8,1,9
51257202,B-05-02-L8,B,5,8,1,8
51257210,F-03-01-L1,F,3,1,0,588
51257212SN,J-09-03-L6,J,9,6,1,6
51257249,E-09-03-L3,E,9,3,1,69
51257250,D-08-01-L3,D,8,3,1,70
51257257,D-08-01-L8,D,8,8,1,1
51257287,E-10-02-L1,E,10,1,0,552
51257289,C-01-03-L4,C,1,4,1,262
51257430,C-12-02-L3,C,12,3,1,0
51257437,F-10-03-L0,F,10,0,0,0
51257455,F-04-01-L5,F,4,5,1,10
51257456,B-01-01-L4,B,1,4,1,16
51257457,G-09-02-L0,G,9,0,0,580
51257460SN,A-03-02-L7,A,3,7,1,2
51257472,D-04-01-L4,D,4,4,1,41
51257476,E-11-01-L5,E,11,5,1,0
51257477,E-11-02-L5,E,11,5,1,0
51257490,I-09-01-L3,I,9,3,1,75
51257692,I-11-03-L1,I,11,1,0,0
51257692A,U-01-01-L4,U,1,4,1,114
51257692B,J-09-01-L7,J,9,7,1,11
51257736,J-11-02-L5,J,11,5,1,3
51257738,E-11-03-L5,E,11,5,1,3
51257792,J-07-03-L3,J,7,3,1,0
51257794,J-08-03-L3,J,8,3,1,0
51257813,B-10-02-L1,B,10,1,0,0
51257823,C-07-01-L3,C,7,3,1,0
51257942,I-08-01-L0,I,8,0,0,18
51257942SN,J-11-01-L6,J,11,6,1,7
51257952,H-02-01-L3,H,2,3,1,15
51257952A,H-03-03-L3,H,3,3,1,0
51257999,J-02-03-L4,J,2,4,1,0
51300141FA,A-03-03-L7,A,3,7,1,2
51300160F0,C-06-03-L7,C,6,7,1,0
51300168F0,D-08-02-L8,D,8,8,1,0
51300180F0,F-11-01-L6,F,11,6,1,0
51300184F0,F-11-02-L6,F,11,6,1,0
51300229F0,F-11-03-L6,F,11,6,1,0
51300307F0,F-10-02-L1,F,10,1,0,0
51300312F0,A-07-02-L3,A,7,3,1,0
51300317F0,C-07-02-L0,C,7,0,0,0
51300318F0,A-05-02-L3,A,5,3,1,0
51300319F0,A-10-01-L3,A,10,3,1,0
51300324FA,C-06-02-L0,C,6,0,0,0
51300427F0,I-07-01-L0,I,7,0,0,0
51300503F0,I-07-02-L2,I,7,2,0,0
51300528F0,J-05-02-L3,J,5,3,1,0
51300574F0,D-08-01-L4,D,8,4,1,0
51300576F0,D-08-02-L3,D,8,3,1,0
51300594F0,I-02-01-L7,I,2,7,1,0
51300596F0,H-01-02-L6,H,1,6,1,0
51300598F0,I-02-02-L7,I,2,7,1,0
51300971F0,G-02-01-L2,G,2,2,0,0
51301170FA,C-06-03-L0,C,6,0,0,0
51301171FA,B-04-01-L1,B,4,1,0,0
51301173FA,E-07-02-L1,E,7,1,0,0
51305792F0,G-08-03-L4,G,8,4,1,39
51305959F0,A-09-01-L4,A,9,4,1,72
51305968F0,I-09-02-L3,I,9,3,1,0
51307402F0,B-10-03-L5,B,10,5,1,0
51307403F0,I-02-03-L7,I,2,7,1,0
51307601FA,F-10-03-L1,F,10,1,0,0
51307757FA,H-03-01-L4,H,3,4,1,5
51307819F0,H-01-03-L6,H,1,6,1,0
51310546F0,D-04-02-L4,D,4,4,1,69
51310557F0R07,C-07-01-L1,C,7,1,0,0
51310557F0R11,J-11-02-L6,J,11,6,1,0
51310557F0R13,B-05-03-L8,B,5,8,1,0
51310557F0R14,I-01-01-L7,I,1,7,1,0
51310558F0R07,D-04-03-L4,D,4,4,1,0
51310558F0R14,A-03-01-L8,A,3,8,1,0
51310590F0,I-07-01-L1,I,7,1,0,446
51310591F0,I-09-01-L4,I,9,4,1,56
51310599F0,H-05-01-L4,H,5,4,1,20
51310623F0,I-03-01-L2,I,3,2,0,217
51310655F0,I-04-01-L1,I,4,1,0,496
51310657F0,C-05-03-L5,C,5,5,1,40
51310659F0,C-09-01-L0,C,9,0,0,0
51310660F0,F-03-03-L1,F,3,1,0,0
51310662F0,F-07-01-L3,F,7,3,1,116
51310663F0,B-01-03-L5,B,1,5,1,42
51310664F0,F-08-01-L5,F,8,5,1,17
51310666F0,B-02-01-L5,B,2,5,1,42
51310667F0,F-08-02-L5,F,8,5,1,17
51310669F0,B-06-01-L6,B,6,6,1,5
51310670F0,G-01-01-L7,G,1,7,1,10
51310671F0AG,C-06-01-L8,C,6,8,1,4
51310671F0SN,B-04-02-L2,B,4,2,0,161
51310673F0,B-04-03-L3,B,4,3,1,2028
51310678F0,I-03-02-L1,I,3,1,0,451
51310682F0,G-03-03-L6,G,3,6,1,21
51310685F0,A-06-02-L1,A,6,1,0,287
51310686F0,A-06-03-L1,A,6,1,0,287
51310692F0,B-11-01-L1,B,11,1,0,0
51310693F0,B-04-02-L1,B,4,1,0,0
51310694F0,G-02-01-L1,G,2,1,0,496
51310697F0,A-09-01-L1,A,9,1,0,255
51310698F0,I-01-02-L7,I,1,7,1,34
51310700F0,I-09-02-L4,I,9,4,1,69
51310704F0R07,D-06-02-L4,D,6,4,1,51
51310710F0,B-01-02-L1,B,1,1,0,430
51310713F0,B-06-01-L2,B,6,2,0,128
51310718F0,E-10-03-L0,E,10,0,0,501
51310724F0,F-11-02-L2,F,11,2,0,183
51310725F0,F-11-03-L2,F,11,2,0,183
51310791F0,G-02-02-L1,G,2,1,0,521
51310807F0,D-06-03-L4,D,6,4,1,68
51310808F0,A-03-02-L8,A,3,8,1,3
51310809T0SN,D-11-01-L2,D,11,2,0,177
51310811F0,A-10-02-L1,A,10,1,0,216
51310812F0,G-05-02-L2,G,5,2,0,284
51310813F0,D-02-01-L2,D,2,2,0,284
51310841F0,C-05-02-L4,C,5,4,1,73
51310854F0,I-01-02-L1,I,1,1,0,594
51310855F0,E-10-01-L1,E,10,1,0,287
51310856F0,F-08-01-L4,F,8,4,1,71
51310857F0,D-10-01-L5,D,10,5,1,30
51310857F0SN,E-10-02-L4,E,10,4,1,59
51310860FA,D-09-01-L1,D,9,1,0,408
51310860FD,A-09-02-L4,A,9,4,1,45
51310860FESN,A-11-02-L2,A,11,2,0,201
51310861FA,G-01-02-L7,G,1,7,1,16
51310861FD,A-03-03-L8,A,3,8,1,2
51310861FESN,I-01-03-L7,I,1,7,1,24
51310862FA,H-02-01-L0,H,2,0,0,17
51310862FD,J-17-01-L0,J,17,0,0,2
51310862FESN,G-01-03-L7,G,1,7,1,28
51310863FA,J-05-02-L6,J,5,6,1,17
51310863FD,J-17-02-L0,J,17,0,0,2
51310863FESN,G-01-01-L8,G,1,8,1,28
51310864FD,J-09-02-L7,J,9,7,1,36
51310865FA,F-07-02-L3,F,7,3,1,21
51310866FA,C-06-01-L5,C,6,5,1,10
51310866FFAG,F-11-01-L7,F,11,7,1,1
51310867FA,C-06-02-L5,C,6,5,1,10
51310867FFAG,F-11-02-L7,F,11,7,1,1
51310868FA,B-11-01-L5,B,11,5,1,10
51310868FFAG,F-11-03-L7,F,11,7,1,1
51310869FA,H-02-02-L0,H,2,0,0,9
51310879F0R07,G-03-01-L7,G,3,7,1,0
51310881F0,E-05-01-L3,E,5,3,1,0
51310882F0,C-01-03-L2,C,1,2,0,0
51310884F0,F-02-02-L1,F,2,1,0,489
51310894F0,I-07-02-L1,I,7,1,0,451
51310895F0,F-07-01-L4,F,7,4,1,58
51310896F0,E-09-02-L1,E,9,1,0,307
51310896F0AG,B-06-02-L6,B,6,6,1,5
51310896F0SN,A-11-02-L1,A,11,1,0,184
51310897F0,J-17-01-L3,J,17,3,1,185
51310898F0,C-06-02-L8,C,6,8,1,14
51310899F0,E-06-01-L1,E,6,1,0,555
51310900F0,F-04-02-L5,F,4,5,1,58
51310902F0,J-17-02-L3,J,17,3,1,185
51310903F0,J-08-02-L2,J,8,2,0,20
51310904F0,A-02-01-L0,A,2,0,0,1302
51310905F0,H-04-01-L4,H,4,4,1,118
51310909F0,C-01-02-L2,C,1,2,0,106
51310913F0,B-01-03-L1,B,1,1,0,451
51310957F0,F-04-03-L1,F,4,1,0,514
51310957F0AG,B-06-03-L6,B,6,6,1,5
51310957F0SN,B-10-03-L1,B,10,1,0,336
51310964F0,U-10-02-L3,U,10,3,1,34
51310967F0,B-09-03-L1,B,9,1,0,398
51310973F0,G-04-03-L2,G,4,2,0,206
51310974F0,F-08-03-L5,F,8,5,1,28
51310975F0,E-04-01-L3,E,4,3,1,1412
51310976F0,B-03-02-L2,B,3,2,0,202
51310979T0SN,H-02-03-L0,H,2,0,0,27
51310998F0SN,F-07-02-L4,F,7,4,1,45
51311010M0,J-09-03-L7,J,9,7,1,6
56132756,E-07-01-L0,E,7,0,0,0
56132761,D-01-01-L1,D,1,1,0,0
56132774,C-02-03-L1,C,2,1,0,0
56135320,I-03-01-L0,I,3,0,0,0
56135323,C-07-03-L0,C,7,0,0,0
56135331,H-06-03-L3,H,6,3,1,0
56135334,G-11-02-L0,G,11,0,0,0
56150012,G-05-02-L0,G,5,0,0,0
56270,C-02-01-L4,C,2,4,1,3
56900533,G-01-02-L8,G,1,8,1,0
56900701,C-08-01-L3,C,8,3,1,0
56900702,C-01-03-L0,C,1,0,0,0
56900860,D-01-02-L1,D,1,1,0,0
56900920,D-01-03-L1,D,1,1,0,0
56900923,A-02-01-L1,A,2,1,0,0
56901001,H-03-01-L3,H,3,3,1,0
56901004,F-09-02-L0,F,9,0,0,0
56901014,B-05-03-L0,B,5,0,0,0
56901053,C-10-01-L0,C,10,0,0,0
56920160,D-10-02-L0,D,10,0,0,0
56920300,E-03-01-L0,E,3,0,0,0
56920984,I-05-02-L3,I,5,3,1,0
56940010,J-17-01-L1,J,17,1,0,0
56940011,J-11-01-L7,J,11,7,1,0
56940013,J-11-02-L7,J,11,7,1,0
56950081,C-04-02-L1,C,4,1,0,0
56950264,J-11-01-L3,J,11,3,1,0
59704,J-05-03-L6,J,5,6,1,18
59705,J-17-02-L1,J,17,1,0,19
59836,F-11-01-L8,F,11,8,1,1
59927,G-07-01-L6,G,7,6,1,3
627125,B-09-02-L3,B,9,3,1,0
627150,G-06-01-L0,G,6,0,0,228
627250,D-04-02-L0,D,4,0,0,0
706500TA,D-03-01-L0,D,3,0,0,0
706501TA,C-10-02-L0,C,10,0,0,0
706902A,F-07-03-L4,F,7,4,1,0
707052,C-10-01-L3,C,10,3,1,0
707115A,G-10-02-L1,G,10,1,0,2
707864,A-04-01-L1,A,4,1,0,0
7236021,F-11-02-L8,F,11,8,1,2
7236259,D-10-02-L5,D,10,5,1,15
730307,C-04-02-L3,C,4,3,1,0
730454,F-03-01-L0,F,3,0,0,0
730666-08,F-02-01-L3,F,2,3,1,0
731754,B-06-01-L7,B,6,7,1,0
731885,G-04-01-L0,G,4,0,0,0
731886,E-07-02-L0,E,7,0,0,0
732236,H-08-01-L3,H,8,3,1,0
732480,C-10-02-L1,C,10,1,0,0
732531,F-06-01-L1,F,6,1,0,0
732538C,E-09-01-L2,E,9,2,0,0
732538ECD,F-07-03-L3,F,7,3,1,0
732733B,U-05-01-L3,U,5,3,1,0
732740,J-05-03-L3,J,5,3,1,0
732744X,C-05-03-L4,C,5,4,1,0
732775,F-12-03-L2,F,12,2,0,0
732847,A-03-03-L2,A,3,2,0,0
733065,H-05-01-L3,H,5,3,1,0
754771,D-06-02-L2,D,6,2,0,0
755435,G-04-03-L0,G,4,0,0,0
755484,D-06-02-L1,D,6,1,0,0
755542,I-07-02-L3,I,7,3,1,0
755815,G-12-03-L1,G,12,1,0,0
755847,I-02-02-L0,I,2,0,0,0
755847-08,I-02-01-L0,I,2,0,0,0
759090,E-07-01-L2,E,7,2,0,0
759713,E-11-02-L1,E,11,1,0,0
759964E,C-06-03-L8,C,6,8,1,0
7S3491104220,F-11-03-L8,F,11,8,1,0
8066698,F-08-02-L4,F,8,4,1,40
8132882,B-02-02-L5,B,2,5,1,0
839744AG,G-03-02-L7,G,3,7,1,8
854392AG,H-02-01-L1,H,2,1,0,0
855869AG,B-06-02-L7,B,6,7,1,5
855869SN,G-04-03-L1,G,4,1,0,370
85930602T0,D-08-02-L0,D,8,0,0,0
85930702T0,F-12-03-L0,F,12,0,0,0
85930802T0,E-09-03-L0,E,9,0,0,0
85930902T0,H-04-01-L1,H,4,1,0,0
85931002T0,H-04-02-L1,H,4,1,0,0
85931102T0,G-01-03-L8,G,1,8,1,0
859385T0,H-02-02-L1,H,2,1,0,12
859399,U-05-02-L3,U,5,3,1,53
859402,I-03-03-L1,I,3,1,0,451
859403,G-01-01-L1,G,1,1,0,451
859422,D-11-01-L1,D,11,1,0,285
859422AG,C-07-01-L6,C,7,6,1,4
859422SN,F-04-03-L2,F,4,2,0,162
859423,F-11-01-L1,F,11,1,0,306
859423SN,A-10-03-L1,A,10,1,0,185
859424SN,A-10-02-L3,A,10,3,1,95
859427,C-06-01-L4,C,6,4,1,80
859427SN,F-09-01-L4,F,9,4,1,28
859430,J-07-02-L3,J,7,3,1,3953
859441,A-09-02-L1,A,9,1,0,253
859442,J-02-01-L0,J,2,0,0,34
859450,E-04-01-L0,E,4,0,0,894
859456,D-03-02-L0,D,3,0,0,854
859464,D-10-03-L5,D,10,5,1,15
859489,A-09-03-L1,A,9,1,0,253
859500,J-02-02-L0,J,2,0,0,13
859534,J-05-02-L4,J,5,4,1,119
859542,J-18-01-L3,J,18,3,1,60
859606T0,F-09-02-L4,F,9,4,1,72
859606T0SN,E-12-01-L2,E,12,2,0,78
859621,A-08-01-L5,A,8,5,1,15
859694,C-05-01-L1,C,5,1,0,370
859764,B-06-03-L3,B,6,3,1,2124
87000,C-07-02-L6,C,7,6,1,197
87004R06,J-17-01-L2,J,17,2,0,190
87007,U-02-01-L0,U,2,0,0,150
87015,J-17-02-L2,J,17,2,0,190
87028,B-02-03-L5,B,2,5,1,0
87031,U-02-02-L0,U,2,0,0,28
87035,J-17-01-L5,J,17,5,1,25
87037,U-02-01-L1,U,2,1,0,4
87063,G-07-02-L6,G,7,6,1,70
87074R14,G-07-03-L6,G,7,6,1,2
87199,J-08-03-L2,J,8,2,0,6
87301,G-07-01-L7,G,7,7,1,3
87329,U-02-02-L1,U,2,1,0,3
87340,J-17-02-L5,J,17,5,1,65
87352,U-02-01-L2,U,2,2,0,33
87381,G-07-02-L7,G,7,7,1,0
875646,I-04-01-L0,I,4,0,0,0
877067,G-02-01-L0,G,2,0,0,0
87722,G-07-03-L7,G,7,7,1,255
87723,J-17-01-L6,J,17,6,1,70
87727,J-17-02-L6,J,17,6,1,0
877495,B-05-02-L4,B,5,4,1,0
877633,J-01-03-L3,J,1,3,1,0
877791,G-02-02-L0,G,2,0,0,0
87790,G-03-03-L7,G,3,7,1,894
877942F,C-04-03-L1,C,4,1,0,196
878297,A-05-03-L0,A,5,0,0,0
878386,G-06-03-L0,G,6,0,0,0
879090,B-02-01-L3,B,2,3,1,0
879091,J-02-03-L3,J,2,3,1,0
87995,U-02-02-L2,U,2,2,0,30
883677,C-06-02-L1,C,6,1,0,0
885228,G-06-02-L2,G,6,2,0,0
885249,E-06-03-L0,E,6,0,0,0
88600,D-03-03-L1,D,3,1,0,0
88601,A-09-03-L4,A,9,4,1,0
88616,B-01-02-L2,B,1,2,0,18
886598,I-02-01-L3,I,2,3,1,0
886606,H-02-03-L3,H,2,3,1,0
886637,F-03-02-L0,F,3,0,0,0
886657,F-06-02-L3,F,6,3,1,0
886661,D-04-03-L0,D,4,0,0,35
886661CD,B-05-03-L3,B,5,3,1,0
886662,G-12-01-L0,G,12,0,0,6
886662CD,B-08-01-L3,B,8,3,1,0
88670,H-01-01-L7,H,1,7,1,0
88690,E-05-02-L0,E,5,0,0,3
886917,B-05-02-L0,B,5,0,0,0
887160,E-03-03-L0,E,3,0,0,0
88725,G-03-01-L8,G,3,8,1,856
887951,U-01-02-L4,U,1,4,1,0
887954,D-02-02-L2,D,2,2,0,0
887956,D-01-03-L3,D,1,3,1,0
887959,B-10-02-L0,B,10,0,0,0
88796,U-02-01-L5,U,2,5,1,78
887962,B-05-01-L3,B,5,3,1,0
887985,D-02-03-L2,D,2,2,0,0
888036A,F-06-02-L1,F,6,1,0,0
888039,I-02-02-L3,I,2,3,1,0
888040,I-02-03-L3,I,2,3,1,0
888205,E-03-02-L0,E,3,0,0,0
888208,I-01-01-L0,I,1,0,0,0
888210,F-05-01-L0,F,5,0,0,0
888215,F-05-02-L0,F,5,0,0,0
888218,I-01-02-L0,I,1,0,0,0
888219,B-01-01-L0,B,1,0,0,0
888220,B-01-02-L0,B,1,0,0,0
888243,B-01-03-L0,B,1,0,0,0
888244,B-02-01-L0,B,2,0,0,0
888255,U-07-01-L4,U,7,4,1,0
888280,B-08-02-L0,B,8,0,0,0
888283,F-02-02-L0,F,2,0,0,0
888289,G-08-01-L2,G,8,2,0,0
888290,G-04-01-L3,G,4,3,1,0
888291,G-07-01-L4,G,7,4,1,0
888292,H-03-02-L4,H,3,4,1,0
888301,H-05-02-L3,H,5,3,1,0
888327,J-05-01-L3,J,5,3,1,0
888328,J-04-01-L3,J,4,3,1,0
888356,J-01-01-L3,J,1,3,1,0
888359,F-01-01-L3,F,1,3,1,0
888364,J-04-02-L3,J,4,3,1,0
888368,B-01-01-L3,B,1,3,1,0
888385,I-03-01-L3,I,3,3,1,0
888391,D-01-03-L0,D,1,0,0,0
888414,I-03-02-L3,I,3,3,1,0
888417,I-03-03-L3,I,3,3,1,0
888422,G-01-01-L3,G,1,3,1,0
888427,F-02-03-L0,F,2,0,0,0
888459,B-09-03-L0,B,9,0,0,0
888459SET,H-05-03-L3,H,5,3,1,0
888468,F-03-01-L3,F,3,3,1,0
888501,G-08-01-L3,G,8,3,1,0
888566,G-09-01-L5,G,9,5,1,0
888568,J-09-02-L3,J,9,3,1,0
888592,F-03-01-L4,F,3,4,1,0
888593,F-03-02-L4,F,3,4,1,0
888596,H-08-01-L4,H,8,4,1,0
888597,F-03-03-L4,F,3,4,1,0
888606,B-02-02-L0,B,2,0,0,0
888619,B-02-03-L0,B,2,0,0,0
888620,D-02-02-L0,D,2,0,0,0
888621,B-03-01-L0,B,3,0,0,0
888633,D-02-03-L0,D,2,0,0,0
888640,F-02-01-L0,F,2,0,0,0
888647,B-03-02-L0,B,3,0,0,0
888649,G-02-03-L0,G,2,0,0,0
888670,F-05-02-L3,F,5,3,1,0
888677,C-12-01-L0,C,12,0,0,0
888690,H-07-01-L3,H,7,3,1,0
888693,I-06-01-L0,I,6,0,0,0
888694,H-07-02-L3,H,7,3,1,0
888697,I-02-03-L0,I,2,0,0,0
888697-08,I-01-03-L0,I,1,0,0,0
888700,E-03-03-L3,E,3,3,1,0
888711,E-03-01-L3,E,3,3,1,0
888715,H-07-03-L3,H,7,3,1,0
888724,F-01-01-L0,F,1,0,0,0
888727,D-02-01-L3,D,2,3,1,0
888733,I-06-02-L0,I,6,0,0,0
888740,E-02-01-L0,E,2,0,0,0
888750,J-02-02-L3,J,2,3,1,0
888768,F-04-02-L0,F,4,0,0,0
888772,B-01-03-L3,B,1,3,1,0
888783,I-07-01-L3,I,7,3,1,0
888793,E-02-02-L0,E,2,0,0,0
888795,J-09-03-L3,J,9,3,1,0
88882,C-07-03-L6,C,7,6,1,18
88883,J-17-01-L7,J,17,7,1,15
888836,E-03-02-L3,E,3,3,1,0
888844,F-11-01-L3,F,11,3,1,0
888846,F-09-03-L4,F,9,4,1,0
888849,J-01-02-L3,J,1,3,1,0
888861,A-02-02-L1,A,2,1,0,0
888864,G-01-02-L3,G,1,3,1,0
888866,G-10-02-L3,G,10,3,1,0
888933,I-08-01-L3,I,8,3,1,0
888946BJ,J-09-02-L4,J,9,4,1,0
888946DJ,E-07-02-L2,E,7,2,0,0
888946GCD,E-10-01-L0,E,10,0,0,0
888946GMCD,G-11-03-L0,G,11,0,0,0
888946RQ,F-11-02-L3,F,11,3,1,0
888946RR,F-12-01-L1,F,12,1,0,0
888946STCD,F-08-01-L2,F,8,2,0,0
888968,C-12-02-L0,C,12,0,0,0
889004,E-11-03-L1,E,11,1,0,0
889005,D-10-01-L1,D,10,1,0,0
889007,D-10-02-L1,D,10,1,0,0
889008,D-10-03-L1,D,10,1,0,0
889010,G-03-03-L1,G,3,1,0,0
889012,A-08-01-L1,A,8,1,0,0
889017,A-08-02-L1,A,8,1,0,0
889021,E-05-01-L1,E,5,1,0,0
889027,D-03-03-L0,D,3,0,0,0
889036,G-04-01-L1,G,4,1,0,0
889042,D-06-03-L1,D,6,1,0,0
889050,A-08-03-L1,A,8,1,0,0
889063,C-05-01-L0,C,5,0,0,0
889082,D-08-02-L4,D,8,4,1,0
889087,J-08-01-L5,J,8,5,1,0
889089,J-08-02-L5,J,8,5,1,0
889096,C-07-01-L7,C,7,7,1,0
889098,J-08-03-L5,J,8,5,1,0
889100,J-08-01-L6,J,8,6,1,0
889101,J-08-02-L6,J,8,6,1,0
889103,G-09-02-L2,G,9,2,0,0
889104,A-12-01-L2,A,12,2,0,0
889107,F-11-01-L4,F,11,4,1,0
889123,H-03-03-L4,H,3,4,1,0
889130,A-05-01-L4,A,5,4,1,0
889131,A-05-02-L4,A,5,4,1,0
889144,J-08-03-L6,J,8,6,1,0
889158,J-08-01-L7,J,8,7,1,0
889159,C-07-02-L7,C,7,7,1,0
889160,C-07-03-L7,C,7,7,1,0
889161,H-04-03-L1,H,4,1,0,0
889162,J-08-02-L7,J,8,7,1,0
889168,E-08-02-L1,E,8,1,0,0
889176,J-08-03-L7,J,8,7,1,0
889177,G-04-01-L6,G,4,6,1,0
889183,G-04-02-L6,G,4,6,1,0
889184,G-04-03-L6,G,4,6,1,0
889185F0,C-10-02-L3,C,10,3,1,0
889186F0,A-02-03-L0,A,2,0,0,0
889188F0,A-11-01-L1,A,11,1,0,0
889191F0,A-08-01-L3,A,8,3,1,0
889214F0,I-01-02-L2,I,1,2,0,0
889221F0,E-07-03-L2,E,7,2,0,0
889224F0,F-08-02-L0,F,8,0,0,0
889290F0,E-08-03-L3,E,8,3,1,0
889291F0,F-01-01-L4,F,1,4,1,0
889309F0,H-04-03-L3,H,4,3,1,0
889312F0,F-08-03-L0,F,8,0,0,0
889316F0,G-09-02-L1,G,9,1,0,0
889317F0,I-01-03-L2,I,1,2,0,0
889337F0,B-05-01-L1,B,5,1,0,0
889341F0,I-02-01-L2,I,2,2,0,0
889344F0,F-02-02-L3,F,2,3,1,0
889346F0,D-02-03-L3,D,2,3,1,0
889348F0,I-10-01-L0,I,10,0,0,0
889376F0,G-02-02-L2,G,2,2,0,0
889392F0,I-10-02-L0,I,10,0,0,0
889400F0,B-08-01-L4,B,8,4,1,0
889402F0,I-10-03-L0,I,10,0,0,0
889407F0,B-05-02-L1,B,5,1,0,0
889424,H-02-03-L1,H,2,1,0,0
889425,A-02-01-L4,A,2,4,1,0
889465F0,B-05-03-L1,B,5,1,0,0
889479FA,B-08-03-L0,B,8,0,0,0
889585FA,E-08-02-L2,E,8,2,0,0
889585FB,U-11-01-L3,U,11,3,1,0
889659,H-02-01-L2,H,2,2,0,0
889663,G-09-02-L5,G,9,5,1,0
889665,H-02-02-L2,H,2,2,0,0
889668,B-03-03-L0,B,3,0,0,0
889669,B-04-01-L0,B,4,0,0,0
889674F0,G-02-03-L2,G,2,2,0,0
889677,B-04-02-L0,B,4,0,0,0
889678,E-02-03-L0,E,2,0,0,0
889685F0,C-01-01-L0,C,1,0,0,0
889695F0,B-05-03-L4,B,5,4,1,0
889698F0,U-11-02-L3,U,11,3,1,0
889755,B-03-01-L5,B,3,5,1,0
889772AB,J-18-02-L3,J,18,3,1,26
889773AX,J-02-03-L0,J,2,0,0,5
889792F0,F-01-02-L4,F,1,4,1,0
889798,D-09-02-L0,D,9,0,0,0
889977F0,B-09-01-L2,B,9,2,0,0
890213F0,F-11-03-L3,F,11,3,1,0
890214F0,J-09-03-L4,J,9,4,1,0
890339F0,B-08-02-L4,B,8,4,1,0
890343F0,A-05-03-L4,A,5,4,1,0
890345F0,E-07-01-L3,E,7,3,1,0
890350F0,C-07-01-L8,C,7,8,1,0
890547FA,C-02-02-L4,C,2,4,1,0
890547FB,G-04-01-L7,G,4,7,1,0
890758F0,J-11-02-L3,J,11,3,1,0
891166FM,U-02-02-L5,U,2,5,1,2
891348F0,I-05-02-L0,I,5,0,0,0
891352F0,I-05-01-L2,I,5,2,0,0
891377,D-02-02-L3,D,2,3,1,0
891486FH,U-02-01-L6,U,2,6,1,0
891511F0,A-05-02-L0,A,5,0,0,0
891537F0,B-11-02-L5,B,11,5,1,0
891558F0,D-01-01-L0,D,1,0,0,0
895385BH,G-07-01-L8,G,7,8,1,0
90335,J-17-02-L7,J,17,7,1,0
91001159902,B-10-01-L0,B,10,0,0,0
954500131,J-02-01-L1,J,2,1,0,0
954500133,G-04-02-L7,G,4,7,1,0
A9F74216,F-08-03-L3,F,8,3,1,9
A9N18458,E-07-01-L6,E,7,6,1,10
AAA12703F0,F-02-02-L5,F,2,5,1,30
AAA12731F0,E-07-02-L3,E,7,3,1,174
AAA12734F0,U-07-02-L4,U,7,4,1,73
AAA12737F0,E-10-03-L4,E,10,4,1,70
AAA12739F0,U-02-02-L6,U,2,6,1,1
AAA12759F0,C-07-02-L8,C,7,8,1,11
AAA12772F0,I-10-01-L3,I,10,3,1,93
AAA12773F0,I-10-02-L3,I,10,3,1,92
AAA12774F0,D-10-01-L2,D,10,2,0,170
AAA12775F0,D-10-02-L2,D,10,2,0,170
AAA12861F0,G-10-01-L4,G,10,4,1,29
AAA12972F0-K,E-07-03-L3,E,7,3,1,143
AAA12973F0,I-11-01-L3,I,11,3,1,32
AAA12974F0-K,C-06-03-L5,C,6,5,1,34
AAA12976F0,C-06-03-L1,C,6,1,0,237
AAA12976F0-K,E-12-02-L2,E,12,2,0,181
AAA13036F0-K,E-10-01-L2,E,10,2,0,201
AAA13106F0,C-04-03-L2,C,4,2,0,197
AAA13118F0,E-07-02-L6,E,7,6,1,12
AAA20033F0,B-01-02-L4,B,1,4,1,86
AAA20107F0R14,A-06-01-L6,A,6,6,1,19
AAA20111F0,F-11-02-L4,F,11,4,1,47
AAS10003T0,B-06-03-L2,B,6,2,0,237
AAS10003T0AG,G-07-02-L8,G,7,8,1,3
AAS10003T0SN,G-08-02-L1,G,8,1,0,201
AAS10009T0,C-01-02-L1,C,1,1,0,340
AAS10014T0,J-02-02-L1,J,2,1,0,25
AAS10014T0SN,A-08-02-L5,A,8,5,1,14
AAS10016T0AG,G-03-02-L8,G,3,8,1,8
AAS10016T0SN,G-10-03-L3,G,10,3,1,62
AAS10021T0,G-05-01-L6,G,5,6,1,6
AAS10021T0-EPK,G-05-02-L6,G,5,6,1,0
AAS10022T0,G-05-03-L6,G,5,6,1,6
AAS10022T0-EPK,G-05-01-L7,G,5,7,1,0
AAS10028T0,A-03-02-L0,A,3,0,0,596
AAS10037T0,A-08-03-L5,A,8,5,1,14
AAS10040T0,G-07-03-L8,G,7,8,1,3
AAS10040T0SN,B-08-03-L4,B,8,4,1,39
AAS10041T0,E-05-01-L6,E,5,6,1,3
AAS10042T0SN,B-09-01-L4,B,9,4,1,39
AAS10043T0,H-04-01-L2,H,4,2,0,9
AAS10043T0SN,B-09-02-L4,B,9,4,1,39
AAS10044T0SN,E-12-03-L2,E,12,2,0,78
AAS10045T0SN,B-09-03-L4,B,9,4,1,39
AAS10046T0,E-05-02-L6,E,5,6,1,3
AAS10047T0,E-05-03-L6,E,5,6,1,3
AAS10048T0,G-05-02-L7,G,5,7,1,6
AAS10049T0,G-05-03-L7,G,5,7,1,6
AAS10050T0,E-05-01-L7,E,5,7,1,3
AAS10051T0,E-05-02-L7,E,5,7,1,3
AAS10066T0,G-05-03-L2,G,5,2,0,179
AAS10069T0,C-11-02-L2,C,11,2,0,137
AAS10070T0,E-05-03-L7,E,5,7,1,5
AAS10073T0,D-05-02-L1,D,5,1,0,417
AAS10073T0AG,D-12-01-L4,D,12,4,1,24
AAS10073T0SN,E-08-03-L0,E,8,0,0,399
AAS10087T0,E-01-03-L2,E,1,2,0,191
AAS10088T0,B-03-02-L5,B,3,5,1,23
AAS10099T0,F-05-01-L2,F,5,2,0,177
AAS10123T0,I-11-02-L3,I,11,3,1,136
AAS10125T0SN,G-05-01-L8,G,5,8,1,6
AAS10126T0,I-03-02-L2,I,3,2,0,216
AAS10132T0,C-07-03-L8,C,7,8,1,11
AAS10137T0,B-01-03-L4,B,1,4,1,84
AAS10137T0AG,E-05-01-L8,E,5,8,1,3
AAS10137T0SN,G-05-02-L8,G,5,8,1,6
AAS10168T0,E-05-02-L8,E,5,8,1,5
AAS10244T0,G-03-03-L8,G,3,8,1,0
AAS10245T0,I-05-01-L5,I,5,5,1,0
AAS10246T0,I-05-02-L5,I,5,5,1,0
AAS10247T0,I-05-01-L6,I,5,6,1,0
AAS10248T0,G-09-03-L5,G,9,5,1,0
AAS10249T0,A-03-01-L5,A,3,5,1,0
AAS10250T0,I-05-02-L6,I,5,6,1,0
AAS10252T0,H-04-02-L4,H,4,4,1,0
AAS10255T0,H-04-03-L4,H,4,4,1,0
AAS10311T0,D-02-01-L1,D,2,1,0,523
AAS10312T0,B-02-01-L4,B,2,4,1,77
AAS10490T0,C-09-03-L2,C,9,2,0,160
AAS10491T0,C-07-01-L5,C,7,5,1,25
AAS10512T0AG,C-08-01-L6,C,8,6,1,4
AAS10571T0,D-03-01-L1,D,3,1,0,278
AAS10572T0,D-03-02-L1,D,3,1,0,284
AAS10573T0,C-12-01-L2,C,12,2,0,137
AAS10574T0,A-06-02-L6,A,6,6,1,1
AAS10575T0,B-06-03-L7,B,6,7,1,4
AAS10591T0,U-08-02-L4,U,8,4,1,0
AAS10592T0,F-11-03-L4,F,11,4,1,0
AAS10593T0,D-09-01-L4,D,9,4,1,0
AAS10594T0,D-09-02-L4,D,9,4,1,0
AAS10596T0,D-09-03-L4,D,9,4,1,0
AAS10597T0,U-05-02-L4,U,5,4,1,0
AAS10605T0,F-12-01-L4,F,12,4,1,0
AAS10612T0,F-12-02-L4,F,12,4,1,0
AAS10635T0,B-04-02-L3,B,4,3,1,0
AAS10638T0,A-08-02-L3,A,8,3,1,53
AAS10648T0,E-05-03-L8,E,5,8,1,0
AAS10649T0,G-07-01-L2,G,7,2,0,133
AAS10650T0,A-06-03-L6,A,6,6,1,1
AAS10664T0,G-10-02-L4,G,10,4,1,0
AAS10669T0,G-10-03-L4,G,10,4,1,0
AAS10670T0,J-14-01-L4,J,14,4,1,0
AAS10671T0,E-07-03-L6,E,7,6,1,4
AAS10675T0R07,A-12-01-L3,A,12,3,1,80
AAS10676T0R07,G-05-01-L4,G,5,4,1,62
AAS10678T0R07,J-05-01-L7,J,5,7,1,20
AAS10679T0,G-08-02-L2,G,8,2,0,143
AAS10680T0,J-05-02-L7,J,5,7,1,20
AAS10681T0R07,A-12-02-L3,A,12,3,1,80
AAS10682T0R07,C-05-01-L2,C,5,2,0,162
AAS10683T0R07,A-12-03-L3,A,12,3,1,71
AAS10684T0R07,A-11-02-L3,A,11,3,1,82
AAS10685T0R07,A-11-03-L3,A,11,3,1,73
AAS10697T0R07,D-04-02-L1,D,4,1,0,310
AAS10698T0,D-04-03-L1,D,4,1,0,310
AAS10699T0R07,G-12-01-L4,G,12,4,1,29
AAS10700T0,G-12-02-L4,G,12,4,1,29
AAS10701T0,I-05-01-L7,I,5,7,1,8
AAS10702T0,C-08-02-L6,C,8,6,1,4
AAS10707T0,I-05-02-L7,I,5,7,1,0
AAS10708T0,H-03-01-L0,H,3,0,0,0
AAS10709T0,E-01-01-L6,E,1,6,1,0
AAS10711T0,E-01-02-L6,E,1,6,1,0
AAS10713T0,B-03-03-L5,B,3,5,1,38
AAS10714T0,H-03-02-L0,H,3,0,0,19
AAS10715T0,H-03-03-L0,H,3,0,0,19
AAS10716T0,H-03-01-L1,H,3,1,0,19
AAS10718T0,B-06-01-L4,B,6,4,1,76
AAS10720T0,H-03-02-L1,H,3,1,0,19
AAS10721T0,H-03-03-L1,H,3,1,0,19
AAS10722T0,H-03-01-L2,H,3,2,0,19
AAS10723T0,H-03-02-L2,H,3,2,0,19
AAS10733T0,U-12-01-L3,U,12,3,1,104
AAS10733T0AG,C-08-03-L6,C,8,6,1,4
AAS10733T0SN,H-10-02-L3,H,10,3,1,66
AAS10737T0,U-02-01-L3,U,2,3,1,90
AAS10738T0,A-07-03-L3,A,7,3,1,89
AAS10752T0-EPK,H-09-01-L0,H,9,0,0,0
AAS10753T0-EPK,H-09-02-L0,H,9,0,0,0
AAS10820T0,B-01-03-L2,B,1,2,0,174
AAS10832T0,D-10-03-L0,D,10,0,0,0
AAS10833T0,A-08-01-L0,A,8,0,0,0
AAS10834T0,C-03-01-L0,C,3,0,0,0
AAS10835T0,A-08-02-L0,A,8,0,0,0
AAS10836T0,A-08-03-L0,A,8,0,0,0
AAS10838T0,B-07-03-L3,B,7,3,1,0
AAS10839T0,D-11-01-L0,D,11,0,0,0
AAS10840T0,E-12-01-L0,E,12,0,0,0
AAS10841T0,E-12-02-L0,E,12,0,0,0
AAS10842T0,I-01-03-L3,I,1,3,1,0
AAS10844T0,E-12-03-L0,E,12,0,0,0
AAS10845T0,A-09-01-L0,A,9,0,0,0
AAS10846T0,A-09-02-L0,A,9,0,0,0
AAS10847T0,C-03-02-L0,C,3,0,0,0
AAS10848T0,A-09-03-L0,A,9,0,0,0
AAS10850T0,D-12-01-L0,D,12,0,0,0
AAS10851T0,A-10-01-L0,A,10,0,0,0
AAS10852T0,A-10-02-L0,A,10,0,0,0
AAS10855T0,A-10-03-L0,A,10,0,0,0
AAS10860T0,A-11-01-L0,A,11,0,0,0
AAS10861T0,A-11-02-L0,A,11,0,0,0
AAS10862T0,D-10-01-L0,D,10,0,0,0
AAS10869T0,J-01-03-L4,J,1,4,1,72
AAS10870T0,F-12-03-L4,F,12,4,1,36
AAS10871T0,H-01-02-L7,H,1,7,1,18
AAS10873T0,H-01-03-L7,H,1,7,1,18
AAS10876T0R07,H-04-02-L2,H,4,2,0,14
AAS10881T0R07,H-04-03-L2,H,4,2,0,14
AAS10886T0,C-05-02-L1,C,5,1,0,586
AAS10887T0,J-03-01-L0,J,3,0,0,18
AAS10888T0,I-02-01-L4,I,2,4,1,76
AAS10891T0,H-11-01-L3,H,11,3,1,81
AAS10894T0,A-11-03-L0,A,11,0,0,0
AAS10895T0R14,E-07-01-L7,E,7,7,1,2
AAS10896T0R07,H-04-01-L5,H,4,5,1,14
AAS10896T0R14,E-07-02-L7,E,7,7,1,2
AAS10897T0,J-05-03-L7,J,5,7,1,16
AAS10898T0,J-04-01-L0,J,4,0,0,16
AAS10905T0,U-08-03-L4,U,8,4,1,33
AAS10907T0,A-03-02-L5,A,3,5,1,26
AAS10908T0,A-03-03-L5,A,3,5,1,26
AAS10909T0,F-08-03-L4,F,8,4,1,52
AAS10910T0,E-07-03-L7,E,7,7,1,2
AAS10913T0,C-08-01-L7,C,8,7,1,4
AAS10915T0,H-02-03-L2,H,2,2,0,22
AAS10916T0,H-02-01-L5,H,2,5,1,22
AAS10921T0,C-06-02-L4,C,6,4,1,45
AAS10923T0,C-03-03-L0,C,3,0,0,987
AAS10924T0,C-08-01-L1,C,8,1,0,343
AAS10944T0,A-12-01-L0,A,12,0,0,0
AAS10945T0,A-12-02-L0,A,12,0,0,0
AAS30032TA,E-07-01-L8,E,7,8,1,2
AAS30095TA,B-02-02-L4,B,2,4,1,0
AAS30113TA,E-07-02-L8,E,7,8,1,2
AAS30113TASN,J-03-02-L0,J,3,0,0,13
AAS30113TB,E-07-03-L8,E,7,8,1,2
AAS30113TBSN,J-03-03-L0,J,3,0,0,13
AAS30113TC,H-11-01-L0,H,11,0,0,2
AAS30113TCSN,J-03-01-L1,J,3,1,0,13
AAS30114TA,H-11-02-L0,H,11,0,0,2
AAS30114TASN,J-03-02-L1,J,3,1,0,13
AAS30114TB,H-11-03-L0,H,11,0,0,2
AAS30114TBSN,J-03-03-L1,J,3,1,0,13
AAS30114TC,H-11-01-L1,H,11,1,0,2
AAS30114TCSN,J-03-01-L2,J,3,2,0,13
AAS40372T0,H-11-02-L1,H,11,1,0,6
AAS40373T0,G-05-03-L8,G,5,8,1,18
AAS40374T0,H-11-03-L1,H,11,1,0,6
AAS40397T0,H-04-02-L5,H,4,5,1,10
AAS40399T0,C-08-02-L7,C,8,7,1,5
AAS40400T0,A-06-01-L7,A,6,7,1,1
AAS40621TB,C-03-03-L2,C,3,2,0,0
AAS40621TR,F-11-01-L0,F,11,0,0,0
AAS40621TXG,H-11-01-L2,H,11,2,0,2
AAS40621TZ,A-07-01-L2,A,7,2,0,0
AAS40629T0,H-11-02-L2,H,11,2,0,3
AAS40630T0,A-10-03-L3,A,10,3,1,124
AAS40647T0,H-11-03-L2,H,11,2,0,6
AAS40647T0SN,H-11-01-L5,H,11,5,1,3
AAS40651T0SN,B-02-02-L1,B,2,1,0,309
AAS40652T0,G-04-01-L2,G,4,2,0,175
AAS40653T0SN,F-08-02-L2,F,8,2,0,99
AAS40654T0,J-02-03-L1,J,2,1,0,25
AAS40654T0SN,F-08-03-L2,F,8,2,0,99
AAS40655T0,H-11-02-L5,H,11,5,1,5
AAS40656T0SN,G-09-03-L2,G,9,2,0,100
AAS40896TA,A-06-02-L7,A,6,7,1,0
AAS41086T0,G-02-03-L1,G,2,1,0,0
AAS41213T0,H-11-03-L5,H,11,5,1,3
AAS41214TB,H-11-01-L6,H,11,6,1,3
AAS41277TB,H-09-03-L0,H,9,0,0,3
AAS41481TA,G-07-02-L2,G,7,2,0,166
AAS41481TB,A-02-02-L2,A,2,2,0,163
AAS41481TC,B-04-01-L5,B,4,5,1,36
AAS41482T0,A-02-03-L2,A,2,2,0,166
AAS41483TA,B-04-02-L5,B,4,5,1,36
AAS41483TB,H-03-03-L2,H,3,2,0,18
AAS41484T0,E-06-01-L2,E,6,2,0,166
AAS41485T0,E-06-02-L2,E,6,2,0,166
AAS41510T0,H-03-01-L5,H,3,5,1,18
AAS41512T0,D-07-02-L2,D,7,2,0,152
AAS41517TC,G-12-01-L1,G,12,1,0,306
AAS41518TA,D-07-03-L2,D,7,2,0,148
AAS41518TB,G-11-01-L2,G,11,2,0,150
AAS41518TC,G-11-02-L2,G,11,2,0,149
AAS41583T0,G-12-02-L1,G,12,1,0,298
AAS41584T0,G-10-01-L2,G,10,2,0,148
AAS41585T0,G-11-03-L2,G,11,2,0,145
AAS41586T0,F-10-01-L2,F,10,2,0,145
AAS41588T0,C-01-01-L1,C,1,1,0,453
AAS41589TA,E-11-02-L0,E,11,0,0,632
AAS41589TB,E-11-03-L0,E,11,0,0,632
AAS41592T0,F-10-02-L2,F,10,2,0,149
AAS41625T0,F-10-03-L2,F,10,2,0,159
AAS41626T0,E-07-01-L5,E,7,5,1,38
AAS41642T0,G-04-03-L7,G,4,7,1,8
AAS41643T0,G-04-01-L8,G,4,8,1,8
AAS41724T0,E-06-03-L2,E,6,2,0,166
AAS41725T0,H-11-02-L6,H,11,6,1,18
AAS41727TA,C-02-02-L2,C,2,2,0,198
AAS41727TB,C-02-03-L2,C,2,2,0,197
AAS41760T0,H-11-03-L6,H,11,6,1,0
AAS41761T0,H-11-01-L7,H,11,7,1,2
AAS41907T0,E-07-03-L1,E,7,1,0,186
AAS42036T0,E-03-01-L6,E,3,6,1,6
AAS42164T0,A-07-01-L4,A,7,4,1,59
AAS42165TASN,I-02-02-L4,I,2,4,1,118
AAS42165TBSN,A-07-02-L4,A,7,4,1,59
AAS42165TCSN,A-07-03-L4,A,7,4,1,59
AAS42165TDSN,U-04-01-L4,U,4,4,1,59
AAS42295T0,F-01-02-L2,F,1,2,0,0
AAS42296T0,F-01-03-L2,F,1,2,0,0
AAS42297T0,H-03-02-L5,H,3,5,1,0
AAS42357T0,B-07-02-L1,B,7,1,0,0
AAS42359T0,E-02-02-L2,E,2,2,0,0
AAS42362T0,E-01-03-L6,E,1,6,1,0
AAS42370T0,H-03-03-L5,H,3,5,1,18
AAS42371T0,J-14-02-L4,J,14,4,1,54
AAS42376T0,A-06-03-L7,A,6,7,1,1
AAS42385T0,C-11-01-L2,C,11,2,0,220
AAS49802T0,E-05-02-L1,E,5,1,0,311
AAS49804T0,D-07-01-L3,D,7,3,1,115
AAS49831T0,I-03-03-L2,I,3,2,0,461
AAS49847T0,A-06-01-L8,A,6,8,1,2
AAS49901T0,D-09-02-L1,D,9,1,0,471
AAS49961T0,C-06-03-L4,C,6,4,1,61
AAS49963T0,D-02-01-L0,D,2,0,0,0
AAV14221,A-06-02-L8,A,6,8,1,0
AAV17870,A-06-03-L8,A,6,8,1,43
AAV17874,U-03-01-L0,U,3,0,0,40
AAV23775,G-01-03-L3,G,1,3,1,0
AAV24160,E-12-01-L1,E,12,1,0,0
AAV24161,C-07-01-L4,C,7,4,1,0
AAV24162,G-05-02-L4,G,5,4,1,0
AAV24163,U-09-01-L3,U,9,3,1,0
AAV33176,F-02-03-L1,F,2,1,0,0
AAV33177,G-03-01-L1,G,3,1,0,0
AAV36546R12,E-03-02-L6,E,3,6,1,8
AAV36546S07,E-01-01-L7,E,1,7,1,22
AAV36551R12,G-04-02-L8,G,4,8,1,8
AAV36551R14,C-07-02-L5,C,7,5,1,22
AAV36551S07,G-04-03-L8,G,4,8,1,17
AAV41876,A-12-02-L2,A,12,2,0,0
AAV41876S07,C-08-03-L7,C,8,7,1,0
AAV41878,B-06-01-L8,B,6,8,1,0
AAV41885,E-01-02-L7,E,1,7,1,0
AAV42403,H-01-01-L4,H,1,4,1,0
AAV42412,C-06-03-L2,C,6,2,0,0
AAV43538,C-01-03-L1,C,1,1,0,438
AAV43632,H-11-02-L3,H,11,3,1,117
AAV43635,G-08-01-L4,G,8,4,1,47
AAV49636,I-02-01-L1,I,2,1,0,616
AAV50992,D-07-02-L3,D,7,3,1,0
AAV52067,E-01-01-L1,E,1,1,0,0
AAV55545,G-06-01-L1,G,6,1,0,453
AAV55917,D-05-01-L2,D,5,2,0,0
AAV55931,H-08-02-L4,H,8,4,1,43
AAV60690,B-03-01-L3,B,3,3,1,338
AAV60877,U-03-02-L0,U,3,0,0,17
AAV61012,A-07-03-L0,A,7,0,0,0
AAV64158,G-12-02-L0,G,12,0,0,0
AAV80194,B-06-02-L8,B,6,8,1,6
AAV80205,B-06-03-L8,B,6,8,1,6
AAV82271,E-03-03-L6,E,3,6,1,6
AAV86003,I-06-01-L5,I,6,5,1,7
AAV88178,B-09-01-L0,B,9,0,0,0
AAV91761,J-02-01-L3,J,2,3,1,0
ABL6TS06U,A-07-02-L2,A,7,2,0,39
ABL6TS16U,H-04-03-L5,H,4,5,1,11
ACTPC6ASFLS30WE,C-08-01-L8,C,8,8,1,320
AEMOE05B25B2115E2,H-09-01-L1,H,9,1,0,3
AEMOK05B55E511,H-06-03-L4,H,6,4,1,45
AEMON05B55B511000M,H-09-02-L1,H,9,1,0,3
AEMOO05E800011,E-03-01-L7,E,3,7,1,6
AEMOQ05B85F811000M,H-09-03-L1,H,9,1,0,3
AEMOS05B55B5215E5,H-09-01-L2,H,9,2,0,3
AEMSO05B55E521,E-03-02-L7,E,3,7,1,6
AEMST05B55E521,H-09-02-L2,H,9,2,0,3
AGDOLAP28188,D-11-01-L5,D,11,5,1,0
AGDOLAP28190,H-03-01-L6,H,3,6,1,0
AGDOLAP28195,C-08-02-L8,C,8,8,1,0
AGDOLAP28196,F-04-03-L5,F,4,5,1,0
AGDOLAP28199,U-03-01-L1,U,3,1,0,0
AGDOLAP28596,B-07-01-L6,B,7,6,1,0
AGDOLAP28802,H-09-01-L3,H,9,3,1,0
AGDOLAP28804,H-01-02-L4,H,1,4,1,0
AGS490502-01,F-02-01-L4,F,2,4,1,3
AGSC72891-04,I-10-01-L4,I,10,4,1,0
AGSC72922-01,E-07-02-L5,E,7,5,1,0
AGSC72974-22,E-07-03-L5,E,7,5,1,0
AGSC72974-23,D-06-01-L5,D,6,5,1,0
AGSC72974-24,D-06-02-L5,D,6,5,1,0
AGSC73386-01,I-10-02-L4,I,10,4,1,0
AGSC73451-01,D-06-03-L5,D,6,5,1,0
AGSC73716-01,F-09-01-L5,F,9,5,1,0
AGSC73717-01,F-09-02-L5,F,9,5,1,0
AGSC73726-03,F-09-03-L5,F,9,5,1,0
AGSC73726-04,G-10-01-L5,G,10,5,1,0
AGSC73761-02,G-10-02-L5,G,10,5,1,0
AGSC73761-05,E-03-03-L7,E,3,7,1,0
AGSC74270-10,E-01-03-L7,E,1,7,1,5
AGSC74272-01,G-10-03-L5,G,10,5,1,0
AGSC74448-01,H-03-02-L6,H,3,6,1,11
AGSC74448-02,H-03-03-L6,H,3,6,1,11
AGSH31601-01,H-09-03-L2,H,9,2,0,5
AGSH35446-01,H-09-01-L5,H,9,5,1,1
AGSI03560-01,F-02-02-L4,F,2,4,1,0
AHMOF05B85F811,E-03-01-L8,E,3,8,1,6
AMB00194,C-09-03-L3,C,9,3,1,1342
AMB00204,E-02-03-L2,E,2,2,0,0
AMB00374,U-04-02-L4,U,4,4,1,0
AMB00447,F-08-01-L0,F,8,0,0,0
AMB00448,A-06-01-L0,A,6,0,0,0
AMB00456,C-05-02-L2,C,5,2,0,0
AMB00512,G-04-02-L2,G,4,2,0,229
AMB00513,A-02-01-L3,A,2,3,1,0
AMB00525,H-05-02-L4,H,5,4,1,148
AMB00577,H-08-03-L4,H,8,4,1,1
AMB00578,H-03-01-L7,H,3,7,1,0
AMB00628,G-05-01-L2,G,5,2,0,0
AMB00754,U-03-02-L1,U,3,1,0,1
AMB00755,U-03-01-L2,U,3,2,0,0
AMPERMETRE169,U-03-02-L2,U,3,2,0,0
AMPERMETRE617,E-03-02-L8,E,3,8,1,6
AMT000155-02,F-02-03-L4,F,2,4,1,0
AMT000195-01,A-04-01-L5,A,4,5,1,0
AMT000926-01,E-12-01-L5,E,12,5,1,0
AMT000936-01,I-10-03-L4,I,10,4,1,0
AMT002863-01,E-09-03-L1,E,9,1,0,0
AMT002883-01,D-08-01-L1,D,8,1,0,0
AMT003166-05,E-03-03-L8,E,3,8,1,0
AMT204220-01,E-01-01-L8,E,1,8,1,12
AMTH04261-01,E-01-02-L8,E,1,8,1,16
AMTH06656-01,I-07-01-L5,I,7,5,1,0
BBV14869,B-10-03-L3,B,10,3,1,0
BBV15648,U-03-01-L5,U,3,5,1,6
BBV17284,I-06-02-L5,I,6,5,1,13
BBV19284,H-11-02-L7,H,11,7,1,2
BBV19285,U-03-02-L5,U,3,5,1,1
BBV19286,H-09-02-L5,H,9,5,1,3
BBV19287,C-08-03-L8,C,8,8,1,4
BBV19288,H-11-03-L7,H,11,7,1,2
BBV19290,I-07-02-L5,I,7,5,1,6
BBV19619,U-03-01-L6,U,3,6,1,6
BBV22062,B-11-01-L3,B,11,3,1,0
BBV22837,H-01-02-L3,H,1,3,1,0
BBV24192,G-03-01-L3,G,3,3,1,0
BBV24940,C-05-02-L3,C,5,3,1,0
BBV25627,D-06-01-L6,D,6,6,1,6
BBV27828,B-11-02-L3,B,11,3,1,0
BBV27844,H-03-02-L7,H,3,7,1,14
BBV31367,G-04-02-L3,G,4,3,1,0
BBV31368,G-04-03-L3,G,4,3,1,0
BBV31369,E-02-03-L3,E,2,3,1,0
BBV31551,B-07-02-L6,B,7,6,1,7
BBV31555,B-07-03-L6,B,7,6,1,7
BBV34228,B-07-01-L7,B,7,7,1,7
BBV34230,B-07-02-L7,B,7,7,1,7
BBV34232,B-04-03-L5,B,4,5,1,28
BBV34233,B-07-03-L7,B,7,7,1,7
BBV34236,B-07-01-L8,B,7,8,1,7
BBV34241,B-07-02-L8,B,7,8,1,7
BBV34246,B-07-03-L8,B,7,8,1,7
BBV34247,B-08-01-L6,B,8,6,1,7
BBV34650,B-10-02-L3,B,10,3,1,0
BBV34679,H-02-02-L3,H,2,3,1,0
BBV37577,B-08-02-L6,B,8,6,1,7
BBV40299,H-02-02-L5,H,2,5,1,6
BBV40669,B-08-03-L6,B,8,6,1,7
BBV40670,B-08-01-L7,B,8,7,1,7
BBV40671,B-08-02-L7,B,8,7,1,7
BBV40678,D-06-02-L6,D,6,6,1,2
BBV40679,D-06-03-L6,D,6,6,1,2
BBV40691,I-07-01-L6,I,7,6,1,6
BBV40784,C-02-01-L3,C,2,3,1,2
BBV41038,H-09-03-L5,H,9,5,1,5
BBV41047,B-05-01-L5,B,5,5,1,28
BBV41049,B-08-03-L7,B,8,7,1,7
BBV41228,B-08-01-L8,B,8,8,1,7
BBV41440,H-03-03-L7,H,3,7,1,14
BBV41443,H-09-01-L6,H,9,6,1,5
BBV41956,H-04-01-L6,H,4,6,1,9
BBV44337,H-09-02-L6,H,9,6,1,5
BBV44643,D-06-01-L7,D,6,7,1,2
BBV44645,H-09-03-L6,H,9,6,1,5
BBV44646,H-09-01-L7,H,9,7,1,5
BBV44647,H-09-02-L7,H,9,7,1,5
BBV44648,H-09-03-L7,H,9,7,1,5
BBV45114,B-08-03-L3,B,8,3,1,0
BBV45462,G-04-02-L0,G,4,0,0,0
BBV46299,C-06-01-L0,C,6,0,0,0
BBV48821,C-02-02-L3,C,2,3,1,0
BBV49196,C-01-01-L3,C,1,3,1,0
BBV49257,F-07-01-L1,F,7,1,0,352
BBV49262,F-07-02-L1,F,7,1,0,352
BBV55406,H-04-01-L3,H,4,3,1,0
BBV57728,B-10-01-L3,B,10,3,1,0
BBV59583,B-08-02-L8,B,8,8,1,7
BBV59723,B-08-03-L8,B,8,8,1,7
BBV60758,D-08-02-L1,D,8,1,0,0
BBV61183,H-01-03-L3,H,1,3,1,0
BF4-24VDC,I-10-03-L3,I,10,3,1,0
BF4-48VDC,U-14-01-L4,U,14,4,1,0
BLRCH104A125B48,I-07-02-L6,I,7,6,1,0
BQT38304,I-07-01-L7,I,7,7,1,0
BQT38955,A-12-03-L0,A,12,0,0,2
BQT41857,I-07-02-L7,I,7,7,1,0
BRU58791,D-04-01-L6,D,4,6,1,0
BRU58794,D-04-02-L6,D,4,6,1,0
BRU63807,D-04-03-L6,D,4,6,1,0
BRU66032,U-03-02-L6,U,3,6,1,0
BRU71170,E-10-01-L6,E,10,6,1,0
BRU71262,D-04-01-L7,D,4,7,1,0
BRU82376,B-02-03-L4,B,2,4,1,192
BRU87488,D-04-02-L7,D,4,7,1,0
BW467,G-05-01-L5,G,5,5,1,12
C1034V100,E-05-03-L5,E,5,5,1,0
C1036E040,J-04-02-L0,J,4,0,0,0
C1036E100,U-02-01-L4,U,2,4,1,0
C103TM016,J-04-01-L1,J,4,1,0,0
C1042D100,A-04-02-L5,A,4,5,1,0
C104TM016,E-10-02-L6,E,10,6,1,0
C104TM050,D-06-02-L7,D,6,7,1,0
C104TM063,D-06-03-L7,D,6,7,1,0
C104TM100,B-09-01-L6,B,9,6,1,0
C10S4,H-02-03-L5,H,2,5,1,0
C163TM160,C-09-01-L6,C,9,6,1,20
C16S3,C-09-02-L6,C,9,6,1,3
C253TM250,B-09-02-L6,B,9,6,1,0
C254TM250,D-04-03-L7,D,4,7,1,0
C25S3,D-04-01-L8,D,4,8,1,0
C25S4,C-09-03-L6,C,9,6,1,0
C32WA5970E,F-01-01-L6,F,1,6,1,10
C4042D400,I-06-01-L6,I,6,6,1,0
C40S4,I-06-02-L6,I,6,6,1,0
C6332D630,C-09-01-L7,C,9,7,1,0
C63S4,E-10-03-L6,E,10,6,1,0
CESU-001,J-02-01-L2,J,2,2,0,16
CESU-002,J-02-02-L2,J,2,2,0,16
CF36/10,J-07-01-L4,J,7,4,1,48
CF36/2.5,E-10-02-L0,E,10,0,0,369
CF36/50,D-04-02-L8,D,4,8,1,0
CF36/6.3,A-05-01-L2,A,5,2,0,99
CSTP25-20-200,G-09-01-L4,G,9,4,1,40
CUS-Y2540113-SEG,E-10-01-L7,E,10,7,1,0
CUS-Y2540513-SYC,E-10-02-L7,E,10,7,1,0
DISI_SOKET10,E-10-03-L7,E,10,7,1,1
DRC007897-01,E-01-03-L8,E,1,8,1,0
E142317B2M0B98L,E-10-01-L8,E,10,8,1,8
E44231FB4M0E38M,E-10-02-L8,E,10,8,1,0
E74632QHBM0C88M,E-10-03-L8,E,10,8,1,0
EAV14115,C-09-02-L7,C,9,7,1,8
EAV14460,H-07-01-L0,H,7,0,0,6
EAV14610,H-04-02-L6,H,4,6,1,11
EAV15118,I-06-01-L7,I,6,7,1,0
EAV18146,F-01-02-L6,F,1,6,1,14
EAV19212,F-01-03-L6,F,1,6,1,14
EAV19224,F-01-01-L7,F,1,7,1,14
EAV25748,F-06-01-L0,F,6,0,0,228
EAV25749,C-05-01-L3,C,5,3,1,454
EAV28981,H-05-01-L0,H,5,0,0,6
EAV43345,D-04-01-L0,D,4,0,0,163
EAV45262,E-06-02-L1,E,6,1,0,0
EAV45626R14,J-15-01-L4,J,15,4,1,36
EAV53363,D-04-03-L8,D,4,8,1,3
EAV53378,I-09-01-L5,I,9,5,1,0
EAV53379,I-09-02-L5,I,9,5,1,0
EAV53383,H-07-02-L0,H,7,0,0,6
EAV55085,H-04-03-L6,H,4,6,1,9
EAV57108,E-12-02-L5,E,12,5,1,21
EAV61396,C-11-02-L0,C,11,0,0,289
EAV62986,E-11-01-L4,E,11,4,1,43
EAV63071,E-11-02-L4,E,11,4,1,42
EAV64872,I-09-01-L6,I,9,6,1,3
EAV64873,I-09-02-L6,I,9,6,1,3
EAV66405R12,J-05-03-L4,J,5,4,1,64
EAV66405S07,C-07-02-L4,C,7,4,1,140
EAV66649R12,D-09-01-L6,D,9,6,1,1
EAV66649R14,A-02-02-L4,A,2,4,1,51
EAV66650R12,I-06-02-L7,I,6,7,1,11
EAV66650R14,U-14-02-L4,U,14,4,1,38
EAV66653R14,D-06-01-L8,D,6,8,1,2
EAV66654R12,H-07-03-L0,H,7,0,0,7
EAV66654S07,H-05-02-L0,H,5,0,0,27
EAV66656R12,E-02-01-L6,E,2,6,1,8
EAV66656R14,C-07-03-L5,C,7,5,1,29
EAV70647-018R10,D-09-02-L6,D,9,6,1,0
EAV70647-042R10,H-05-03-L0,H,5,0,0,0
EAV70647R10,B-06-02-L4,B,6,4,1,0
EAV71015,E-02-02-L6,E,2,6,1,0
EAV75985,F-04-02-L3,F,4,3,1,0
EAV81627,J-03-02-L2,J,3,2,0,0
EAV84107,H-05-01-L1,H,5,1,0,6
EAV84745,C-09-03-L7,C,9,7,1,6
EAV84813,F-04-01-L3,F,4,3,1,0
EAV84822,H-06-01-L3,H,6,3,1,0
EAV86412,B-09-03-L6,B,9,6,1,7
EAV92430,E-02-03-L6,E,2,6,1,1
EAV92988,D-01-01-L2,D,1,2,0,343
EAV93562,D-01-02-L2,D,1,2,0,344
EAV93856,C-09-01-L8,C,9,8,1,6
EIBAD0443-01,G-09-02-L4,G,9,4,1,0
EIBAD1038-02,A-04-03-L5,A,4,5,1,0
EIBAD1110-01,E-08-01-L5,E,8,5,1,0
EIBAD1114-02,E-08-02-L5,E,8,5,1,0
EIBAD1180-01,J-07-02-L4,J,7,4,1,0
EIBAD1183-02,H-07-01-L1,H,7,1,0,0
EIBAD1183-03,H-07-02-L1,H,7,1,0,0
EIBAE1018-01,E-08-03-L5,E,8,5,1,0
EIBAE1025-02R27,D-06-02-L8,D,6,8,1,0
EIBAE1036-02R27,D-06-03-L8,D,6,8,1,0
EIBAE1075-02,D-07-01-L5,D,7,5,1,0
EIBAE1076-01,C-09-02-L8,C,9,8,1,0
EIBAE1098-01,D-07-02-L5,D,7,5,1,0
EIBAE1115-02,G-05-02-L5,G,5,5,1,0
EIBAE1119-01,E-12-03-L5,E,12,5,1,0
EIBAE1119-02,D-07-03-L5,D,7,5,1,0
EIBAE1148-01,B-09-01-L7,B,9,7,1,6
EMS58582,D-09-03-L6,D,9,6,1,2
ESY0068F0,E-08-02-L0,E,8,0,0,760
ESY0178F0,G-11-01-L5,G,11,5,1,16
ESY0179F0,U-02-02-L3,U,2,3,1,64
EXE172512A0S,J-07-03-L4,J,7,4,1,0
EXE173112A0S,C-05-03-L2,C,5,2,0,27
EXE173112B0S,J-04-02-L1,J,4,1,0,0
EXE173125C0S,D-07-03-L4,D,7,4,1,0
EXE173125C1B,I-09-01-L7,I,9,7,1,0
EXE51223044F0SC,F-09-03-L0,F,9,0,0,0
EXECOTO,F-09-01-L6,F,9,6,1,0
EXEEDSHT12A2A,D-09-01-L7,D,9,7,1,0
EXEPLWD,G-07-01-L1,G,7,1,0,0
EXEPLWS,A-07-03-L1,A,7,1,0,0
EXETRKAA,E-03-01-L2,E,3,2,0,0
EXETRKAAP,D-09-02-L7,D,9,7,1,0
EXETRKBA,J-03-03-L2,J,3,2,0,0
EXETRKCA,G-09-03-L4,G,9,4,1,0
FIBERCAB072,B-09-02-L7,B,9,7,1,4
FIBERCAB079,H-04-01-L7,H,4,7,1,50
FIBERCAB083,G-11-01-L4,G,11,4,1,129
FIBERCAB085,H-02-01-L6,H,2,6,1,337
FIXED_CART,B-05-02-L5,B,5,5,1,37
FUSE6.3,B-09-03-L7,B,9,7,1,0
GDE14563,D-09-03-L7,D,9,7,1,36
GDE31924,J-13-01-L4,J,13,4,1,40
GDE33134,A-10-01-L4,A,10,4,1,40
GDE55471,C-09-03-L8,C,9,8,1,0
GDE64866,F-09-02-L6,F,9,6,1,31
GDE65821,F-09-03-L6,F,9,6,1,63
GDE66765,B-09-01-L8,B,9,8,1,67
GDE68041,B-05-03-L5,B,5,5,1,90
GDE76221,F-09-01-L7,F,9,7,1,4
GDE80040,D-09-01-L8,D,9,8,1,40
GDE80046,D-09-02-L8,D,9,8,1,36
GDE88004,G-03-01-L4,G,3,4,1,0
GDE88039,B-09-02-L8,B,9,8,1,5
GDE88041,H-07-03-L1,H,7,1,0,5
GDE88912,F-01-02-L7,F,1,7,1,132
GDE96320,D-09-03-L8,D,9,8,1,24
GEX16549-05,F-09-02-L7,F,9,7,1,0
GEX16797,H-07-01-L2,H,7,2,0,0
GEX16802,H-07-02-L2,H,7,2,0,0
GEX27771,G-11-02-L5,G,11,5,1,0
GEX27787,G-11-03-L5,G,11,5,1,0
GEX37214,D-07-02-L1,D,7,1,0,0
GEX37215,I-08-01-L1,I,8,1,0,45
GEX37216,F-02-03-L5,F,2,5,1,0
GEX40253,B-09-03-L8,B,9,8,1,0
GEX41549R07,G-01-01-L5,G,1,5,1,38
GEX41549R14,J-02-03-L2,J,2,2,0,14
GEX41877,H-11-03-L3,H,11,3,1,81
GEX61578,E-12-03-L3,E,12,3,1,0
GEX61581,D-09-03-L1,D,9,1,0,0
GEX62583,J-03-01-L5,J,3,5,1,18
GEX62985,F-09-03-L7,F,9,7,1,6
GEX69885R14,F-12-01-L6,F,12,6,1,1
GEX70294R14,F-12-02-L6,F,12,6,1,1
GEX70801R14,F-12-03-L6,F,12,6,1,1
GEX77045,H-02-02-L6,H,2,6,1,17
GEX77196,F-12-01-L7,F,12,7,1,2
GEX77198,H-02-03-L6,H,2,6,1,16
GEX77200,F-12-02-L7,F,12,7,1,1
GEX77202R07,J-02-01-L5,J,2,5,1,22
GEX77202R14,H-02-01-L7,H,2,7,1,12
GEX77203,B-03-01-L4,B,3,4,1,50
GEX77205,J-04-01-L2,J,4,2,0,13
GEX77206R07,H-04-02-L7,H,4,7,1,14
GEX77206R14,F-12-03-L7,F,12,7,1,1
GEX77207R14,F-12-01-L8,F,12,8,1,1
GEX77208R07,H-04-03-L7,H,4,7,1,13
GEX77208R14,F-12-02-L8,F,12,8,1,1
GEX77209R14,F-12-03-L8,F,12,8,1,1
GEX82623,A-12-01-L1,A,12,1,0,190
GEX83019,G-12-02-L2,G,12,2,0,125
GEX83373,J-03-02-L5,J,3,5,1,17
GEX83374,J-04-02-L2,J,4,2,0,16
GEX83381,J-04-01-L5,J,4,5,1,17
GEX83383,J-03-03-L5,J,3,5,1,19
GEX87189,J-04-02-L5,J,4,5,1,13
GEX87323,U-02-02-L4,U,2,4,1,40
GEX87337,A-10-02-L4,A,10,4,1,33
GEX94427,F-09-01-L8,F,9,8,1,4
GEX99641,C-07-03-L4,C,7,4,1,45
GNL00012,A-07-01-L6,A,7,6,1,0
GNL00022,B-06-01-L5,B,6,5,1,0
GNL00071,B-05-01-L0,B,5,0,0,0
GNL00193,F-10-01-L5,F,10,5,1,0
GNL00222,F-09-02-L8,F,9,8,1,0
GNL00233,J-15-02-L4,J,15,4,1,0
GNL00234,B-06-02-L5,B,6,5,1,0
GNL00235,F-01-03-L7,F,1,7,1,0
GNL00244,F-07-01-L2,F,7,2,0,0
GNL00280,F-01-01-L8,F,1,8,1,0
GNL00478,A-07-03-L2,A,7,2,0,0
GNL00496,A-07-02-L6,A,7,6,1,0
GNL00499,F-09-03-L8,F,9,8,1,0
GNL00659,C-04-02-L0,C,4,0,0,0
GNL00661,C-09-02-L0,C,9,0,0,0
GNL00770,C-08-01-L5,C,8,5,1,0
GNL00811,C-08-02-L3,C,8,3,1,0
GNL00813,A-08-01-L4,A,8,4,1,0
GNL00818,F-04-01-L0,F,4,0,0,0
GNL00819,B-06-02-L0,B,6,0,0,0
GNL00851,F-10-01-L0,F,10,0,0,0
GNL00856,F-01-02-L0,F,1,0,0,0
GNL00857,H-04-02-L3,H,4,3,1,0
GNL00858,I-01-01-L3,I,1,3,1,0
GNL00862,J-02-02-L5,J,2,5,1,0
GNL00917,C-08-03-L3,C,8,3,1,0
GNL00940,F-01-02-L8,F,1,8,1,0
GNL00941,G-03-01-L5,G,3,5,1,0
GNL00948,C-02-03-L4,C,2,4,1,0
GNL00996,A-08-02-L4,A,8,4,1,0
GNL00999,F-01-03-L0,F,1,0,0,0
GS2AH535,A-07-03-L6,A,7,6,1,0
GV1L3,A-02-03-L1,A,2,1,0,6
GV2APN01,F-07-03-L1,F,7,1,0,0
GV2P10,H-07-03-L2,H,7,2,0,2
GV4APN01,J-02-03-L5,J,2,5,1,0
GV4LE80S,J-04-01-L6,J,4,6,1,0
HE-12-IF,D-04-01-L5,D,4,5,1,0
HE-33,I-09-02-L7,I,9,7,1,6
HE-S-36,D-07-03-L3,D,7,3,1,0
HK46G113P120V,A-07-01-L7,A,7,7,1,0
HK46G113S-220VAC,B-10-01-L6,B,10,6,1,0
HRB15288,B-03-03-L3,B,3,3,1,0
HRB19905,A-05-01-L1,A,5,1,0,0
HRB25227,A-10-03-L4,A,10,4,1,104
HRB32870,A-07-01-L1,A,7,1,0,0
HRB33614,C-10-01-L6,C,10,6,1,11
HRB35358,B-10-01-L4,B,10,4,1,0
HRB35359,B-06-03-L4,B,6,4,1,5
HRB35360,F-01-03-L4,F,1,4,1,0
HRB35370,G-01-02-L2,G,1,2,0,0
HRB35380,G-05-03-L5,G,5,5,1,0
HRB37035,E-01-02-L0,E,1,0,0,0
HRB37769,J-08-01-L4,J,8,4,1,0
HRB38367,J-08-02-L4,J,8,4,1,0
HRB38368,J-08-03-L4,J,8,4,1,0
HRB51653,J-06-01-L4,J,6,4,1,2
HRB51667,B-10-02-L6,B,10,6,1,7
HRB51883,F-03-01-L2,F,3,2,0,0
HRB52844,G-04-01-L4,G,4,4,1,0
HRB53713,G-03-02-L5,G,3,5,1,14
HRB55925,G-04-02-L4,G,4,4,1,0
HRB57391,G-04-03-L4,G,4,4,1,0
HRB57440,I-06-01-L4,I,6,4,1,0
HRB60034,I-06-02-L4,I,6,4,1,0
HRB6336400,J-02-01-L6,J,2,6,1,18
HRB64624,B-10-03-L6,B,10,6,1,67
HRB64626,B-10-01-L7,B,10,7,1,67
HRB64828,G-10-01-L6,G,10,6,1,63
HRB64830,G-10-02-L6,G,10,6,1,63
HRB65944,A-09-01-L2,A,9,2,0,142
HRB80976,B-06-03-L5,B,6,5,1,28
HRB81078,B-02-01-L1,B,2,1,0,558
HUA15560,C-02-03-L0,C,2,0,0,0
HUA23187,H-08-03-L5,H,8,5,1,0
HUA23189,B-06-01-L3,B,6,3,1,0
HUA39662,H-07-01-L5,H,7,5,1,0
HVX0F362512T,C-07-01-L2,C,7,2,0,13
HVX0F363112T,E-05-01-L0,E,5,0,0,0
HVX0HNDL0001,J-06-02-L4,J,6,4,1,101
HVX0MCH125DC,B-07-01-L5,B,7,5,1,1
JLJ3932708,E-02-01-L7,E,2,7,1,7
JLJ3932709,H-07-02-L5,H,7,5,1,8
JLJ3932819S07,F-07-01-L6,F,7,6,1,4
JLJ3932855S07,H-07-03-L5,H,7,5,1,6
JLJ3932969,A-07-02-L7,A,7,7,1,1
JLJ3932970,A-07-03-L7,A,7,7,1,1
JLJ3932971,G-10-03-L6,G,10,6,1,2
JLJ3932972,A-07-01-L8,A,7,8,1,1
JLJ3933198S07,H-07-01-L6,H,7,6,1,8
JLJ3935916,H-07-02-L6,H,7,6,1,6
JLJ3936055,F-07-02-L6,F,7,6,1,3
JLJ3936143,F-07-03-L6,F,7,6,1,3
JLJ3936584,F-07-01-L7,F,7,7,1,3
JPS80174,U-12-02-L3,U,12,3,1,0
JYT11061,G-10-01-L7,G,10,7,1,14
JYT17272,F-07-02-L7,F,7,7,1,0
JYT18398,F-10-02-L5,F,10,5,1,0
JYT21669,J-13-02-L4,J,13,4,1,0
JYT30348,A-07-02-L8,A,7,8,1,1
JYT33655S07,H-07-03-L6,H,7,6,1,0
JYT35041_SETR27,G-10-02-L7,G,10,7,1,0
JYT35046,F-10-03-L5,F,10,5,1,0
JYT37347,B-03-03-L2,B,3,2,0,531
JYT37348,G-07-03-L2,G,7,2,0,364
JYT37348-K,J-03-01-L6,J,3,6,1,116
JYT37349,J-04-01-L4,J,4,4,1,182
JYT37349-K,B-10-02-L7,B,10,7,1,58
JYT37493,A-05-01-L5,A,5,5,1,0
JYT47165,A-05-02-L5,A,5,5,1,0
JYT47170,A-05-03-L5,A,5,5,1,0
JYT51423,E-06-01-L0,E,6,0,0,0
JYT70340,H-07-01-L7,H,7,7,1,0
JYT95090,B-12-02-L1,B,12,1,0,0
JYT96080,F-04-01-L1,F,4,1,0,0
JYT96081,G-12-03-L4,G,12,4,1,0
JYT96087,F-04-02-L1,F,4,1,0,0
K1I023NCH,A-07-03-L8,A,7,8,1,0
KABLOETK5,G-05-01-L3,G,5,3,1,0
KARKASCMC4417CS07,A-06-01-L3,A,6,3,1,0
KARKASDM1A81856S07,G-01-02-L1,G,1,1,0,0
KARKASDMAE48603S07,U-09-01-L4,U,9,4,1,0
KARKASQM4329CS07,U-06-01-L3,U,6,3,1,0
KL-721-616/019-044,A-09-02-L2,A,9,2,0,0
LA4DA2N,U-04-01-L0,U,4,0,0,5
LAD8N11,I-11-01-L0,I,11,0,0,0
LADN31,A-04-01-L0,A,4,0,0,0
LAG8N113,F-07-03-L7,F,7,7,1,0
LAG8N113P,F-07-01-L8,F,7,8,1,0
LC1D128M7,U-04-02-L0,U,4,0,0,3
LC1D258ED,G-10-03-L7,G,10,7,1,0
LC1D38BNE,G-03-03-L5,G,3,5,1,0
LC1D80GD,B-10-03-L7,B,10,7,1,0
LC1DT20P7,U-04-01-L1,U,4,1,0,0
LED-BP11-0030,G-09-01-L3,G,9,3,1,0
LED-EM-220VAC-GRN,H-01-03-L4,H,1,4,1,0
LED-EM-220VAC-RED,U-09-02-L3,U,9,3,1,0
LED-EM-24VDC-GRN,G-11-01-L3,G,11,3,1,0
LED-EM-24VDC-RED,F-05-02-L2,F,5,2,0,0
LED-EM-24VDC-YLW,U-04-01-L3,U,4,3,1,0
LED-EM-48VDC-GRN,G-01-02-L5,G,1,5,1,5
LED-EM-48VDC-RED,E-01-01-L5,E,1,5,1,4
LOCK-PART-010,G-10-01-L8,G,10,8,1,0
LT6CT8001,F-07-02-L8,F,7,8,1,3
LTMR08EBD,B-12-02-L2,B,12,2,0,0
LTMT9RJ401,B-10-01-L8,B,10,8,1,10
LTMTCTV100T,B-11-03-L5,B,11,5,1,17
LTMTCTV25T,C-08-02-L5,C,8,5,1,15
LTMTCTV3T,H-05-02-L1,H,5,1,0,6
LTMTCUF,C-08-01-L4,C,8,4,1,34
LTMTIN42FM,I-07-02-L4,I,7,4,1,47
LTMTMFM,D-01-01-L4,D,1,4,1,44
LU9R03,G-08-01-L1,G,8,1,0,0
LV432598T,A-09-01-L5,A,9,5,1,2
LV434220,C-03-01-L4,C,3,4,1,0
LVM02128X0,C-08-03-L5,C,8,5,1,0
LVM02708X0,F-07-03-L8,F,7,8,1,100
LVM02732X0,G-10-02-L8,G,10,8,1,73
LVM02910,E-01-02-L5,E,1,5,1,0
LVM02918,E-02-02-L7,E,2,7,1,0
LVM04654X0,U-04-02-L1,U,4,1,0,0
LVM04660X0,G-10-03-L8,G,10,8,1,0
LVM05006X0,E-02-03-L7,E,2,7,1,16
LVM05021X0,U-04-01-L2,U,4,2,0,196
LVM05047X0,U-04-02-L2,U,4,2,0,14
LVM09814,G-12-01-L5,G,12,5,1,0
LVM20001,B-02-01-L2,B,2,2,0,0
LVM20002,H-09-02-L3,H,9,3,1,0
LVM20004,I-11-02-L0,I,11,0,0,11
LVM20007,G-03-02-L0,G,3,0,0,36
LVM20011,C-06-03-L3,C,6,3,1,0
LVM20015,B-06-01-L1,B,6,1,0,1
LVM20016,E-09-01-L0,E,9,0,0,1
LVM20053XD-101R07,C-10-02-L6,C,10,6,1,0
LVM20558XF-104R14,E-06-03-L1,E,6,1,0,0
LVM20807X0R14,J-14-01-L0,J,14,0,0,133
LVM31023X0,D-05-01-L1,D,5,1,0,0
LVM31046X0,D-04-02-L5,D,4,5,1,0
LVM31125X0,C-10-01-L7,C,10,7,1,0
LVM32505X0,E-01-03-L5,E,1,5,1,0
LVM32506X0,G-05-03-L1,G,5,1,0,0
LVMZ0016X0,U-04-01-L5,U,4,5,1,2
LVMZ0181X0,G-08-01-L6,G,8,6,1,63
LVMZ0182X0,J-14-02-L0,J,14,0,0,26
LVMZ0192,U-04-02-L5,U,4,5,1,31
LVMZ0194,J-14-01-L1,J,14,1,0,70
LVMZ1133X0,U-04-01-L6,U,4,6,1,43
LVMZ1402X0,E-02-01-L8,E,2,8,1,364
LVMZ1479X0,F-03-01-L5,F,3,5,1,0
LVMZ1481X0,D-04-03-L5,D,4,5,1,0
LVMZ1487X0,I-11-03-L3,I,11,3,1,0
LVMZ1502X0,G-08-02-L6,G,8,6,1,0
LVMZ1507X0,C-10-02-L7,C,10,7,1,0
LVMZ1514X0,E-02-02-L8,E,2,8,1,0
LVMZ1518X0,E-05-03-L1,E,5,1,0,0
LVMZ1522X0,C-10-01-L8,C,10,8,1,0
MC000028,G-12-02-L5,G,12,5,1,0
MC02537T0,D-03-01-L4,D,3,4,1,54
MC02538T0,I-11-01-L4,I,11,4,1,60
MC02539T0,C-09-01-L5,C,9,5,1,30
MC02540T0,A-06-01-L4,A,6,4,1,0
MC02541T0,A-06-02-L4,A,6,4,1,0
MC02543T0,F-02-01-L6,F,2,6,1,0
MC02544T0,F-02-02-L6,F,2,6,1,0
MC02545T0,F-02-03-L6,F,2,6,1,0
MC02546T0,F-02-01-L7,F,2,7,1,0
MC02547T0,F-02-02-L7,F,2,7,1,0
MC02548T0,F-02-03-L7,F,2,7,1,0
MC02572T0,U-06-02-L3,U,6,3,1,71
MC02574T0,J-02-02-L6,J,2,6,1,21
MC02575T0,G-08-03-L6,G,8,6,1,3
MC1041,G-08-01-L7,G,8,7,1,3
MC1042,G-08-02-L7,G,8,7,1,3
MC1044,C-09-02-L5,C,9,5,1,0
MC1044-G,C-09-03-L5,C,9,5,1,18
MC1045,F-02-01-L8,F,2,8,1,0
MC1045-G,F-02-02-L8,F,2,8,1,9
MC110002,C-03-01-L1,C,3,1,0,340
MC110003,C-03-02-L1,C,3,1,0,338
MC110034,G-12-03-L5,G,12,5,1,0
MC1156,A-08-03-L3,A,8,3,1,1
MC1160,J-06-03-L4,J,6,4,1,1
MC1161,D-11-01-L3,D,11,3,1,1
MC1162,I-04-01-L4,I,4,4,1,1
MC1163,G-02-01-L4,G,2,4,1,1
MC1164,U-04-02-L6,U,4,6,1,0
MC1165,E-11-01-L6,E,11,6,1,0
MC1166,E-11-02-L6,E,11,6,1,0
MC1167,E-11-03-L6,E,11,6,1,0
MC1168,E-11-01-L7,E,11,7,1,0
MC128-K,E-03-01-L5,E,3,5,1,26
MC134-01,E-02-03-L8,E,2,8,1,12
MC136,B-07-02-L5,B,7,5,1,36
MC150048,G-08-03-L7,G,8,7,1,3
MC150050,J-03-02-L6,J,3,6,1,31
MC150051,J-02-03-L6,J,2,6,1,17
MC150052,G-08-01-L8,G,8,8,1,48
MC150055,C-10-02-L8,C,10,8,1,5
MC150056,J-14-02-L1,J,14,1,0,8
MC150107,A-07-02-L1,A,7,1,0,411
MC150126,A-02-03-L4,A,2,4,1,39
MC150169,H-07-02-L7,H,7,7,1,0
MC150170,H-07-03-L7,H,7,7,1,0
MC170009,E-09-01-L5,E,9,5,1,0
MC170010,E-09-02-L5,E,9,5,1,0
MC2007,H-06-01-L0,H,6,0,0,30
MC2008,J-02-01-L7,J,2,7,1,60
MC2009,J-04-02-L6,J,4,6,1,67
MC2010,F-03-02-L5,F,3,5,1,134
MC2011,F-01-03-L8,F,1,8,1,31
MC2012,B-07-03-L5,B,7,5,1,62
MC2013,J-14-01-L2,J,14,2,0,2
MC2036,J-14-02-L2,J,14,2,0,4
MC2037,E-11-02-L7,E,11,7,1,27
MC2038,J-14-01-L5,J,14,5,1,54
MC204,H-08-02-L3,H,8,3,1,0
MC2134,E-11-03-L7,E,11,7,1,0
MC221104,G-03-02-L4,G,3,4,1,0
MC221170,B-10-02-L8,B,10,8,1,0
MC221171,D-02-01-L6,D,2,6,1,0
MC221172,D-02-02-L6,D,2,6,1,0
MC221173,B-10-03-L8,B,10,8,1,0
MC221174,B-11-01-L6,B,11,6,1,0
MC221175,D-02-03-L6,D,2,6,1,0
MC221176,D-02-01-L7,D,2,7,1,0
MC221177,B-11-02-L6,B,11,6,1,0
MC221178,B-11-03-L6,B,11,6,1,0
MC221179,D-02-02-L7,D,2,7,1,0
MC221180,D-02-03-L7,D,2,7,1,0
MC221181,B-11-01-L7,B,11,7,1,0
MC223267,H-02-02-L7,H,2,7,1,18
MC223269,D-02-01-L8,D,2,8,1,9
MC223271,D-02-02-L8,D,2,8,1,9
MC224099,H-05-03-L1,H,5,1,0,0
MC224100,H-05-01-L2,H,5,2,0,0
MC224103,H-05-02-L2,H,5,2,0,0
MC226173,C-11-01-L6,C,11,6,1,4
MC290,E-03-02-L5,E,3,5,1,29
MC310007,F-07-01-L5,F,7,5,1,0
MC310011,U-13-01-L3,U,13,3,1,0
MC310015,C-10-01-L5,C,10,5,1,0
MC310039,G-08-02-L8,G,8,8,1,0
MC310042,B-12-01-L5,B,12,5,1,0
MC310043,F-07-02-L5,F,7,5,1,0
MC310044,U-13-02-L3,U,13,3,1,0
MC310052,C-10-02-L5,C,10,5,1,0
MC310053,C-11-01-L5,C,11,5,1,0
MC350005,F-12-01-L0,F,12,0,0,0
MC350006,F-07-03-L5,F,7,5,1,0
MC350007,A-04-01-L2,A,4,2,0,0
MC350008,A-04-02-L2,A,4,2,0,0
MC350009,C-11-02-L5,C,11,5,1,0
MC350011,D-06-03-L2,D,6,2,0,0
MC350020,G-08-01-L5,G,8,5,1,0
MC350025,C-12-01-L5,C,12,5,1,1
MC350028,U-14-01-L3,U,14,3,1,0
MC350037,F-03-03-L5,F,3,5,1,0
MC350061,A-03-01-L2,A,3,2,0,0
MC350062,A-03-02-L2,A,3,2,0,0
MC350098,G-08-02-L5,G,8,5,1,0
MC350099,G-08-03-L5,G,8,5,1,0
MC350100,E-05-01-L2,E,5,2,0,0
MC350101,E-08-03-L1,E,8,1,0,0
MC350102,C-07-02-L2,C,7,2,0,0
MC350103,F-02-01-L1,F,2,1,0,0
MC350104,C-12-02-L5,C,12,5,1,0
MC350105,E-04-01-L5,E,4,5,1,0
MC350106,U-14-02-L3,U,14,3,1,0
MC350107,I-01-01-L4,I,1,4,1,0
MC350131,J-14-02-L5,J,14,5,1,0
MC350137,D-02-03-L8,D,2,8,1,0
MC350138,D-03-01-L5,D,3,5,1,0
MC350139R12,G-07-02-L4,G,7,4,1,0
MC350140,H-06-02-L0,H,6,0,0,0
MC367,J-14-01-L6,J,14,6,1,18
MC368,J-14-02-L6,J,14,6,1,18
MC370032,C-11-02-L6,C,11,6,1,0
MC370033,H-06-03-L0,H,6,0,0,0
MC382,A-06-03-L4,A,6,4,1,110
MC410001,H-05-03-L2,H,5,2,0,14
MC410002,H-05-01-L5,H,5,5,1,14
MC418,C-03-02-L4,C,3,4,1,0
MC419,I-02-03-L4,I,2,4,1,70
MC422,B-11-02-L7,B,11,7,1,5
MC423,F-05-01-L6,F,5,6,1,9
MC450010,A-12-03-L2,A,12,2,0,98
MC450012,J-04-01-L7,J,4,7,1,27
MC450013,H-05-02-L5,H,5,5,1,14
MC450133,F-05-02-L6,F,5,6,1,24
MC470001,C-12-02-L2,C,12,2,0,189
MC470115,F-05-01-L7,F,5,7,1,9
MC470117,F-05-02-L7,F,5,7,1,9
MC5005,I-11-02-L4,I,11,4,1,175
MC5006,B-10-02-L4,B,10,4,1,192
MC5007,G-11-02-L4,G,11,4,1,195
MC5009,B-11-03-L7,B,11,7,1,63
MC5010,F-05-01-L8,F,5,8,1,46
MC510002,G-08-03-L8,G,8,8,1,7
MC510010,J-03-03-L6,J,3,6,1,2
MC573,C-11-01-L7,C,11,7,1,4
MC630,U-01-01-L3,U,1,3,1,128
MC650059,B-03-02-L4,B,3,4,1,58
MC650068R18,B-11-01-L8,B,11,8,1,0
MC650069R18,B-11-02-L8,B,11,8,1,0
MC650070R18,F-05-02-L8,F,5,8,1,0
MC650071R18,J-10-01-L0,J,10,0,0,0
MC653,J-03-01-L7,J,3,7,1,22
MC770121,F-07-03-L0,F,7,0,0,0
MCSESU083FN0,A-02-02-L3,A,2,3,1,0
MESAN5820E-110VDC,J-02-02-L7,J,2,7,1,20
MESAN895-110VDCRED,D-03-02-L5,D,3,5,1,24
METSEION7400,E-11-01-L8,E,11,8,1,0
METSEION92040,J-14-01-L7,J,14,7,1,5
METSEION92140,E-11-02-L8,E,11,8,1,0
METSEPM5320,B-11-03-L8,B,11,8,1,2
METSEPM5561,E-11-03-L8,E,11,8,1,0
METSEPM5650,G-09-02-L3,G,9,3,1,0
METSEPM82401,C-11-02-L7,C,11,7,1,1
MFR34424,U-09-02-L4,U,9,4,1,25
MFR36733,I-10-03-L1,I,10,1,0,348
MFR38057S07,A-08-03-L4,A,8,4,1,25
MFR38068,E-11-03-L4,E,11,4,1,25
MFR38500,C-11-01-L8,C,11,8,1,6
MFR38539S07,A-11-01-L4,A,11,4,1,25
MFR38793,A-11-02-L4,A,11,4,1,24
MFR38799,C-11-02-L8,C,11,8,1,6
MFR39067,A-11-03-L4,A,11,4,1,25
MFR39398,H-05-03-L5,H,5,5,1,12
MFR39474,E-09-03-L5,E,9,5,1,24
MFR39937,D-10-01-L6,D,10,6,1,2
MFR40141,D-10-02-L6,D,10,6,1,2
MFR40738,J-14-02-L7,J,14,7,1,4
MFR42021,G-01-03-L5,G,1,5,1,0
MFR42412,F-01-01-L5,F,1,5,1,0
MFR42428,F-01-02-L5,F,1,5,1,0
MFR42515,J-10-02-L0,J,10,0,0,6
MFR49235,U-10-01-L4,U,10,4,1,25
MFR49290,J-10-01-L1,J,10,1,0,0
MFR49910,U-10-02-L4,U,10,4,1,25
MFR50501,C-12-01-L6,C,12,6,1,6
MFR53058,U-11-01-L4,U,11,4,1,0
MFR6869500,J-15-01-L0,J,15,0,0,0
MFR77945,D-10-03-L6,D,10,6,1,2
MFR77955,D-10-01-L7,D,10,7,1,2
MFR78459,H-05-01-L6,H,5,6,1,12
MFR79360,J-15-02-L0,J,15,0,0,4
MFR79458,J-04-02-L7,J,4,7,1,11
MFR92472,J-15-01-L1,J,15,1,0,10
MMC9,F-10-02-L0,F,10,0,0,0
MNE-ACTPC6ASFLS10W,J-15-02-L1,J,15,1,0,64
MNE-ACTPC6ASFLS5WE,J-10-02-L1,J,10,1,0,51
MV261400,J-15-01-L2,J,15,2,0,1
MV261401,J-15-02-L2,J,15,2,0,1
MVFDE36U40AL5,G-01-03-L2,G,1,2,0,117
MVFDE36U63AL5,J-10-01-L2,J,10,2,0,45
NAT17082,E-07-01-L4,E,7,4,1,0
NAT28082,H-06-01-L1,H,6,1,0,0
NAT28083,H-06-02-L1,H,6,1,0,0
NAT28085-001S07,J-10-02-L2,J,10,2,0,0
NAT28085-002S07,D-10-02-L7,D,10,7,1,0
NAT28085S07,H-06-03-L1,H,6,1,0,0
NHA10901,I-03-01-L5,I,3,5,1,7
NHA12446,J-10-01-L5,J,10,5,1,6
NHA12476,J-15-01-L5,J,15,5,1,3
NHA12854,D-10-03-L7,D,10,7,1,1
NHA13012,D-10-01-L8,D,10,8,1,1
NHA13072,J-15-02-L5,J,15,5,1,2
NHA14487,G-06-02-L0,G,6,0,0,1099
NHA14490,B-12-02-L0,B,12,0,0,0
NHA15014,B-12-01-L6,B,12,6,1,0
NHA16968,B-12-02-L6,B,12,6,1,7
NHA19683S07,I-03-02-L5,I,3,5,1,7
NHA20233R14,D-10-02-L8,D,10,8,1,1
NHA20422S07,J-15-01-L6,J,15,6,1,1
NHA22910,I-11-02-L2,I,11,2,0,7
NHA27269,J-10-01-L3,J,10,3,1,1968
NHA31278,E-02-01-L4,E,2,4,1,0
NHA40168,H-06-01-L2,H,6,2,0,4
NHA40857,J-15-02-L6,J,15,6,1,0
NHA41450,G-09-03-L1,G,9,1,0,0
NHA42283,A-02-01-L6,A,2,6,1,27
NHA48752,D-05-03-L1,D,5,1,0,243
NHA53589,F-08-01-L1,F,8,1,0,243
NHA54099,F-02-01-L2,F,2,2,0,0
NHA66417,E-02-02-L4,E,2,4,1,0
NHA72325,C-03-03-L4,C,3,4,1,77
NHA72589,G-11-03-L4,G,11,4,1,57
NHA74459,B-12-03-L6,B,12,6,1,66
NHA87539,E-06-01-L4,E,6,4,1,21
NHA87539-K,D-03-03-L5,D,3,5,1,42
NHA88868,A-09-03-L2,A,9,2,0,150
NHA88871,B-10-03-L4,B,10,4,1,75
NNZ23522,J-15-01-L7,J,15,7,1,28
NNZ23525,J-15-02-L7,J,15,7,1,28
NNZ63591,G-03-03-L4,G,3,4,1,0
NNZ73708,B-12-02-L5,B,12,5,1,86
NNZ74761,D-08-01-L5,D,8,5,1,0
NNZ76185,D-08-02-L5,D,8,5,1,0
NNZ76187,F-02-03-L8,F,2,8,1,0
NNZ76335,F-11-01-L5,F,11,5,1,0
NNZ77523,B-08-01-L5,B,8,5,1,32
NNZ78724,I-11-01-L5,I,11,5,1,2
NNZ79178,F-11-02-L5,F,11,5,1,0
NNZ80694,J-16-01-L4,J,16,4,1,0
NNZ80695,A-04-01-L3,A,4,3,1,0
NNZ80743,F-11-03-L5,F,11,5,1,0
NNZ80782,A-06-01-L5,A,6,5,1,0
NNZ81788,H-02-03-L7,H,2,7,1,0
NNZ81807,A-02-02-L6,A,2,6,1,0
NNZ82268,A-02-03-L6,A,2,6,1,0
NNZ82562,H-05-02-L6,H,5,6,1,0
NNZ83210,I-05-01-L4,I,5,4,1,0
NNZ84360,A-06-02-L5,A,6,5,1,0
NNZ84362,A-06-03-L5,A,6,5,1,0
NNZ84499,E-10-01-L5,E,10,5,1,0
NNZ85228,D-03-02-L4,D,3,4,1,36
NNZ87665,J-07-01-L0,J,7,0,0,0
NNZ87920,A-02-01-L7,A,2,7,1,0
NNZ88435,F-06-01-L5,F,6,5,1,0
NNZ88544,I-11-02-L5,I,11,5,1,2
NNZ88574,F-06-02-L5,F,6,5,1,0
NNZ88604,D-10-03-L8,D,10,8,1,1
NNZ88609,U-05-01-L0,U,5,0,0,1
NNZ89030S07,I-11-03-L5,I,11,5,1,0
NNZ89478,I-05-02-L4,I,5,4,1,0
NNZ93413,E-10-02-L5,E,10,5,1,0
NNZ93424,G-07-01-L5,G,7,5,1,0
NNZ94067,E-10-03-L5,E,10,5,1,0
NNZ96686,D-09-01-L5,D,9,5,1,0
NSYLAM3M,I-11-01-L6,I,11,6,1,2
NSYLAMLDS,C-12-02-L6,C,12,6,1,0
NVE11103,B-11-01-L4,B,11,4,1,48
NVE11105,J-02-03-L7,J,2,7,1,16
NVE11108,D-10-01-L4,D,10,4,1,32
NVE11138,H-01-01-L0,H,1,0,0,16
NVE12761,J-03-01-L3,J,3,3,1,0
NVE12773,G-01-03-L0,G,1,0,0,0
NVE13753,B-12-01-L7,B,12,7,1,64
NVE14992,A-02-02-L7,A,2,7,1,3
NVE18124,B-12-02-L7,B,12,7,1,39
NVE19342,B-11-02-L0,B,11,0,0,0
NVE20194,C-05-03-L0,C,5,0,0,0
NVE20210,F-03-03-L0,F,3,0,0,0
NVE23154,D-09-02-L5,D,9,5,1,20
NVE25093,I-11-02-L6,I,11,6,1,57
NVE25419,I-11-03-L6,I,11,6,1,99
NVE26684,A-02-03-L7,A,2,7,1,43
NVE26691,A-02-01-L8,A,2,8,1,43
NVE28501,A-02-02-L8,A,2,8,1,0
NVE42047,I-11-01-L7,I,11,7,1,0
NVE44360,B-12-03-L5,B,12,5,1,18
NVE44362,G-06-01-L5,G,6,5,1,19
NVE44363,D-09-03-L0,D,9,0,0,420
NVE46947,A-11-01-L2,A,11,2,0,76
NVE54755,C-12-01-L7,C,12,7,1,39
NVE54757,B-12-03-L7,B,12,7,1,66
NVE54761,J-06-01-L0,J,6,0,0,132
NVE58874,A-02-03-L8,A,2,8,1,29
NVE63136,I-11-02-L7,I,11,7,1,56
NVE63141,I-11-03-L7,I,11,7,1,2
NVE65935R12,H-01-02-L0,H,1,0,0,17
NVE65935R14,U-05-02-L0,U,5,0,0,11
NVE65935S07,A-09-02-L5,A,9,5,1,27
NVE66003,U-03-01-L4,U,3,4,1,0
NVE66007,C-12-02-L7,C,12,7,1,0
NVE66009,H-06-02-L2,H,6,2,0,0
NVE71463,I-03-03-L5,I,3,5,1,0
NVE72937,D-09-01-L2,D,9,2,0,0
NVE74895,D-01-03-L2,D,1,2,0,334
NVE83009R12,A-09-01-L3,A,9,3,1,70
NVE83009S07,A-05-02-L2,A,5,2,0,16
NVE83303,E-03-02-L2,E,3,2,0,0
NVE83318,I-11-03-L2,I,11,2,0,0
NVE83407,A-04-03-L2,A,4,2,0,0
NVE83472,G-09-01-L1,G,9,1,0,310
NVE83485,G-10-02-L2,G,10,2,0,101
NVE83501,E-04-01-L1,E,4,1,0,0
NVE83511,G-06-02-L5,G,6,5,1,0
NVE84039,E-03-03-L2,E,3,2,0,0
NVE84041,I-04-01-L2,I,4,2,0,0
NVE84042,F-04-01-L2,F,4,2,0,0
NVE84046-007R10,U-05-01-L1,U,5,1,0,0
NVE84046-012R10,U-05-02-L1,U,5,1,0,0
NVE84046-355R10,U-05-01-L2,U,5,2,0,0
NVE84046-366R10,U-05-02-L2,U,5,2,0,0
NVE84374,I-05-01-L1,I,5,1,0,380
NVE84918,B-12-01-L8,B,12,8,1,8
NVE84919,B-12-02-L8,B,12,8,1,0
NVE84920,B-12-03-L8,B,12,8,1,9
NVE84922,J-10-02-L5,J,10,5,1,0
NVE84925R10,G-06-01-L6,G,6,6,1,0
NVE88767,C-10-01-L2,C,10,2,0,212
NVE90311,D-12-01-L1,D,12,1,0,321
NVE90312,J-16-02-L4,J,16,4,1,56
NVE90313,D-03-03-L4,D,3,4,1,56
NVE93679,J-06-02-L0,J,6,0,0,96
NVE95219,A-10-01-L1,A,10,1,0,321
NVE95220,E-06-02-L4,E,6,4,1,52
NVE95221,D-01-02-L4,D,1,4,1,59
NX7230484,E-06-03-L4,E,6,4,1,9
OGH0212,U-05-01-L5,U,5,5,1,3
OGH0604,U-05-02-L5,U,5,5,1,5
OGH0606,U-05-01-L6,U,5,6,1,13
OGH0607,U-05-02-L6,U,5,6,1,10
OKK00018,A-08-01-L6,A,8,6,1,3
OKK00534,A-04-01-L6,A,4,6,1,6
OKK01243,A-04-02-L6,A,4,6,1,26
OKK01253,A-04-03-L6,A,4,6,1,26
OKK01254,A-04-01-L7,A,4,7,1,26
OKK01886,A-08-02-L6,A,8,6,1,13
OKK01888,A-08-03-L6,A,8,6,1,13
OKK02060,J-10-01-L6,J,10,6,1,114
OKK02154,A-04-02-L7,A,4,7,1,0
OKK02538,A-08-01-L7,A,8,7,1,10
OKK02559,A-08-02-L7,A,8,7,1,3
OKK03448,H-06-03-L2,H,6,2,0,0
OKK03507,J-06-03-L0,J,6,0,0,0
OKK03508,J-06-01-L1,J,6,1,0,0
OKK03509,G-06-02-L6,G,6,6,1,0
OKK03510,J-06-02-L1,J,6,1,0,0
OKK03511,G-06-03-L6,G,6,6,1,0
OKK03512,A-09-03-L5,A,9,5,1,0
OKK03513,G-06-01-L7,G,6,7,1,0
OKK03514,G-06-02-L7,G,6,7,1,0
OKK03515,G-06-03-L7,G,6,7,1,0
OKK03517,E-06-01-L6,E,6,6,1,0
OKK03518,A-08-03-L7,A,8,7,1,0
OKK03519,A-08-01-L8,A,8,8,1,0
OKK03556,A-04-03-L7,A,4,7,1,0
P3F30-CGGGGAAENABA,A-08-02-L8,A,8,8,1,0
P3G32CGG1AAA1NABBA,A-08-03-L8,A,8,8,1,0
P3L30-CGGGA-SAENA-,D-11-01-L6,D,11,6,1,0
P3L30CGGGASAENABAA,A-04-01-L8,A,4,8,1,0
P3T32CGG1AAA1NABAA,D-11-01-L7,D,11,7,1,0
P3U30-6BAA3BBAA,J-06-03-L1,J,6,1,0,0
P5L30CECEMEHHHBAFI,D-11-01-L8,D,11,8,1,0
P5L30EEDELDBAABAE,H-06-01-L5,H,6,5,1,0
P7M-SET0002,E-08-01-L6,E,8,6,1,2
P7M-SET0018,E-12-02-L6,E,12,6,1,1
P7M-SET4131,C-12-02-L8,C,12,8,1,2
P7M-SET4135,E-08-02-L6,E,8,6,1,2
P7M-SET4136,E-08-03-L6,E,8,6,1,2
P7M-SET4556,E-12-03-L6,E,12,6,1,1
P7M-SET4557,E-12-01-L7,E,12,7,1,1
P7M-SET5106,E-08-01-L7,E,8,7,1,2
P7M10029,G-11-02-L3,G,11,3,1,123
P7M12015,A-04-02-L8,A,4,8,1,2
P7M12017,A-04-03-L8,A,4,8,1,24
P7M13002,G-04-01-L5,G,4,5,1,25
P7M14005,G-06-01-L8,G,6,8,1,7
P7M16001SET,D-06-01-L3,D,6,3,1,36
P7M16079,E-06-02-L6,E,6,6,1,3
P7M17001,J-14-01-L3,J,14,3,1,84
P7M17002,I-07-01-L2,I,7,2,0,149
P7M17010,E-09-01-L1,E,9,1,0,299
P7M17026,E-10-02-L2,E,10,2,0,156
P7M17084,E-12-01-L6,E,12,6,1,27
P7M17101,F-01-03-L5,F,1,5,1,68
P7M17102,U-04-02-L3,U,4,3,1,52
P7M17103SET,C-12-01-L8,C,12,8,1,2
P7M17140,H-01-03-L0,H,1,0,0,15
P7M17143,J-10-02-L6,J,10,6,1,6
P7M18023,G-06-02-L8,G,6,8,1,66
P7M18034,J-06-01-L2,J,6,2,0,132
PAS600L,E-03-01-L1,E,3,1,0,6
PHA14081,H-01-01-L1,H,1,1,0,18
PHA14086,H-01-02-L1,H,1,1,0,18
PHA24106,I-11-03-L4,I,11,4,1,36
PHA25036,B-02-02-L3,B,2,3,1,8
PHA25392,I-11-03-L0,I,11,0,0,2
PHA25458,G-10-02-L0,G,10,0,0,2
PHA26967R10,E-04-01-L6,E,4,6,1,0
PHA37060,D-07-01-L0,D,7,0,0,348
PHA38174,G-10-01-L0,G,10,0,0,356
PHA39569,G-06-03-L8,G,6,8,1,0
PHA40102,U-11-02-L4,U,11,4,1,0
PHA77817,E-12-02-L7,E,12,7,1,4
PHA77820,E-12-03-L7,E,12,7,1,4
PHA81106,E-06-03-L6,E,6,6,1,58
PHA96752S07,H-01-03-L1,H,1,1,0,0
PHN-0308029,F-12-02-L0,F,12,0,0,0
PHN-2868606,E-12-01-L8,E,12,8,1,37
PHN-2904599,J-06-02-L2,J,6,2,0,2
PHN-2907719,H-06-02-L5,H,6,5,1,6
PHN-3024478,C-06-01-L3,C,6,3,1,0
PHN-3026272,G-05-03-L3,G,5,3,1,0
PHN-3044814,G-03-01-L0,G,3,0,0,0
PIXSET000046,B-07-01-L4,B,7,4,1,0
PIXSET000450,J-05-01-L0,J,5,0,0,0
PKR16399,D-09-03-L5,D,9,5,1,0
PKR28822,C-05-02-L0,C,5,0,0,10
PKR38566,F-12-01-L5,F,12,5,1,0
PKR40755S07,H-06-03-L5,H,6,5,1,7
PKR42621,H-06-01-L6,H,6,6,1,7
PKR42622,H-06-02-L6,H,6,6,1,7
PKR42624,H-06-03-L6,H,6,6,1,7
PKR42628,J-10-01-L7,J,10,7,1,6
PKR42633,J-10-02-L7,J,10,7,1,6
PKR42697,B-01-01-L6,B,1,6,1,6
PKR42698,J-05-02-L0,J,5,0,0,12
PKR42700,B-01-02-L6,B,1,6,1,6
PKR42704,B-01-03-L6,B,1,6,1,6
PKR42705,H-01-01-L2,H,1,2,0,14
PKR42706,E-12-02-L8,E,12,8,1,1
PKR42798,H-06-01-L7,H,6,7,1,7
PKR42978,E-06-01-L7,E,6,7,1,12
PKR42979,J-05-03-L0,J,5,0,0,12
PKR42980,B-01-01-L7,B,1,7,1,6
PKR45330S07,E-08-02-L7,E,8,7,1,0
PKR45632,D-05-01-L3,D,5,3,1,133
PKR56799,B-01-02-L7,B,1,7,1,42
PKR58155,E-06-02-L7,E,6,7,1,0
PKR58162,B-01-03-L7,B,1,7,1,0
PKR58163,E-06-03-L7,E,6,7,1,0
PKR59589,B-11-02-L4,B,11,4,1,199
PKR59590,B-11-03-L4,B,11,4,1,199
PKR59591,B-12-01-L4,B,12,4,1,199
PKR78310,E-08-03-L7,E,8,7,1,2
PKR91906,B-01-01-L8,B,1,8,1,22
PT570110,I-05-02-L2,I,5,2,0,8
PT78740,E-01-01-L2,E,1,2,0,8
QGH17901,I-01-03-L1,I,1,1,0,399
QGH20773,I-05-02-L1,I,5,1,0,368
QGH28830,H-10-01-L4,H,10,4,1,39
QGH30355,E-08-01-L8,E,8,8,1,2
QGH30391,J-06-03-L2,J,6,2,0,10
QGH32762,E-08-02-L8,E,8,8,1,28
QGH35858,B-01-02-L8,B,1,8,1,6
QGH36704,A-09-02-L3,A,9,3,1,57
QGH42623,E-12-03-L8,E,12,8,1,0
QGH42626,U-06-01-L0,U,6,0,0,0
QGH42900,U-06-02-L0,U,6,0,0,0
QGH43015,U-06-01-L1,U,6,1,0,0
QGH44733,C-07-03-L2,C,7,2,0,315
QGH46836R07,E-04-01-L7,E,4,7,1,0
QGH49263,B-01-03-L8,B,1,8,1,6
QGH49270,B-02-01-L6,B,2,6,1,6
QGH49432,C-01-01-L6,C,1,6,1,7
QGH54010,G-04-02-L5,G,4,5,1,100
QGH65581,E-08-03-L8,E,8,8,1,2
QGH66332-49,H-05-03-L6,H,5,6,1,0
QGH66332-70,C-01-02-L6,C,1,6,1,5
QGH66357,B-02-02-L6,B,2,6,1,6
QGH68575,D-07-01-L6,D,7,6,1,61
QGH68580,F-02-02-L2,F,2,2,0,451
QGH68582,D-07-02-L6,D,7,6,1,30
QGH71808,F-02-03-L2,F,2,2,0,0
QGH71867,G-03-01-L2,G,3,2,0,1
QGH72768,F-04-03-L3,F,4,3,1,0
QGH82656,J-03-02-L3,J,3,3,1,0
QGH83395,E-04-01-L8,E,4,8,1,6
QGH83730,D-07-03-L6,D,7,6,1,4
QGH83736,D-07-01-L7,D,7,7,1,4
QGH83945,D-07-02-L7,D,7,7,1,4
QGH90952,I-08-01-L5,I,8,5,1,5
REL15007,D-07-03-L7,D,7,7,1,0
REL15014,B-03-02-L1,B,3,1,0,0
REL15051,I-08-02-L5,I,8,5,1,0
REL52004,A-06-02-L2,A,6,2,0,12
REL52008,D-07-01-L8,D,7,8,1,2
REL52009,U-03-02-L4,U,3,4,1,0
REL52011,G-05-03-L4,G,5,4,1,0
REL52018,C-01-03-L6,C,1,6,1,0
REL52022,D-07-02-L8,D,7,8,1,0
REL52921,U-06-02-L1,U,6,1,0,0
REL59917,D-07-03-L8,D,7,8,1,0
RESISTOR130OHM,J-05-01-L1,J,5,1,0,0
RI02,F-03-02-L3,F,3,3,1,0
RK-926-315-BD,G-11-01-L6,G,11,6,1,1
RK-926-315-BL,G-11-02-L6,G,11,6,1,1
RM35JA32MW,D-11-01-L4,D,11,4,1,0
ROZET-EM-BROZET18,D-03-02-L3,D,3,3,1,0
RSB2A080ED,A-06-01-L2,A,6,2,0,68
RSP25-11003Z6TT-SC,H-06-02-L7,H,6,7,1,7
S1A11835SN,B-02-03-L6,B,2,6,1,6
S1A11836,E-03-03-L5,E,3,5,1,15
S1A13835,G-03-02-L3,G,3,3,1,0
S1A15653,D-06-02-L3,D,6,3,1,0
S1A17088,G-07-01-L3,G,7,3,1,1380
S1A18951,H-06-03-L7,H,6,7,1,5
S1A19358,I-10-01-L1,I,10,1,0,0
S1A19359,J-05-02-L1,J,5,1,0,18
S1A19361,E-09-01-L4,E,9,4,1,48
S1A20643,F-12-02-L5,F,12,5,1,10
S1A20811,B-11-03-L3,B,11,3,1,0
S1A22391,G-04-03-L5,G,4,5,1,7
S1A22486,B-02-01-L7,B,2,7,1,1
S1A22613,C-02-03-L3,C,2,3,1,0
S1A23008,I-06-02-L2,I,6,2,0,206
S1A23251,B-09-02-L2,B,9,2,0,289
S1A23397,C-01-01-L7,C,1,7,1,7
S1A24150,B-02-02-L7,B,2,7,1,16
S1A24152,H-05-01-L7,H,5,7,1,17
S1A24828,C-03-01-L3,C,3,3,1,0
S1A25599,B-02-03-L7,B,2,7,1,10
S1A25783,B-02-01-L8,B,2,8,1,15
S1A25814,J-05-03-L1,J,5,1,0,30
S1A25957,F-07-02-L2,F,7,2,0,0
S1A25967,I-10-01-L2,I,10,2,0,0
S1A27099,A-11-03-L1,A,11,1,0,50
S1A27817,J-14-02-L3,J,14,3,1,63
S1A28558,B-08-02-L5,B,8,5,1,0
S1A30039,C-01-02-L3,C,1,3,1,0
S1A34242,G-11-03-L3,G,11,3,1,76
S1A34846,B-07-01-L0,B,7,0,0,0
S1A34848,E-01-03-L0,E,1,0,0,0
S1A35572,B-09-03-L2,B,9,2,0,136
S1A37536,G-06-01-L3,G,6,3,1,0
S1A37586S,C-02-02-L0,C,2,0,0,0
S1A38031,J-06-01-L5,J,6,5,1,14
S1A38033,J-06-02-L5,J,6,5,1,14
S1A38465,B-04-03-L0,B,4,0,0,0
S1A38648,J-07-02-L0,J,7,0,0,9
S1A39140,C-01-02-L7,C,1,7,1,7
S1A40494,H-08-03-L3,H,8,3,1,0
S1A41028,D-05-02-L2,D,5,2,0,0
S1A41443,C-01-03-L7,C,1,7,1,7
S1A41573,G-06-02-L3,G,6,3,1,0
S1A41933,G-11-03-L6,G,11,6,1,20
S1A42806,H-01-01-L3,H,1,3,1,0
S1A42884,B-09-03-L3,B,9,3,1,0
S1A42885,G-06-03-L3,G,6,3,1,0
S1A45741,B-02-02-L8,B,2,8,1,15
S1A46595,C-01-01-L8,C,1,8,1,7
S1A47334,D-02-01-L5,D,2,5,1,7
S1A50471,C-01-02-L8,C,1,8,1,7
S1A50595,D-05-01-L0,D,5,0,0,77
S1A50818,E-06-01-L8,E,6,8,1,3
S1A50820,C-01-03-L8,C,1,8,1,7
S1A51232,D-03-01-L3,D,3,3,1,0
S1A52369,C-04-01-L4,C,4,4,1,44
S1A52413,F-10-01-L4,F,10,4,1,28
S1A63489,D-05-02-L3,D,5,3,1,169
S1A65648,C-02-01-L6,C,2,6,1,7
S1A65946,I-10-02-L2,I,10,2,0,0
S1A66370,C-02-02-L6,C,2,6,1,7
S1A67175,J-06-03-L5,J,6,5,1,14
S1A67176,J-06-01-L6,J,6,6,1,14
S1A67178,C-02-03-L6,C,2,6,1,7
S1A68105,J-06-02-L6,J,6,6,1,14
S1A68107,J-06-03-L6,J,6,6,1,14
S1A68123,J-06-01-L7,J,6,7,1,14
S1A68920,F-11-02-L1,F,11,1,0,73
S1A68921,F-05-01-L3,F,5,3,1,0
S1A68922,B-02-03-L8,B,2,8,1,9
S1A68923,C-04-03-L0,C,4,0,0,0
S1A68924,B-07-02-L4,B,7,4,1,52
S1A70177,F-09-01-L1,F,9,1,0,310
S1A70323,E-06-02-L8,E,6,8,1,0
S1A71076R10,G-11-01-L7,G,11,7,1,2
S1A73352,B-03-01-L6,B,3,6,1,6
S1A74397,G-07-02-L5,G,7,5,1,90
S1A74776,E-06-03-L8,E,6,8,1,5
S1A74778,H-10-01-L0,H,10,0,0,5
S1A76775,G-11-02-L7,G,11,7,1,2
S1A77781,B-07-03-L0,B,7,0,0,0
S1A79496,G-02-01-L5,G,2,5,1,140
S1A80474,G-10-01-L1,G,10,1,0,243
S1A80586,B-08-03-L5,B,8,5,1,28
S1A80600,B-08-02-L3,B,8,3,1,0
S1A81405-008R10,H-10-02-L0,H,10,0,0,0
S1A84011,J-03-03-L3,J,3,3,1,0
S1A84768,I-06-01-L3,I,6,3,1,0
S1A85882,I-06-02-L3,I,6,3,1,0
S1A88184,G-03-03-L3,G,3,3,1,0
S1A89043,I-03-02-L4,I,3,4,1,0
S1A89414,H-01-02-L2,H,1,2,0,24
S1A90548,B-07-02-L0,B,7,0,0,0
S1A90812,J-06-02-L7,J,6,7,1,14
S1A90814,J-06-03-L7,J,6,7,1,14
S1A91664,I-06-01-L1,I,6,1,0,460
S1A91668,E-07-02-L4,E,7,4,1,94
S1A91862,C-02-01-L7,C,2,7,1,7
S1A91943,C-02-02-L7,C,2,7,1,7
S1A91944,C-02-03-L7,C,2,7,1,7
S1A91945,C-02-01-L8,C,2,8,1,7
S1A92071,E-01-02-L3,E,1,3,1,0
S1A92263,B-10-01-L1,B,10,1,0,366
S1A93302,G-01-02-L0,G,1,0,0,0
S1A93757,U-06-01-L2,U,6,2,0,0
S1A96904,H-10-03-L0,H,10,0,0,5
S1B11977,C-02-02-L8,C,2,8,1,7
S1B12501,D-10-03-L2,D,10,2,0,113
S1B13759,B-10-01-L2,B,10,2,0,136
S1B18405,B-07-03-L2,B,7,2,0,139
S1B18646,D-06-01-L2,D,6,2,0,0
S1B23211,E-02-01-L3,E,2,3,1,0
S1B23238,U-06-02-L2,U,6,2,0,1
S1B23253,C-02-03-L8,C,2,8,1,1
S1B23255,C-03-01-L6,C,3,6,1,1
S1B25914,U-06-01-L5,U,6,5,1,0
S1B27049,G-07-02-L3,G,7,3,1,0
S1B27927,A-02-01-L5,A,2,5,1,15
S1B28347,F-08-02-L1,F,8,1,0,466
S1B28636,I-03-03-L4,I,3,4,1,40
S1B28639,J-07-03-L0,J,7,0,0,14
S1B28641,H-05-02-L7,H,5,7,1,14
S1B28642,H-05-03-L7,H,5,7,1,14
S1B28947,H-10-02-L4,H,10,4,1,2
S1B28950,B-12-01-L3,B,12,3,1,0
S1B29170,E-01-01-L3,E,1,3,1,0
S1B30019,C-09-01-L3,C,9,3,1,14
S1B32159,C-03-02-L6,C,3,6,1,26
S1B32736,U-06-02-L5,U,6,5,1,2
S1B33086,B-03-02-L6,B,3,6,1,0
S1B33086R10,C-03-03-L6,C,3,6,1,7
S1B34391,G-01-01-L2,G,1,2,0,218
S1B35575,H-01-03-L2,H,1,2,0,16
S1B42175,D-01-01-L3,D,1,3,1,50
S1B44814,B-03-03-L6,B,3,6,1,10
S1B45034,H-10-01-L1,H,10,1,0,5
S1B45130,H-10-03-L4,H,10,4,1,39
S1B45131,A-04-01-L4,A,4,4,1,36
S1B45714,H-10-02-L1,H,10,1,0,5
S1B46674,F-03-01-L6,F,3,6,1,0
S1B46834,C-06-02-L3,C,6,3,1,320
S1B52154,B-03-01-L7,B,3,7,1,10
S1B53255,I-10-03-L2,I,10,2,0,0
S1B54338,A-04-02-L4,A,4,4,1,42
S1B56277,G-11-03-L7,G,11,7,1,4
S1B59137,E-01-03-L3,E,1,3,1,0
S1B59157,U-06-01-L6,U,6,6,1,2
S1B60455,B-12-02-L3,B,12,3,1,722
S1B60456,C-09-01-L1,C,9,1,0,252
S1B63319-135S07,J-03-02-L7,J,3,7,1,0
S1B63319-157S07,J-07-01-L1,J,7,1,0,0
S1B63319-186S07,U-06-02-L6,U,6,6,1,0
S1B63319-228S07,D-02-02-L5,D,2,5,1,0
S1B63319-284S07,G-11-01-L8,G,11,8,1,0
S1B63319-289S07,A-09-01-L6,A,9,6,1,0
S1B63319-297S07,A-09-02-L6,A,9,6,1,0
S1B63319-334S07,F-03-02-L6,F,3,6,1,0
S1B63319-348S07,A-09-03-L6,A,9,6,1,0
S1B63319-399S07,H-10-03-L1,H,10,1,0,0
S1B63319-400S07,A-09-01-L7,A,9,7,1,0
S1B63319-415S07,I-08-01-L6,I,8,6,1,0
S1B63319-418S07,A-09-02-L7,A,9,7,1,0
S1B63319-486S07,E-02-01-L5,E,2,5,1,0
S1B63319-536S07,H-10-01-L2,H,10,2,0,0
S1B63319-635S07,J-07-02-L1,J,7,1,0,0
S1B63319-735S07,A-09-03-L7,A,9,7,1,0
S1B63319-736S07,A-09-01-L8,A,9,8,1,0
S1B63319-737S07,G-11-02-L8,G,11,8,1,0
S1B63319-739S07,J-07-03-L1,J,7,1,0,0
S1B63319-745S07,A-09-02-L8,A,9,8,1,0
S1B63319S07,B-03-03-L4,B,3,4,1,0
S1B63323-004S07,I-04-01-L5,I,4,5,1,0
S1B63323-1001S07,G-02-02-L5,G,2,5,1,0
S1B63323-1020S07,A-09-03-L8,A,9,8,1,0
S1B63323-1022S07,U-07-01-L0,U,7,0,0,0
S1B63323-1045S07,B-03-03-L1,B,3,1,0,0
S1B63323-1054S07,U-07-02-L0,U,7,0,0,0
S1B63323-1074S07,I-08-02-L6,I,8,6,1,0
S1B63323-1111S07,U-07-01-L1,U,7,1,0,0
S1B63323-1112S07,I-08-01-L7,I,8,7,1,0
S1B63323-1131S07,G-11-03-L8,G,11,8,1,0
S1B63323-1135S07,U-07-02-L1,U,7,1,0,0
S1B63323-1171S07,U-07-01-L2,U,7,2,0,0
S1B63323-1208S07,F-12-03-L5,F,12,5,1,0
S1B63323-1237S07,U-07-02-L2,U,7,2,0,0
S1B63323-1278S07,U-07-01-L5,U,7,5,1,0
S1B63323-1324S07,U-07-02-L5,U,7,5,1,0
S1B63323-1325S07,F-10-01-L6,F,10,6,1,0
S1B63323-1400S07,C-03-01-L7,C,3,7,1,0
S1B63323-1466S07,U-07-01-L6,U,7,6,1,0
S1B63323-1510S07,F-10-02-L6,F,10,6,1,0
S1B63323-1511S07,F-10-03-L6,F,10,6,1,0
S1B63323-1512S07,F-10-01-L7,F,10,7,1,0
S1B63323-1513S07,U-07-02-L6,U,7,6,1,0
S1B63323-1515S07,H-01-01-L5,H,1,5,1,0
S1B63323-1516S07,F-10-02-L7,F,10,7,1,0
S1B63323-1517S07,D-12-01-L6,D,12,6,1,0
S1B63323-1518S07,F-10-03-L7,F,10,7,1,0
S1B63323-1519S07,D-12-01-L7,D,12,7,1,0
S1B63323-399S07,I-08-02-L7,I,8,7,1,0
S1B63323-464S07,E-11-01-L3,E,11,3,1,0
S1B63323-477S07,B-07-03-L4,B,7,4,1,0
S1B63323-647S07,D-12-01-L8,D,12,8,1,0
S1B63323-862S07,J-07-01-L2,J,7,2,0,0
S1B63323-911S07,I-04-01-L6,I,4,6,1,0
S1B63323-912S07,B-03-02-L7,B,3,7,1,0
S1B63323-913S07,H-10-02-L2,H,10,2,0,0
S1B63323S07,A-12-01-L4,A,12,4,1,0
S1B66039,H-10-03-L2,H,10,2,0,6
S1B72008,F-09-02-L1,F,9,1,0,0
S1B72022,F-09-01-L2,F,9,2,0,0
S1B81606,B-08-01-L0,B,8,0,0,0
S1B88264,F-09-02-L2,F,9,2,0,0
S1B90388,J-07-02-L2,J,7,2,0,30
S1B98321,C-03-02-L7,C,3,7,1,7
S202-C32,B-12-02-L4,B,12,4,1,0
S202-C6,D-02-02-L1,D,2,1,0,0
S2500925P01-ETK-1,U-08-02-L0,U,8,0,0,0
S2500925P02-ETK-2,U-08-03-L0,U,8,0,0,0
S2500925P03-ETK-3,U-08-02-L1,U,8,1,0,0
S2500925P04-ETK-4,U-08-03-L1,U,8,1,0,0
S2502618PLT-1,U-08-02-L2,U,8,2,0,1
S2505015ETIKET_1,U-08-03-L2,U,8,2,0,0
S2506318PLT-5,U-08-02-L5,U,8,5,1,1
S2C-H6R,C-08-01-L0,C,8,0,0,0
S6-CT-CMC12MX,H-10-01-L5,H,10,5,1,3
S6-CT-CMC1LX,H-08-01-L0,H,8,0,0,5
S6-CT-CMC1MX,F-03-03-L6,F,3,6,1,9
S6-CT-CMC2LX,U-08-03-L5,U,8,5,1,1
S6-CT-CMC2MX,J-03-03-L7,J,3,7,1,13
S6-CT-CMC3MX,J-05-01-L2,J,5,2,0,12
S6-CT-CMC4MX,D-12-01-L5,D,12,5,1,15
S6-CT-DMAED1C,E-03-01-L4,E,3,4,1,48
S6-CT-DMAED1X,F-10-01-L8,F,10,8,1,2
S6-CT-DMHTD1X,H-08-02-L0,H,8,0,0,10
S6-CT-DMHTD3C,A-12-02-L4,A,12,4,1,24
S6-CT-DMHTD3X,F-01-01-L2,F,1,2,0,144
S6-CT-DMHTS1C,A-12-03-L4,A,12,4,1,24
S6-CT-DMHTS1X,D-02-03-L5,D,2,5,1,19
S6-CT-DMHTS3X,J-03-01-L4,J,3,4,1,86
S6-CT-DMTTD3X,A-06-02-L3,A,6,3,1,60
S6-CT-DMTTS1X,A-04-03-L4,A,4,4,1,40
S6-CT-DMTTS3X,A-09-03-L3,A,9,3,1,67
S6-CT-PHA67826,H-10-02-L5,H,10,5,1,3
S6-CT-PHA67832,J-04-02-L4,J,4,4,1,45
S6-KK-O-CT-DM,G-02-03-L5,G,2,5,1,960
S6-KK-O-CT-GB,F-10-02-L8,F,10,8,1,94
S6-KK-O-VT-DM,C-03-03-L7,C,3,7,1,250
S6-KK-O-VT-DMC,H-10-03-L5,H,10,5,1,52
S6-TM-O-F,H-08-03-L0,H,8,0,0,474
S6-TM-O-RJ45,F-03-01-L7,F,3,7,1,486
S6-VT-CM1X,I-03-01-L6,I,3,6,1,11
S6-VT-CM2X,J-07-03-L2,J,7,2,0,9
S6-VT-CMC12MX,H-10-01-L6,H,10,6,1,3
S6-VT-CMC1LX,H-08-01-L1,H,8,1,0,5
S6-VT-CMC1MX,F-03-02-L7,F,3,7,1,9
S6-VT-CMC2LX,U-08-02-L6,U,8,6,1,1
S6-VT-CMC2MX,J-01-01-L0,J,1,0,0,13
S6-VT-CMC3MX,J-05-02-L2,J,5,2,0,12
S6-VT-CMC4MX,A-10-01-L5,A,10,5,1,15
S6-VT-CMXAUX2,F-10-03-L8,F,10,8,1,2
S6-VT-DMAED1C,E-03-02-L4,E,3,4,1,48
S6-VT-PHA67814,U-12-01-L4,U,12,4,1,24
SARF-REU-0064,J-05-03-L2,J,5,2,0,0
SARF-REU-0106,H-10-02-L6,H,10,6,1,0
SARF-REU-0136,J-18-01-L0,J,18,0,0,0
SARF-REU-0138,U-08-03-L6,U,8,6,1,0
SARF-REU-0146,A-10-02-L5,A,10,5,1,0
SARF-REU-0148,H-10-03-L6,H,10,6,1,0
SARF-REU-0164,A-10-01-L6,A,10,6,1,0
SARF-REU-0241,J-18-02-L0,J,18,0,0,0
SARF-REU-0248,J-18-01-L1,J,18,1,0,0
SARF-REU-0273,H-10-01-L7,H,10,7,1,0
SE25-01325,H-10-02-L7,H,10,7,1,0
SE25-01354,H-10-03-L7,H,10,7,1,3
SE25-02188,B-03-03-L7,B,3,7,1,0
SE25-02220,C-03-01-L8,C,3,8,1,0
SE25-02532,D-05-01-L6,D,5,6,1,0
SE25-02595,B-03-01-L8,B,3,8,1,6
SE25-C1415,D-05-02-L6,D,5,6,1,0
SEM101093-01,A-03-01-L4,A,3,4,1,0
SET00003,C-05-03-L3,C,5,3,1,0
SET00005,F-07-02-L0,F,7,0,0,0
SET00007,G-01-01-L4,G,1,4,1,0
SETSM600013,D-05-03-L3,D,5,3,1,0
SETSM600015S07,H-08-02-L1,H,8,1,0,0
SETSM600016S07,B-03-02-L8,B,3,8,1,0
SETSM600020S07,A-10-02-L6,A,10,6,1,1
SETSM600039S07,A-10-03-L6,A,10,6,1,1
SETSM600046,D-05-03-L6,D,5,6,1,3
SETSM600060,H-08-03-L1,H,8,1,0,10
SETSM600061,F-03-03-L7,F,3,7,1,20
SETSM600063,H-08-01-L2,H,8,2,0,10
SETSM600064,F-03-01-L8,F,3,8,1,20
SETSM600067,H-08-02-L2,H,8,2,0,10
SETSM600086,A-10-01-L7,A,10,7,1,1
SETSM600087,J-18-02-L1,J,18,1,0,2
SETSM600088,A-10-02-L7,A,10,7,1,1
SETSM600142S07,E-12-01-L3,E,12,3,1,0
SETSM600261,A-10-03-L7,A,10,7,1,1
SETSM600262,A-10-01-L8,A,10,8,1,1
SETSM600263,A-10-02-L8,A,10,8,1,1
SETSM600351S07,H-08-03-L2,H,8,2,0,0
SETSM600423,H-01-02-L5,H,1,5,1,0
SETSM600424,F-03-02-L8,F,3,8,1,0
SETSM600425,D-10-02-L4,D,10,4,1,0
SETSM600429,J-18-01-L2,J,18,2,0,2
SETSM600466,J-18-02-L2,J,18,2,0,2
SETSM600472,A-10-03-L8,A,10,8,1,1
SETSM600473,U-09-01-L0,U,9,0,0,1
SETSM600475,J-18-01-L5,J,18,5,1,2
SETSM600479,U-09-02-L0,U,9,0,0,1
SETSM600480,J-18-02-L5,J,18,5,1,2
SETSM600491,U-09-01-L1,U,9,1,0,1
SETSM600492,U-09-02-L1,U,9,1,0,1
SF-FB12,G-07-03-L4,G,7,4,1,0
SF-FB13,J-08-01-L3,J,8,3,1,0
SF-FB15,C-09-03-L1,C,9,1,0,0
SF-FB16,G-01-02-L4,G,1,4,1,0
SF-FB21,I-10-02-L1,I,10,1,0,0
SF-FB26,J-07-01-L5,J,7,5,1,0
SF-FB48,A-03-01-L0,A,3,0,0,0
SFCBFR014,I-01-02-L3,I,1,3,1,0
SIBA30-109-13/125A,U-13-01-L4,U,13,4,1,0
SIBA_30-109-13/100,U-12-02-L4,U,12,4,1,0
SMTAMB001,B-10-02-L2,B,10,2,0,0
SMTAMB022,B-06-02-L3,B,6,3,1,0
SPARE_STARKLT,U-09-01-L2,U,9,2,0,0
SPK51000107E,B-04-01-L4,B,4,4,1,0
ST269-401-401,F-06-01-L4,F,6,4,1,0
ST434-010-004,B-03-03-L8,B,3,8,1,0
ST434-010-024,D-01-01-L6,D,1,6,1,19
ST436-101-030,B-04-01-L6,B,4,6,1,0
TME43529,A-02-02-L0,A,2,0,0,362
TRF003224,B-04-02-L6,B,4,6,1,0
TRF004938,U-09-02-L2,U,9,2,0,1
TRF006364,D-05-01-L7,D,5,7,1,3
TRFESITAS001,A-03-03-L0,A,3,0,0,567
TRFESITAS004,A-10-03-L5,A,10,5,1,15
TRFESITAS005,J-07-02-L5,J,7,5,1,9
TRFESITAS006,J-07-03-L5,J,7,5,1,9
TRFESITAS007,E-08-01-L4,E,8,4,1,60
TRFESITAS008,J-07-01-L6,J,7,6,1,9
TRFESITAS010,F-06-02-L4,F,6,4,1,66
TRFESITAS011,A-11-03-L2,A,11,2,0,99
TRFESITAS014,E-11-01-L1,E,11,1,0,159
TRFESITAS015,D-09-02-L2,D,9,2,0,81
TRFESITAS016,A-11-01-L5,A,11,5,1,15
TRFESITAS017,E-01-01-L4,E,1,4,1,48
TUR10002,U-09-01-L5,U,9,5,1,8
TUR10003,U-09-02-L5,U,9,5,1,8
TUR10004,U-09-01-L6,U,9,6,1,9
VAMP4RSE,J-18-01-L6,J,18,6,1,0
VDISFD006VO,F-03-03-L8,F,3,8,1,0
VIKO043E43E36G,D-05-02-L7,D,5,7,1,3
VJKO023E26E000,D-06-03-L3,D,6,3,1,72
VJKP023G16G000,J-11-01-L4,J,11,4,1,36
VJKR023E23E000M,D-05-03-L7,D,5,7,1,12
VJKR023H000000M,D-05-01-L8,D,5,8,1,3
VOLTMETRE316,J-18-02-L6,J,18,6,1,2
VPI62401,H-08-01-L5,H,8,5,1,4
VPI62415,B-04-03-L6,B,4,6,1,12
VW3A8306R03,H-08-02-L5,H,8,5,1,2
XB4BA42,U-09-02-L6,U,9,6,1,0
XB5AVG3,J-01-02-L0,J,1,0,0,0
ZB4BZ62,A-04-02-L0,A,4,0,0,0
ZB5AD2,G-09-03-L3,G,9,3,1,67
ZB5AG7D,U-01-02-L3,U,1,3,1,0
